sale_price,link,sqm,rooms,tama_potential_pct,ratio,city,neighborhood,street,lat,lon,date_last_seen_active,date_advertised,views,broker,rent_monthly_used,rent_link,rent_distance_m,n_rent_matches
568000,https://www.yad2.co.il/realestate/item/tel-aviv-area/ueyptifu,77,3.0,0,75.0,תל אביב יפו,,,32.0852997,34.7818064,2026-09-10T17:39:25+00:00,2026-09-10 14:05:48,,,3550000,https://www.yad2.co.il/realestate/item/tel-aviv-area/0ncnu9yg,0,27
18000,https://www.yad2.co.il/realestate/item/tel-aviv-area/lp4a9krb,230,5.0,0,73.333333,תל אביב יפו,"הגוש הגדול, רמת אביב החדשה, נופי ים",,32.0852997,34.7818064,2026-09-10T17:39:25+00:00,2026-01-28 16:24:24,,,110000,https://www.yad2.co.il/realestate/item/tel-aviv-area/ep9k14dg,0,6
10000,https://www.yad2.co.il/realestate/item/tel-aviv-area/jdgw96du,150,5.0,0,38.4,תל אביב יפו,"גני שרונה, קרית הממשלה",קרליבך,32.068789,34.7830881,2026-09-10T17:39:02+00:00,2025-10-30 15:59:22,,,32000,https://www.yad2.co.il/realestate/item/tel-aviv-area/iq08tfpo,487,33
1670000,https://www.yad2.co.il/realestate/item/tel-aviv-area/m01c0u3p,53,2.5,55,26.227545,תל אביב יפו,,,32.0852997,34.7818064,2026-09-10T17:40:33+00:00,2026-04-24 15:14:28,,,3650000,https://www.yad2.co.il/realestate/item/tel-aviv-area/wxhvuuq6,0,14
1790000,https://www.yad2.co.il/realestate/item/tel-aviv-area/c59u6sj4,65,3.0,70,24.469274,תל אביב יפו,"נווה גולן, יפו ג'",,32.0852997,34.7818064,2026-09-10T17:40:56+00:00,2026-08-17 13:41:29,,,3650000,https://www.yad2.co.il/realestate/item/tel-aviv-area/wxhvuuq6,0,18
1790000,https://www.yad2.co.il/realestate/item/tel-aviv-area/kucnfh1w,60,3.0,55,24.469274,תל אביב יפו,"נווה גולן, יפו ג'",,32.0852997,34.7818064,2026-09-10T17:40:56+00:00,2026-08-14 12:19:59,,,3650000,https://www.yad2.co.il/realestate/item/tel-aviv-area/wxhvuuq6,0,17
1850000,https://www.yad2.co.il/realestate/item/tel-aviv-area/amf2n2q9,60,3.0,55,23.675676,תל אביב יפו,,,32.0852997,34.7818064,2026-09-10T17:41:18+00:00,2026-07-03 10:27:59,,,3650000,https://www.yad2.co.il/realestate/item/tel-aviv-area/wxhvuuq6,0,17
1890000,https://www.yad2.co.il/realestate/item/tel-aviv-area/xyl2owqv,55,3.0,100,23.174603,תל אביב יפו,,,32.0852997,34.7818064,2026-09-10T17:41:41+00:00,2026-05-12 16:45:35,,,3650000,https://www.yad2.co.il/realestate/item/tel-aviv-area/wxhvuuq6,0,12
1940000,https://www.yad2.co.il/realestate/item/tel-aviv-area/4ra7to9b,65,3.0,55,22.57732,תל אביב יפו,,,32.0852997,34.7818064,2026-09-10T17:42:04+00:00,2026-08-03 12:35:30,,,3650000,https://www.yad2.co.il/realestate/item/tel-aviv-area/wxhvuuq6,0,18
1950000,https://www.yad2.co.il/realestate/item/tel-aviv-area/83wll01l,65,3.0,55,22.461538,תל אביב יפו,,,32.0852997,34.7818064,2026-09-10T17:42:04+00:00,2026-08-19 13:37:51,132,,3650000,https://www.yad2.co.il/realestate/item/tel-aviv-area/wxhvuuq6,0,18
2090000,https://www.yad2.co.il/realestate/item/tel-aviv-area/9hacnkkr,60,3.5,100,20.956938,תל אביב יפו,,,32.0852997,34.7818064,2026-09-10T17:43:14+00:00,2026-07-08 19:00:54,,,3650000,https://www.yad2.co.il/realestate/item/tel-aviv-area/wxhvuuq6,0,16
2100000,https://www.yad2.co.il/realestate/item/tel-aviv-area/29eeiysg,54,3.0,25,20.857143,תל אביב יפו,,,32.0852997,34.7818064,2026-09-10T17:43:14+00:00,2026-08-13 14:23:17,,,3650000,https://www.yad2.co.il/realestate/item/tel-aviv-area/wxhvuuq6,0,7
2100000,https://www.yad2.co.il/realestate/item/tel-aviv-area/2l9s6u9g,68,3.0,40,20.857143,תל אביב יפו,,"זלמן שז""ר",32.0852997,34.7818064,2026-09-10T17:43:14+00:00,2023-12-01 12:01:47,,,3650000,https://www.yad2.co.il/realestate/item/tel-aviv-area/wxhvuuq6,0,19
10000,https://www.yad2.co.il/realestate/item/tel-aviv-area/soorw5e1,103,4.0,40,19.8,תל אביב יפו,הצפון הישן - החלק הצפוני,שמעון התרסי 45,32.0949044,34.7829443,2026-09-10T17:39:02+00:00,2026-09-07 12:15:19,17,,16500,https://www.yad2.co.il/realestate/item/tel-aviv-area/s1iguwn9,104,5
2250000,https://www.yad2.co.il/realestate/item/tel-aviv-area/0cbzr3iq,72,3.5,25,19.466667,תל אביב יפו,,,32.0852997,34.7818064,2026-09-10T17:44:21+00:00,2025-04-07 11:42:11,,,3650000,https://www.yad2.co.il/realestate/item/tel-aviv-area/wxhvuuq6,0,19
2340000,https://www.yad2.co.il/realestate/item/tel-aviv-area/dqf84l2i,74,3.0,0,18.205128,תל אביב יפו,"עזרא, הארגזים",פרופסור ישעיהו ליבוביץ 20,32.0852997,34.7818064,2026-09-10T17:45:05+00:00,2026-05-07 10:48:54,,,3550000,https://www.yad2.co.il/realestate/item/tel-aviv-area/0ncnu9yg,0,24
2340000,https://www.yad2.co.il/realestate/item/tel-aviv-area/eebr9i90,74,3.0,0,18.205128,תל אביב יפו,,פרופסור ישעיהו ליבוביץ 20,32.0852997,34.7818064,2026-09-10T17:45:05+00:00,2026-08-06 12:30:18,113,,3550000,https://www.yad2.co.il/realestate/item/tel-aviv-area/0ncnu9yg,0,24
10800,https://www.yad2.co.il/realestate/item/tel-aviv-area/hjen8s55,80,3.0,0,16.666667,תל אביב יפו,הצפון הישן - החלק הדרומי,בן יהודה 52,32.0830303,34.7714399,2026-09-10T17:39:02+00:00,2026-08-12 13:10:17,224,,15000,https://www.yad2.co.il/realestate/item/tel-aviv-area/i18x0e0e,599,15
10000,https://www.yad2.co.il/realestate/item/tel-aviv-area/06i9alap,105,4.0,0,15.96,תל אביב יפו,"גני שרונה, קרית הממשלה",החשמונאים 96,32.0712354,34.7761642,2026-09-10T17:39:02+00:00,2023-09-29 16:50:12,,,13300,https://www.yad2.co.il/realestate/item/tel-aviv-area/rexy21s6,505,2
15000,https://www.yad2.co.il/realestate/item/tel-aviv-area/ht98du1t,120,4.5,0,13.6,תל אביב יפו,רמת אביב ג',,32.1267263,34.8004491,2026-09-10T17:39:25+00:00,2025-09-20 22:20:56,,,17000,https://www.yad2.co.il/realestate/item/tel-aviv-area/x3hlv1x2,0,4
19500,https://www.yad2.co.il/realestate/item/tel-aviv-area/xrj7ho1o,80,3.0,0,12.923077,תל אביב יפו,"לב תל אביב, לב העיר צפון",טרומפלדור 4,32.075369,34.766183,2026-09-10T17:39:25+00:00,2026-08-16 17:25:53,109,,21000,https://www.yad2.co.il/realestate/item/tel-aviv-area/d0j8cokj,571,12
48000,https://www.yad2.co.il/realestate/item/tel-aviv-area/ddva7apn,400,5.5,0,11.24975,תל אביב יפו,"צמרות איילון, פארק צמרת",ניסים אלוני 16,32.0879793,34.7968637,2026-09-10T17:39:25+00:00,2026-02-12 17:33:59,,,44999,https://www.yad2.co.il/realestate/item/tel-aviv-area/p2rzsouo,0,1
10000,https://www.yad2.co.il/realestate/item/center-and-sharon/efto9e2b,100,5.0,25,9.84,בני ברק,הר שלום,רבי יהושע,32.0840788,34.8286518,2026-09-10T13:54:51+00:00,2025-03-17 09:11:54,,,8200,https://www.yad2.co.il/realestate/item/center-and-sharon/fivq0j04,525,1
11000,https://www.yad2.co.il/realestate/item/tel-aviv-area/948plvvq,170,4.0,25,8.181818,תל אביב יפו,"צהלון, שיכוני חסכון","ד""ר ארליך 15",32.0455283,34.7579395,2026-09-10T17:39:02+00:00,2026-09-10 13:00:30,,,7500,https://www.yad2.co.il/realestate/item/tel-aviv-area/lfj3l4n5,396,1
10000,https://www.yad2.co.il/realestate/item/tel-aviv-area/empz9a56,87,4.5,70,7.2,תל אביב יפו,"התקוה, בית יעקב, נווה צה""ל",בן חיל 1,32.0524776,34.7903462,2026-09-10T17:39:02+00:00,2026-06-02 14:57:14,,,6000,https://www.yad2.co.il/realestate/item/tel-aviv-area/v3ig77cz,273,1
10000,https://www.yad2.co.il/realestate/item/center-and-sharon/t5flwqzj,90,4.0,70,7.2,בני ברק,פרדס כץ,השניים,32.0952765,34.8394409,2026-09-10T13:54:51+00:00,2026-06-03 22:17:14,,,6000,https://www.yad2.co.il/realestate/item/center-and-sharon/t1flt1s4,346,1
59000,https://www.yad2.co.il/realestate/item/tel-aviv-area/6220fwfc,162,5.0,0,5.491525,תל אביב יפו,הצפון החדש - כיכר המדינה,,32.0852997,34.7818064,2026-09-10T17:39:25+00:00,2026-08-23 08:01:24,,,27000,https://www.yad2.co.il/realestate/item/tel-aviv-area/355kfxzv,0,26
59000,https://www.yad2.co.il/realestate/item/tel-aviv-area/84of8ze6,162,5.0,0,5.288136,תל אביב יפו,הצפון החדש - כיכר המדינה,הלסינקי,32.0845842,34.7921847,2026-09-10T17:39:25+00:00,2026-08-24 08:01:15,,,26000,https://www.yad2.co.il/realestate/item/tel-aviv-area/88vgw46n,580,11
59000,https://www.yad2.co.il/realestate/item/tel-aviv-area/9lyyf4ze,162,5.0,0,4.779661,תל אביב יפו,הצפון החדש - כיכר המדינה,זכרון יעקב,32.0843982,34.7897227,2026-09-10T17:39:25+00:00,2026-08-24 08:06:28,,,23500,https://www.yad2.co.il/realestate/item/tel-aviv-area/amw2w3tk,233,6
50000,https://www.yad2.co.il/realestate/item/tel-aviv-area/3hwbv02u,198,4.0,25,4.32,תל אביב יפו,,,32.0852997,34.7818064,2026-09-10T17:39:25+00:00,2026-03-26 12:41:05,,,18000,https://www.yad2.co.il/realestate/item/tel-aviv-area/zxi7vje7,0,1
85000,https://www.yad2.co.il/realestate/item/tel-aviv-area/f9nv1ffo,270,6.0,0,4.164706,תל אביב יפו,כוכב הצפון,מאיר יערי,32.0997934,34.7868152,2026-09-10T17:39:25+00:00,2026-05-26 15:02:44,,,29500,https://www.yad2.co.il/realestate/item/tel-aviv-area/ck59gqaj,402,2
85000,https://www.yad2.co.il/realestate/item/tel-aviv-area/g5ijrkl7,270,6.0,0,4.164706,תל אביב יפו,כוכב הצפון,בילויה מעוז,32.1005374,34.7880455,2026-09-10T17:39:25+00:00,2026-05-26 15:35:41,,,29500,https://www.yad2.co.il/realestate/item/tel-aviv-area/ck59gqaj,282,2
85000,https://www.yad2.co.il/realestate/item/tel-aviv-area/v6yy8l21,270,6.0,0,4.164706,תל אביב יפו,כוכב הצפון,שדרות לוי אשכול,32.107395,34.7886265,2026-09-10T17:39:25+00:00,2026-05-26 15:00:07,,,29500,https://www.yad2.co.il/realestate/item/tel-aviv-area/ck59gqaj,491,2
46000,https://www.yad2.co.il/realestate/item/tel-aviv-area/1rb75u0n,88,3.0,15,3.521739,תל אביב יפו,איזור שדה דב,,32.0852997,34.7818064,2026-09-10T17:39:25+00:00,2026-01-07 16:08:03,,,13500,https://www.yad2.co.il/realestate/item/tel-aviv-area/hh79dmgu,0,14
67768,https://www.yad2.co.il/realestate/item/tel-aviv-area/pf1dxuyl,65,2.0,0,2.921733,תל אביב יפו,הצפון החדש - כיכר המדינה,ז'בוטינסקי,32.089546,34.7739261,2026-09-10T17:39:25+00:00,2024-12-30 17:39:11,,,16500,https://www.yad2.co.il/realestate/item/tel-aviv-area/t10gefrd,505,4
445000,https://www.yad2.co.il/realestate/item/tel-aviv-area/xyk8qdj5,133,5.0,0,0.337079,תל אביב יפו,נווה שרת,הצנחנים,32.1167208,34.8403932,2026-09-10T17:39:25+00:00,2026-08-18 22:43:42,165,,12500,https://www.yad2.co.il/realestate/item/tel-aviv-area/0v1xoljh,190,3
600000,https://www.yad2.co.il/realestate/item/tel-aviv-area/b9mfa83u,17,1.5,40,0.15,תל אביב יפו,פלורנטין,הקישון,32.058395,34.7699369,2026-09-10T17:39:25+00:00,2026-08-16 17:26:23,248,,7500,https://www.yad2.co.il/realestate/item/tel-aviv-area/1fr8v5dl,537,1
1550000,https://www.yad2.co.il/realestate/item/tel-aviv-area/f2jcxo6x,70,2.5,40,0.126194,תל אביב יפו,"לב תל אביב, לב העיר צפון",טשרניחובסקי 9,32.0729168,34.7716323,2026-09-10T17:40:12+00:00,2025-03-01 23:52:42,,,16300,https://www.yad2.co.il/realestate/item/tel-aviv-area/jan2bzrq,531,16
2390000,https://www.yad2.co.il/realestate/item/tel-aviv-area/5hb8mz9q,96,4.0,15,0.125523,תל אביב יפו,"נווה ברבור, כפר שלם מערב",הרב אלנקווה 58,32.0852997,34.7818064,2026-09-10T17:45:29+00:00,2026-06-07 10:21:56,,,25000,https://www.yad2.co.il/realestate/item/tel-aviv-area/2kv1fnp6,0,15
2390000,https://www.yad2.co.il/realestate/item/tel-aviv-area/d0gg6amg,96,4.0,15,0.125523,תל אביב יפו,"נווה ברבור, כפר שלם מערב",הרב אלנקווה 58,32.0852997,34.7818064,2026-09-10T17:45:50+00:00,2026-06-07 17:55:18,,,25000,https://www.yad2.co.il/realestate/item/tel-aviv-area/2kv1fnp6,0,15
2390000,https://www.yad2.co.il/realestate/item/tel-aviv-area/gu6xja7x,107,4.0,15,0.125523,תל אביב יפו,"נווה ברבור, כפר שלם מערב",דרך משה דיין 42,32.0852997,34.7818064,2026-09-10T17:45:50+00:00,2026-07-19 11:31:56,,,25000,https://www.yad2.co.il/realestate/item/tel-aviv-area/2kv1fnp6,0,16
2390000,https://www.yad2.co.il/realestate/item/tel-aviv-area/tc7sz9zm,140,4.0,10,0.125523,תל אביב יפו,,,32.0852997,34.7818064,2026-09-10T17:45:50+00:00,2026-04-09 09:53:24,,,25000,https://www.yad2.co.il/realestate/item/tel-aviv-area/ml81im6t,0,2
1990000,https://www.yad2.co.il/realestate/item/tel-aviv-area/hx25iwvg,95,4.0,0,0.117588,תל אביב יפו,נווה אליעזר וכפר שלם מזרח,אלוף דן לנר 4,32.0852997,34.7818064,2026-09-10T17:42:27+00:00,2025-07-28 16:08:49,,,19500,https://www.yad2.co.il/realestate/item/tel-aviv-area/zb3aw9vx,263,36
1100000,https://www.yad2.co.il/realestate/item/tel-aviv-area/wpy8picn,70,2.5,25,0.114545,תל אביב יפו,נווה שאנן,מטלון,32.0584383,34.7743333,2026-09-10T17:39:48+00:00,2026-01-14 18:14:13,,,10500,https://www.yad2.co.il/realestate/item/tel-aviv-area/xjuq81cj,125,30
790000,https://www.yad2.co.il/realestate/item/tel-aviv-area/2z9qoxij,68,3.0,0,0.106329,תל אביב יפו,נווה שאנן,,32.058348,34.7797947,2026-09-10T17:39:25+00:00,2026-07-13 14:05:57,241,,7000,https://www.yad2.co.il/realestate/item/tel-aviv-area/ocie0vza,363,7
1640000,https://www.yad2.co.il/realestate/item/center-and-sharon/1aq1cw0f,80,4.0,55,0.102439,פתח תקווה,עין גנים,"רמב""ם",32.0887418,34.8907933,2026-09-10T14:02:05+00:00,2026-06-30 16:58:38,,,14000,https://www.yad2.co.il/realestate/item/center-and-sharon/obdritu6,236,1
2390000,https://www.yad2.co.il/realestate/item/tel-aviv-area/tdl16bdq,94,4.0,0,0.097908,תל אביב יפו,"נווה ברבור, כפר שלם מערב",,32.0852997,34.7818064,2026-09-10T17:45:50+00:00,2026-08-05 14:58:44,,,19500,https://www.yad2.co.il/realestate/item/tel-aviv-area/zb3aw9vx,263,33
1720000,https://www.yad2.co.il/realestate/item/center-and-sharon/oo2a7r0s,80,4.0,55,0.097674,פתח תקווה,עין גנים,,32.0878696,34.8945415,2026-09-10T14:02:29+00:00,2026-02-08 10:13:40,,,14000,https://www.yad2.co.il/realestate/item/center-and-sharon/obdritu6,453,1
2235000,https://www.yad2.co.il/realestate/item/tel-aviv-area/p11digyt,87,3.0,0,0.096644,תל אביב יפו,,,32.0852997,34.7818064,2026-09-10T17:44:21+00:00,2026-05-19 15:54:21,,,18000,https://www.yad2.co.il/realestate/item/tel-aviv-area/9yol644c,0,11
1750000,https://www.yad2.co.il/realestate/item/center-and-sharon/oxz060k7,87,3.5,70,0.096,פתח תקווה,עין גנים,עין גנים 41,32.0861272,34.8956587,2026-09-10T14:02:53+00:00,2026-06-15 12:13:40,,,14000,https://www.yad2.co.il/realestate/item/center-and-sharon/obdritu6,545,2
1760000,https://www.yad2.co.il/realestate/item/center-and-sharon/a675iga2,84,3.5,40,0.095455,פתח תקווה,,יהודה הלוי,32.0885053,34.8897141,2026-09-10T14:02:53+00:00,2026-07-08 21:14:58,,,14000,https://www.yad2.co.il/realestate/item/center-and-sharon/obdritu6,196,3
1790000,https://www.yad2.co.il/realestate/item/center-and-sharon/gz7r5546,83,3.5,25,0.093855,פתח תקווה,,,32.0877639,34.8859985,2026-09-10T14:03:15+00:00,2026-01-10 19:57:32,,,14000,https://www.yad2.co.il/realestate/item/center-and-sharon/obdritu6,386,2
1820000,https://www.yad2.co.il/realestate/item/center-and-sharon/i0xfzht2,80,4.0,25,0.092308,פתח תקווה,לב המושבה / מרכז העיר,ברקוביץ',32.087471,34.8844195,2026-09-10T14:03:39+00:00,2025-05-20 13:12:44,,,14000,https://www.yad2.co.il/realestate/item/center-and-sharon/obdritu6,524,1
1820000,https://www.yad2.co.il/realestate/item/center-and-sharon/r2zf6vim,90,4.0,25,0.092308,פתח תקווה,,,32.0877639,34.8859985,2026-09-10T14:03:39+00:00,2026-06-28 11:30:32,,,14000,https://www.yad2.co.il/realestate/item/center-and-sharon/obdritu6,386,1
1700000,https://www.yad2.co.il/realestate/item/tel-aviv-area/71exjbac,75,3.0,15,0.091765,תל אביב יפו,הצפון הישן - החלק הצפוני,ליברמן,32.0853989,34.7783411,2026-09-10T17:40:33+00:00,2026-08-24 14:59:01,328,,13000,https://www.yad2.co.il/realestate/item/tel-aviv-area/ce3gf6d4,327,19
1850000,https://www.yad2.co.il/realestate/item/center-and-sharon/o2bnd66s,95,4.0,55,0.090811,פתח תקווה,המרכז השקט / מרכז העיר,ליפה ויניצקי,32.087244,34.891554,2026-09-10T14:32:51+00:00,2024-01-22 16:50:25,,,14000,https://www.yad2.co.il/realestate/item/center-and-sharon/obdritu6,164,2
1860000,https://www.yad2.co.il/realestate/item/center-and-sharon/8on0ec3a,100,4.5,25,0.090323,פתח תקווה,לב המושבה / מרכז העיר,"רמב""ם 6",32.0915616,34.8899111,2026-09-10T14:33:27+00:00,2025-07-24 09:29:36,,,14000,https://www.yad2.co.il/realestate/item/center-and-sharon/obdritu6,535,2
2000000,https://www.yad2.co.il/realestate/item/tel-aviv-area/e3tcn6gs,75,3.0,0,0.09,תל אביב יפו,"לב תל אביב, לב העיר צפון",החשמונאים 3,32.0712354,34.7761642,2026-09-10T17:42:50+00:00,2026-07-15 15:15:38,1150,,15000,https://www.yad2.co.il/realestate/item/tel-aviv-area/jyxnji9u,387,3
1880000,https://www.yad2.co.il/realestate/item/center-and-sharon/99pspzk7,90,4.0,25,0.089362,פתח תקווה,,"רמב""ם",32.0915616,34.8899111,2026-09-10T14:33:27+00:00,2025-10-13 09:49:49,,,14000,https://www.yad2.co.il/realestate/item/center-and-sharon/obdritu6,535,1
1890000,https://www.yad2.co.il/realestate/item/center-and-sharon/pcyverpn,87,4.0,70,0.088889,פתח תקווה,לב המושבה / מרכז העיר,ההגנה 25,32.0887396,34.8863627,2026-09-10T14:33:50+00:00,2026-09-01 12:02:10,,,14000,https://www.yad2.co.il/realestate/item/center-and-sharon/obdritu6,402,1
1890000,https://www.yad2.co.il/realestate/item/center-and-sharon/z5dfjcdq,88,3.5,25,0.088889,פתח תקווה,לב המושבה / מרכז העיר,נחלת צבי 19,32.091235,34.8887655,2026-09-10T14:33:50+00:00,2026-07-19 17:16:50,,,14000,https://www.yad2.co.il/realestate/item/center-and-sharon/obdritu6,511,2
1980000,https://www.yad2.co.il/realestate/item/tel-aviv-area/1bsiap90,105,3.0,40,0.087879,תל אביב יפו,,,32.0852997,34.7818064,2026-09-10T17:42:27+00:00,2026-06-18 18:16:59,,,14500,https://www.yad2.co.il/realestate/item/tel-aviv-area/rm2az28c,0,3
2250000,https://www.yad2.co.il/realestate/item/tel-aviv-area/v7pg9uje,54,2.0,15,0.085333,תל אביב יפו,,,32.0852997,34.7818064,2026-09-10T17:44:43+00:00,2026-08-20 16:44:33,,,16000,https://www.yad2.co.il/realestate/item/tel-aviv-area/bns7q58y,0,7
2050000,https://www.yad2.co.il/realestate/item/center-and-sharon/37w9sleb,264,6.0,10,0.084878,פתח תקווה,רמת ורבר,ברל כצנלסון,32.0862419,34.8753866,2026-09-10T14:35:43+00:00,2026-01-26 09:49:20,,,14500,https://www.yad2.co.il/realestate/item/center-and-sharon/s4r4pzo1,503,1
1980000,https://www.yad2.co.il/realestate/item/center-and-sharon/ucg15xwh,85,4.0,70,0.084848,פתח תקווה,,אחד העם,32.0840613,34.886523,2026-09-10T14:34:56+00:00,2026-07-13 09:57:34,,,14000,https://www.yad2.co.il/realestate/item/center-and-sharon/obdritu6,438,1
1500000,https://www.yad2.co.il/realestate/item/tel-aviv-area/bjm3l8za,80,3.0,70,0.084,תל אביב יפו,,הקונגרס,32.0568824,34.7743739,2026-09-10T17:40:12+00:00,2026-08-10 20:21:34,286,,10500,https://www.yad2.co.il/realestate/item/tel-aviv-area/p6fj72u4,248,23
2000000,https://www.yad2.co.il/realestate/item/center-and-sharon/vyjsn8c1,90,4.0,70,0.084,פתח תקווה,לב המושבה / מרכז העיר,נורדאו 9,32.0870371,34.8855817,2026-09-10T14:35:20+00:00,2026-06-17 13:48:00,,,14000,https://www.yad2.co.il/realestate/item/center-and-sharon/obdritu6,410,1
2350000,https://www.yad2.co.il/realestate/item/tel-aviv-area/yty2emrx,65,2.0,15,0.081702,תל אביב יפו,,,32.0852997,34.7818064,2026-09-10T17:45:29+00:00,2026-08-28 11:18:20,51,,16000,https://www.yad2.co.il/realestate/item/tel-aviv-area/e5ukkct2,0,7
1940000,https://www.yad2.co.il/realestate/item/tel-aviv-area/jn1l7y6k,65,3.0,15,0.080412,תל אביב יפו,"נווה ברבור, כפר שלם מערב",הרב אלנקווה 35,32.0852997,34.7818064,2026-09-10T17:42:04+00:00,2026-07-01 15:37:57,,,13000,https://www.yad2.co.il/realestate/item/tel-aviv-area/ce3gf6d4,0,11
2390000,https://www.yad2.co.il/realestate/item/tel-aviv-area/954gntvh,45,2.0,15,0.080335,תל אביב יפו,"לב תל אביב, לב העיר צפון",,32.0852997,34.7818064,2026-09-10T17:45:50+00:00,2026-08-24 07:57:27,71,,16000,https://www.yad2.co.il/realestate/item/tel-aviv-area/bns7q58y,0,6
1450000,https://www.yad2.co.il/realestate/item/tel-aviv-area/bgm23ly4,60,3.0,25,0.080276,תל אביב יפו,"לב תל אביב, לב העיר צפון",נס ציונה,32.074602,34.767244,2026-09-10T17:39:48+00:00,2026-02-14 15:35:56,,,9700,https://www.yad2.co.il/realestate/item/tel-aviv-area/uu5ied3i,0,5
2100000,https://www.yad2.co.il/realestate/item/center-and-sharon/ij2kw22x,110,4.0,100,0.08,פתח תקווה,עין גנים,נחלת צבי,32.0916361,34.8895862,2026-09-10T14:36:37+00:00,2026-06-17 12:26:26,,,14000,https://www.yad2.co.il/realestate/item/center-and-sharon/obdritu6,544,1
2190000,https://www.yad2.co.il/realestate/item/tel-aviv-area/rind04ti,90,3.0,15,0.079452,תל אביב יפו,,,32.0852997,34.7818064,2026-09-10T17:43:59+00:00,2025-11-04 20:00:29,,,14500,https://www.yad2.co.il/realestate/item/tel-aviv-area/rm2az28c,0,7
2350000,https://www.yad2.co.il/realestate/item/tel-aviv-area/b62eki4z,107,3.5,0,0.079144,תל אביב יפו,,הגדוד העברי 57,32.0595485,34.7767968,2026-09-10T17:45:29+00:00,2026-04-15 15:48:47,,,15499,https://www.yad2.co.il/realestate/item/tel-aviv-area/zkxeg244,395,8
2300000,https://www.yad2.co.il/realestate/item/tel-aviv-area/wyavm2h1,75,3.0,0,0.079043,תל אביב יפו,נווה שאנן,הגדוד העברי,32.0595485,34.7767968,2026-09-10T17:45:05+00:00,2026-05-03 10:57:01,,,15150,https://www.yad2.co.il/realestate/item/tel-aviv-area/xerrse8w,395,8
1980000,https://www.yad2.co.il/realestate/item/tel-aviv-area/xie7ka4c,70,3.0,15,0.078788,תל אביב יפו,"נווה ברבור, כפר שלם מערב",דרך משה דיין 40,32.0852997,34.7818064,2026-09-10T17:42:27+00:00,2025-10-26 19:09:54,,,13000,https://www.yad2.co.il/realestate/item/tel-aviv-area/ce3gf6d4,0,12
1450000,https://www.yad2.co.il/realestate/item/tel-aviv-area/vluxk9bb,52,2.5,25,0.078621,תל אביב יפו,"לב תל אביב, לב העיר צפון",סמטת נס ציונה,32.0747391,34.7673312,2026-09-10T17:40:12+00:00,2026-03-25 13:49:31,,,9500,https://www.yad2.co.il/realestate/item/tel-aviv-area/02c98qqa,448,6
2180000,https://www.yad2.co.il/realestate/item/center-and-sharon/vsi6771i,110,4.0,100,0.077064,פתח תקווה,המרכז השקט / מרכז העיר,הרצל 88,32.0852837,34.8869244,2026-09-10T16:57:29+00:00,2026-08-25 21:15:19,212,,14000,https://www.yad2.co.il/realestate/item/center-and-sharon/obdritu6,326,3
2329000,https://www.yad2.co.il/realestate/item/center-and-sharon/yw90i7nu,92,3.5,100,0.072134,פתח תקווה,לב המושבה / מרכז העיר,משה הס 7,32.0883458,34.8888529,2026-09-10T16:59:21+00:00,2026-06-20 23:56:03,,,14000,https://www.yad2.co.il/realestate/item/center-and-sharon/obdritu6,204,3
1750000,https://www.yad2.co.il/realestate/item/tel-aviv-area/n2k1290y,65,3.0,70,0.072,תל אביב יפו,נווה שאנן,,32.058348,34.7797947,2026-09-10T17:40:56+00:00,2026-06-24 13:27:28,,,10500,https://www.yad2.co.il/realestate/item/tel-aviv-area/xjuq81cj,593,7
2470000,https://www.yad2.co.il/realestate/item/tel-aviv-area/u0tcmy0j,60,2.5,0,0.071903,תל אביב יפו,,,32.0852997,34.7818064,2026-09-10T17:46:36+00:00,2026-06-04 13:14:22,,,14800,https://www.yad2.co.il/realestate/item/tel-aviv-area/vw0mn9dm,0,11
2280000,https://www.yad2.co.il/realestate/item/tel-aviv-area/xme71diw,88,4.0,0,0.071053,תל אביב יפו,"נווה גולן, יפו ג'",,32.0852997,34.7818064,2026-09-10T17:44:43+00:00,2026-06-18 15:49:56,,,13500,https://www.yad2.co.il/realestate/item/tel-aviv-area/syn1nttr,0,1
1290000,https://www.yad2.co.il/realestate/item/tel-aviv-area/wvn401qy,36,2.0,40,0.069767,תל אביב יפו,הצפון הישן - החלק הצפוני,שמעון התרסי,32.0946028,34.7811953,2026-09-10T17:39:48+00:00,2026-08-14 17:45:33,403,,7500,https://www.yad2.co.il/realestate/item/tel-aviv-area/shix9lxr,589,2
2070000,https://www.yad2.co.il/realestate/item/tel-aviv-area/0vdeum4m,75,3.0,0,0.069565,רמת גן,"נווה רם, שיכון מזרחי",הירדן,32.0682762,34.8285249,2026-09-11T06:02:07+00:00,2026-08-13 12:33:16,,,12000,https://www.yad2.co.il/realestate/item/tel-aviv-area/2st2f5n9,365,7
2239000,https://www.yad2.co.il/realestate/item/tel-aviv-area/1f2nzkao,53,2.0,0,0.069138,תל אביב יפו,,איגר עקיבא,32.0852997,34.7818064,2026-09-10T17:44:21+00:00,2026-09-07 17:45:59,,,12900,https://www.yad2.co.il/realestate/item/tel-aviv-area/6hyrzg0w,0,8
1400000,https://www.yad2.co.il/realestate/item/tel-aviv-area/09h8byq3,50,3.0,55,0.068571,תל אביב יפו,נווה אליעזר וכפר שלם מזרח,,32.0852997,34.7818064,2026-09-10T17:39:48+00:00,2026-09-06 22:25:43,33,,8000,https://www.yad2.co.il/realestate/item/tel-aviv-area/be897op4,445,4
1850000,https://www.yad2.co.il/realestate/item/tel-aviv-area/0e2gid03,65,3.0,40,0.068108,תל אביב יפו,נווה שאנן,,32.058348,34.7797947,2026-09-10T17:41:18+00:00,2025-09-09 16:45:47,,,10500,https://www.yad2.co.il/realestate/item/tel-aviv-area/xjuq81cj,593,7
1850000,https://www.yad2.co.il/realestate/item/tel-aviv-area/bs71uzro,65,3.0,25,0.068108,תל אביב יפו,נווה שאנן,,32.058348,34.7797947,2026-09-10T17:41:18+00:00,2023-07-04 12:43:17,,,10500,https://www.yad2.co.il/realestate/item/tel-aviv-area/xjuq81cj,593,7
1500000,https://www.yad2.co.il/realestate/item/tel-aviv-area/ewaxgulx,36,2.0,25,0.068,תל אביב יפו,פלורנטין,,32.0577595,34.7686424,2026-09-10T17:40:12+00:00,2025-06-17 12:16:52,,,8500,https://www.yad2.co.il/realestate/item/tel-aviv-area/47enmt5n,396,10
2480000,https://www.yad2.co.il/realestate/item/tel-aviv-area/vidhw9jo,90,4.0,55,0.067742,תל אביב יפו,נווה שאנן,הגדוד העברי,32.0595485,34.7767968,2026-09-10T17:46:36+00:00,2026-08-16 17:51:29,,,14000,https://www.yad2.co.il/realestate/item/tel-aviv-area/ddoi82ud,526,7
2490000,https://www.yad2.co.il/realestate/item/tel-aviv-area/jgnz5u1s,85,3.0,70,0.06747,תל אביב יפו,פלורנטין,,32.0577595,34.7686424,2026-09-10T17:46:36+00:00,2026-09-01 17:54:47,,,14000,https://www.yad2.co.il/realestate/item/tel-aviv-area/1tjwansk,599,23
1699000,https://www.yad2.co.il/realestate/item/tel-aviv-area/vapdn06n,57,3.0,25,0.067098,תל אביב יפו,נווה צדק,לילינבלום 6,32.061759,34.767657,2026-09-10T17:40:33+00:00,2026-09-03 16:21:55,209,,9500,https://www.yad2.co.il/realestate/item/tel-aviv-area/ypg3trkt,372,5
1350000,https://www.yad2.co.il/realestate/item/tel-aviv-area/9ak1cn3w,35,1.5,25,0.065778,תל אביב יפו,הצפון הישן - החלק הצפוני,יהושע בן נון,32.0888394,34.7804823,2026-09-10T17:39:48+00:00,2026-07-21 11:00:25,202,,7400,https://www.yad2.co.il/realestate/item/tel-aviv-area/9e4y91un,371,3
1920000,https://www.yad2.co.il/realestate/item/tel-aviv-area/ufuebfw0,67,3.0,25,0.065625,תל אביב יפו,נווה שאנן,,32.058348,34.7797947,2026-09-10T17:42:04+00:00,2026-02-16 17:02:45,,,10500,https://www.yad2.co.il/realestate/item/tel-aviv-area/xjuq81cj,593,7
2290000,https://www.yad2.co.il/realestate/item/tel-aviv-area/na6i03jk,79,3.0,15,0.065502,תל אביב יפו,"נווה ברבור, כפר שלם מערב",דרך משה דיין 44,32.0852997,34.7818064,2026-09-10T17:44:43+00:00,2026-07-29 19:07:09,,,12500,https://www.yad2.co.il/realestate/item/tel-aviv-area/5cvyzsha,551,11
1380000,https://www.yad2.co.il/realestate/item/tel-aviv-area/ari9lqgp,22,1.5,25,0.065217,תל אביב יפו,פלורנטין,פלורנטין,32.0562372,34.767511,2026-09-10T17:39:48+00:00,2026-08-10 21:52:42,178,,7500,https://www.yad2.co.il/realestate/item/tel-aviv-area/1fr8v5dl,238,1
2400000,https://www.yad2.co.il/realestate/item/tel-aviv-area/ufd7movu,75,3.0,55,0.065,תל אביב יפו,"נווה גולן, יפו ג'",,32.0852997,34.7818064,2026-09-10T17:46:13+00:00,2026-02-25 17:45:03,,,13000,https://www.yad2.co.il/realestate/item/tel-aviv-area/ce3gf6d4,0,13
2040000,https://www.yad2.co.il/realestate/item/tel-aviv-area/qj92bppn,37,2.0,0,0.064706,תל אביב יפו,פלורנטין,נחלת בנימין,32.0554732,34.7716308,2026-09-10T17:42:50+00:00,2026-05-14 17:26:06,,,11000,https://www.yad2.co.il/realestate/item/tel-aviv-area/8ghe48lq,544,9
2250000,https://www.yad2.co.il/realestate/item/tel-aviv-area/48mibr13,88,4.0,40,0.064,רמת גן,חרוזים,דרך אבא הלל 41,32.0972339,34.822139,2026-09-11T06:05:21+00:00,2026-08-20 19:00:27,219,,12000,https://www.yad2.co.il/realestate/item/tel-aviv-area/acw4rnm9,0,3
1880000,https://www.yad2.co.il/realestate/item/tel-aviv-area/r2zu3dul,55,2.0,25,0.06383,תל אביב יפו,,,32.0852997,34.7818064,2026-09-10T17:41:18+00:00,2025-12-24 15:44:48,,,10000,https://www.yad2.co.il/realestate/item/tel-aviv-area/ilstkk0k,0,3
1750000,https://www.yad2.co.il/realestate/item/tel-aviv-area/lsqcrzep,62,4.5,25,0.063771,תל אביב יפו,,,32.0852997,34.7818064,2026-09-10T17:40:56+00:00,2026-08-27 13:10:34,,,9300,https://www.yad2.co.il/realestate/item/tel-aviv-area/dg3w84r3,469,2
1890000,https://www.yad2.co.il/realestate/item/tel-aviv-area/nco24tbi,48,2.0,0,0.063492,תל אביב יפו,,,32.0852997,34.7818064,2026-09-10T17:41:41+00:00,2026-05-26 11:24:27,,,10000,https://www.yad2.co.il/realestate/item/tel-aviv-area/7qk24olp,0,4
2190000,https://www.yad2.co.il/realestate/item/tel-aviv-area/egkwxy8j,82,2.5,25,0.063014,תל אביב יפו,"נווה גולן, יפו ג'",אפלטון,32.0335948,34.7474177,2026-09-10T17:43:59+00:00,2026-05-31 12:56:44,,,11500,https://www.yad2.co.il/realestate/item/tel-aviv-area/usbmbub1,324,2
2000000,https://www.yad2.co.il/realestate/item/tel-aviv-area/blt9hm35,90,2.5,25,0.063,תל אביב יפו,"מכללת תל אביב יפו, דקר",נסים איסקוב 13,32.0852997,34.7818064,2026-09-10T17:42:50+00:00,2026-07-26 00:06:10,443,,10500,https://www.yad2.co.il/realestate/item/tel-aviv-area/bnz1fk0f,294,14
2000000,https://www.yad2.co.il/realestate/item/tel-aviv-area/lkxz2u8b,100,2.5,25,0.063,תל אביב יפו,"צהלון, שיכוני חסכון",,32.0852997,34.7818064,2026-09-10T17:42:50+00:00,2026-05-24 19:00:35,,,10500,https://www.yad2.co.il/realestate/item/tel-aviv-area/bnz1fk0f,294,11
2290000,https://www.yad2.co.il/realestate/item/tel-aviv-area/16ejb1nn,40,2.0,0,0.062882,תל אביב יפו,"מונטיפיורי, הרכבת",נתן ילין מור 28,32.0852997,34.7818064,2026-09-10T17:44:43+00:00,2026-06-15 14:46:22,,,12000,https://www.yad2.co.il/realestate/item/tel-aviv-area/j9xyuecl,179,3
2290000,https://www.yad2.co.il/realestate/item/tel-aviv-area/8zl8dv4v,72,3.0,0,0.062882,רמת גן,"מרום נווה, רמת יצחק",אמנון ותמר,32.0718315,34.8270067,2026-09-11T06:06:06+00:00,2024-09-22 17:10:36,298,,12000,https://www.yad2.co.il/realestate/item/tel-aviv-area/2st2f5n9,413,8
2290000,https://www.yad2.co.il/realestate/item/tel-aviv-area/hf5550ws,72,3.0,0,0.062882,רמת גן,"מרום נווה, רמת יצחק",אמנון ותמר,32.0718315,34.8270067,2026-09-11T06:06:28+00:00,2026-08-12 16:22:16,152,,12000,https://www.yad2.co.il/realestate/item/tel-aviv-area/2st2f5n9,413,8
2290000,https://www.yad2.co.il/realestate/item/tel-aviv-area/lmjff5lc,78,3.0,0,0.062882,רמת גן,נגבה,"הרא""ה 259",32.070305,34.825215,2026-09-11T06:06:28+00:00,2026-07-23 17:25:20,403,,12000,https://www.yad2.co.il/realestate/item/tel-aviv-area/2st2f5n9,187,7
2290000,https://www.yad2.co.il/realestate/item/tel-aviv-area/y2fcches,88,3.0,0,0.062882,רמת גן,נגבה,פנחס רוטנברג,32.0642156,34.8220244,2026-09-11T06:06:49+00:00,2026-06-21 14:17:09,,,12000,https://www.yad2.co.il/realestate/item/tel-aviv-area/2st2f5n9,557,5
2490000,https://www.yad2.co.il/realestate/item/tel-aviv-area/g8adtxpy,78,2.5,25,0.062651,תל אביב יפו,הצפון הישן - החלק הדרומי,יוסף אליהו,32.0747435,34.7807548,2026-09-10T17:46:36+00:00,2025-09-30 14:08:59,,,13000,https://www.yad2.co.il/realestate/item/tel-aviv-area/phrx0ydq,274,10
1920000,https://www.yad2.co.il/realestate/item/tel-aviv-area/46yxw970,35,2.0,0,0.0625,רמת גן,חרוזים,ביאליק 126,32.0880278,34.8052617,2026-09-10T19:22:51+00:00,2026-03-26 22:36:40,,,10000,https://www.yad2.co.il/realestate/item/tel-aviv-area/jnhdhcao,210,1
1450000,https://www.yad2.co.il/realestate/item/tel-aviv-area/1se3g3dc,45,2.0,25,0.062069,תל אביב יפו,,ויקטור הוגו,32.0489125,34.7582635,2026-09-10T17:39:48+00:00,2024-05-28 14:58:50,,,7500,https://www.yad2.co.il/realestate/item/tel-aviv-area/4y4k88bu,536,1
1500000,https://www.yad2.co.il/realestate/item/tel-aviv-area/qcinyr2l,60,3.0,70,0.062,תל אביב יפו,"גבעת הרצל, אזור המלאכה יפו","הש""ך 18",32.053963,34.770338,2026-09-10T17:40:12+00:00,2026-08-13 18:15:46,287,,7750,https://www.yad2.co.il/realestate/item/tel-aviv-area/949fs688,307,3
1200000,https://www.yad2.co.il/realestate/item/tel-aviv-area/xpwl1yi4,76,3.0,40,0.062,רמת גן,רמת עמידר,שדרות הרב לוין 16,32.0695342,34.8375296,2026-09-10T19:22:06+00:00,2026-08-27 15:26:52,523,,6200,https://www.yad2.co.il/realestate/item/tel-aviv-area/vjkuw7ch,0,1
1650000,https://www.yad2.co.il/realestate/item/tel-aviv-area/pjqt5phi,45,2.0,40,0.061818,תל אביב יפו,,דיזנגוף 271,32.0764862,34.7745816,2026-09-10T17:40:12+00:00,2024-05-19 14:40:07,,,8500,https://www.yad2.co.il/realestate/item/tel-aviv-area/ie4m9p1o,317,4
1850000,https://www.yad2.co.il/realestate/item/tel-aviv-area/x3mkna9l,58,2.0,25,0.061622,תל אביב יפו,פלורנטין,אילת,32.0579863,34.7641548,2026-09-10T17:41:18+00:00,2026-02-16 15:43:48,,,9500,https://www.yad2.co.il/realestate/item/tel-aviv-area/ypg3trkt,585,13
1950000,https://www.yad2.co.il/realestate/item/tel-aviv-area/5m3d10xy,95,3.0,25,0.061538,תל אביב יפו,"מכללת תל אביב יפו, דקר",חסידי האומות,32.0433162,34.7583408,2026-09-10T17:42:04+00:00,2026-05-31 12:49:05,,,10000,https://www.yad2.co.il/realestate/item/tel-aviv-area/z50bev6r,223,2
2150000,https://www.yad2.co.il/realestate/item/tel-aviv-area/rdqxn6vs,50,2.0,0,0.061395,תל אביב יפו,פלורנטין,,32.0577595,34.7686424,2026-09-10T17:43:36+00:00,2026-07-23 17:05:01,128,,11000,https://www.yad2.co.il/realestate/item/tel-aviv-area/8ghe48lq,206,13
2350000,https://www.yad2.co.il/realestate/item/tel-aviv-area/5zctcvqv,70,3.0,0,0.061277,רמת גן,שכונת גפן,,32.0686867,34.8246812,2026-09-11T06:07:32+00:00,2025-06-16 11:55:41,,,12000,https://www.yad2.co.il/realestate/item/tel-aviv-area/2st2f5n9,0,6
2350000,https://www.yad2.co.il/realestate/item/tel-aviv-area/6wptsjvy,103,5.0,70,0.061277,תל אביב יפו,"נווה ברבור, כפר שלם מערב",הרב אלנקווה 33,32.0852997,34.7818064,2026-09-10T17:45:29+00:00,2026-08-26 16:49:07,,,12000,https://www.yad2.co.il/realestate/item/tel-aviv-area/gsmxavss,124,2
1180000,https://www.yad2.co.il/realestate/item/center-and-sharon/4my3wacu,52,2.0,25,0.061017,בני ברק,הר שלום,רבי עקיבא 36,32.0859182,34.8332514,2026-09-10T13:54:51+00:00,2026-09-07 18:42:22,,,6000,https://www.yad2.co.il/realestate/item/center-and-sharon/1kidzi9k,444,1
2400000,https://www.yad2.co.il/realestate/item/tel-aviv-area/2sxgzd,92,4.0,25,0.061,תל אביב יפו,"מכללת תל אביב יפו, דקר",,32.0852997,34.7818064,2026-09-10T17:45:50+00:00,2020-05-26 09:42:10,,,12200,https://www.yad2.co.il/realestate/item/tel-aviv-area/4t3j0k8w,570,8
2180000,https://www.yad2.co.il/realestate/item/tel-aviv-area/20gksmi4,42,2.0,0,0.06055,תל אביב יפו,נווה צדק,הרצל,32.060284,34.769402,2026-09-10T17:43:36+00:00,2026-05-31 15:31:04,,,11000,https://www.yad2.co.il/realestate/item/tel-aviv-area/8ghe48lq,109,9
2380000,https://www.yad2.co.il/realestate/item/tel-aviv-area/bush5zmv,52,2.0,15,0.060504,תל אביב יפו,"צפון יפו, המושבה האמריקאית-גרמנית",דרך שלמה 2,32.0548748,34.7602517,2026-09-10T17:45:29+00:00,2024-06-23 10:32:54,,,12000,https://www.yad2.co.il/realestate/item/tel-aviv-area/yiznvnh1,321,3
1790000,https://www.yad2.co.il/realestate/item/tel-aviv-area/g55dhien,50,2.0,40,0.060335,תל אביב יפו,"עג'מי, גבעת העליה",,32.0852997,34.7818064,2026-09-10T17:40:56+00:00,2026-07-30 09:21:12,321,,9000,https://www.yad2.co.il/realestate/item/tel-aviv-area/s50irny2,450,7
2190000,https://www.yad2.co.il/realestate/item/tel-aviv-area/2cnoln43,42,2.0,0,0.060274,תל אביב יפו,פלורנטין,ויטל,32.055559,34.7677943,2026-09-10T17:43:36+00:00,2025-08-26 14:42:32,,,11000,https://www.yad2.co.il/realestate/item/tel-aviv-area/8ghe48lq,456,12
2190000,https://www.yad2.co.il/realestate/item/tel-aviv-area/eelrt6hz,42,2.0,0,0.060274,תל אביב יפו,פלורנטין,הרצל,32.0601104,34.7705598,2026-09-10T17:43:59+00:00,2026-03-30 15:11:48,,,11000,https://www.yad2.co.il/realestate/item/tel-aviv-area/8ghe48lq,197,13
2390000,https://www.yad2.co.il/realestate/item/tel-aviv-area/27iylz3a,71,3.0,0,0.060251,רמת גן,"שכונת יהלום, מרכז העיר ב",,32.0686867,34.8246812,2026-09-11T06:08:15+00:00,2026-06-02 14:12:50,,,12000,https://www.yad2.co.il/realestate/item/tel-aviv-area/2st2f5n9,0,6
2390000,https://www.yad2.co.il/realestate/item/tel-aviv-area/ts27w6qt,50,2.0,15,0.060251,תל אביב יפו,פלורנטין,אברבנאל,32.0551821,34.7669213,2026-09-10T17:45:50+00:00,2026-07-21 15:09:39,,,12000,https://www.yad2.co.il/realestate/item/tel-aviv-area/yiznvnh1,507,9
2390000,https://www.yad2.co.il/realestate/item/tel-aviv-area/wjdhxmur,73,3.0,0,0.060251,רמת גן,תל יהודה,עוזיאל 70,32.0719969,34.8230143,2026-09-11T06:09:31+00:00,2026-08-31 11:24:03,134,,12000,https://www.yad2.co.il/realestate/item/tel-aviv-area/2st2f5n9,400,5
1500000,https://www.yad2.co.il/realestate/item/tel-aviv-area/5zk8btif,26,1.5,25,0.06,תל אביב יפו,פלורנטין,פלורנטין,32.0562372,34.767511,2026-09-10T17:40:12+00:00,2025-03-16 11:29:46,,,7500,https://www.yad2.co.il/realestate/item/tel-aviv-area/1fr8v5dl,238,1
1999999,https://www.yad2.co.il/realestate/item/tel-aviv-area/vmat7tv2,90,3.0,25,0.06,תל אביב יפו,"מכללת תל אביב יפו, דקר",ילדי טהרן,32.0416272,34.7588942,2026-09-10T17:42:27+00:00,2026-02-24 10:10:36,,,10000,https://www.yad2.co.il/realestate/item/tel-aviv-area/z50bev6r,398,3
1730000,https://www.yad2.co.il/realestate/item/tel-aviv-area/4j7brarw,72,3.0,55,0.059341,תל אביב יפו,נווה שאנן,לוינסקי 117,32.056323,34.781067,2026-09-10T17:40:33+00:00,2026-06-29 17:14:36,,,8555,https://www.yad2.co.il/realestate/item/tel-aviv-area/zspzh098,255,5
2440000,https://www.yad2.co.il/realestate/item/tel-aviv-area/4l4xtzaa,88,3.0,25,0.059016,רמת גן,"שכונת חשמונאים, מרכז העיר א",המעגל,32.0827374,34.8129491,2026-09-11T06:10:14+00:00,2025-11-02 12:41:44,,,12000,https://www.yad2.co.il/realestate/item/tel-aviv-area/m0ezgvul,228,12
2450000,https://www.yad2.co.il/realestate/item/tel-aviv-area/h1zvl92m,55,2.5,15,0.058776,תל אביב יפו,"צפון יפו, המושבה האמריקאית-גרמנית",התקומה 24,32.0539478,34.7603415,2026-09-10T17:46:13+00:00,2025-12-14 11:25:03,,,12000,https://www.yad2.co.il/realestate/item/tel-aviv-area/yiznvnh1,407,3
2250000,https://www.yad2.co.il/realestate/item/tel-aviv-area/7swr3ew1,58,2.0,0,0.058667,תל אביב יפו,פלורנטין,ויטל,32.055559,34.7677943,2026-09-10T17:44:21+00:00,2026-03-17 15:19:13,,,11000,https://www.yad2.co.il/realestate/item/tel-aviv-area/8ghe48lq,456,13
2250000,https://www.yad2.co.il/realestate/item/tel-aviv-area/t1pvroq9,46,2.0,0,0.058667,תל אביב יפו,פלורנטין,נחלת בנימין 136,32.0554732,34.7716308,2026-09-10T17:44:43+00:00,2025-06-09 10:03:22,,,11000,https://www.yad2.co.il/realestate/item/tel-aviv-area/8ghe48lq,544,12
2150000,https://www.yad2.co.il/realestate/item/tel-aviv-area/puveynah,70,3.0,70,0.058605,תל אביב יפו,נווה שאנן,איגר עקיבא,32.058348,34.7797947,2026-09-10T17:43:36+00:00,2026-03-02 14:44:53,,,10500,https://www.yad2.co.il/realestate/item/tel-aviv-area/xjuq81cj,593,8
2360000,https://www.yad2.co.il/realestate/item/tel-aviv-area/ls6m0tq7,74,3.0,25,0.058475,תל אביב יפו,,,32.0852997,34.7818064,2026-09-10T17:45:29+00:00,2026-08-10 13:54:06,,,11500,https://www.yad2.co.il/realestate/item/tel-aviv-area/5zqir873,0,5
2470000,https://www.yad2.co.il/realestate/item/tel-aviv-area/9eqv1q4t,81,3.0,70,0.0583,גבעתיים,בורוכוב,כצנלסון,32.0762643,34.8129111,2026-09-10T19:21:42+00:00,2026-08-18 10:10:05,132,,12000,https://www.yad2.co.il/realestate/item/tel-aviv-area/m0ezgvul,514,22
2470000,https://www.yad2.co.il/realestate/item/tel-aviv-area/x9sl2dyv,92,3.5,0,0.0583,רמת גן,"שכונת יהלום, מרכז העיר ב","הרא""ה 12",32.0837568,34.8172673,2026-09-11T06:10:57+00:00,2026-07-11 19:15:35,,,12000,https://www.yad2.co.il/realestate/item/tel-aviv-area/m0ezgvul,589,20
2480000,https://www.yad2.co.il/realestate/item/tel-aviv-area/3sdw1fi5,84,3,25,0.058065,רמת גן,"שכונת חשמונאים, מרכז העיר א",ארלוזורוב 11,32.0791717,34.8146335,2026-09-11T06:11:19+00:00,,,,12000,https://www.yad2.co.il/realestate/item/tel-aviv-area/m0ezgvul,305,20
2490000,https://www.yad2.co.il/realestate/item/tel-aviv-area/baage91f,88,3.0,0,0.057831,רמת גן,שכונת הלל,,32.0686867,34.8246812,2026-09-11T06:11:19+00:00,2026-06-03 10:57:15,,,12000,https://www.yad2.co.il/realestate/item/tel-aviv-area/2st2f5n9,0,5
2490000,https://www.yad2.co.il/realestate/item/tel-aviv-area/bc165t77,53,2.0,15,0.057831,תל אביב יפו,,אברבנאל,32.0551821,34.7669213,2026-09-10T17:46:36+00:00,2026-05-28 12:03:17,,,12000,https://www.yad2.co.il/realestate/item/tel-aviv-area/yiznvnh1,507,10
2490000,https://www.yad2.co.il/realestate/item/tel-aviv-area/brdj0xeu,52,2.0,15,0.057831,תל אביב יפו,"צפון יפו, המושבה האמריקאית-גרמנית",שדרות ירושלים 19,32.0545648,34.75943,2026-09-10T17:46:36+00:00,2026-05-11 11:44:42,,,12000,https://www.yad2.co.il/realestate/item/tel-aviv-area/yiznvnh1,395,3
2490000,https://www.yad2.co.il/realestate/item/tel-aviv-area/c03imgnz,76,3.0,0,0.057831,רמת גן,תל יהודה,בר כוכבא 5,32.0708274,34.8266031,2026-09-11T06:11:19+00:00,2026-03-18 19:24:49,,,12000,https://www.yad2.co.il/realestate/item/tel-aviv-area/2st2f5n9,299,8
2490000,https://www.yad2.co.il/realestate/item/tel-aviv-area/eh2rmncq,74,3.0,0,0.057831,רמת גן,תל יהודה,כנפי נשרים,32.0705357,34.8202066,2026-09-11T06:11:41+00:00,2026-08-27 14:02:54,,,12000,https://www.yad2.co.il/realestate/item/tel-aviv-area/2st2f5n9,469,4
2490000,https://www.yad2.co.il/realestate/item/tel-aviv-area/kus0w9q5,102,3.0,40,0.057831,רמת גן,"שכונת חשמונאים, מרכז העיר א",שלמה בן יוסף,32.0820986,34.8140554,2026-09-11T06:11:41+00:00,2026-07-06 18:36:20,,,12000,https://www.yad2.co.il/realestate/item/tel-aviv-area/m0ezgvul,235,10
2500000,https://www.yad2.co.il/realestate/item/tel-aviv-area/4426jo54,74,3.0,0,0.0576,רמת גן,"מרום נווה, רמת יצחק",השושן 5,32.0715644,34.8263223,2026-09-11T06:12:23+00:00,2026-08-04 16:12:19,,,12000,https://www.yad2.co.il/realestate/item/tel-aviv-area/2st2f5n9,355,8
2500000,https://www.yad2.co.il/realestate/item/tel-aviv-area/lefff167,100,3.5,25,0.0576,רמת גן,"שכונת בן גוריון, מרכז העיר ג'",ביאליק,32.0849863,34.8122928,2026-09-11T06:12:23+00:00,2024-09-24 11:41:02,,,12000,https://www.yad2.co.il/realestate/item/tel-aviv-area/m0ezgvul,463,18
1880000,https://www.yad2.co.il/realestate/item/tel-aviv-area/xi0cms9u,44,2.0,0,0.057447,תל אביב יפו,פלורנטין,אברבנאל,32.0551821,34.7669213,2026-09-10T17:41:18+00:00,2026-01-22 15:26:53,,,9000,https://www.yad2.co.il/realestate/item/tel-aviv-area/7n335lke,357,4
2300000,https://www.yad2.co.il/realestate/item/tel-aviv-area/dnkf4xby,45,2.0,0,0.057391,תל אביב יפו,פלורנטין,הרצל,32.0601104,34.7705598,2026-09-10T17:45:05+00:00,2025-04-29 13:12:32,,,11000,https://www.yad2.co.il/realestate/item/tel-aviv-area/8ghe48lq,197,13
2050000,https://www.yad2.co.il/realestate/item/tel-aviv-area/eiambfe3,71,3.0,25,0.057366,תל אביב יפו,נווה שאנן,ארלינג'ר,32.0603433,34.7801598,2026-09-10T17:42:50+00:00,2025-02-10 21:27:09,,,9800,https://www.yad2.co.il/realestate/item/tel-aviv-area/9ut7vrwt,531,8
1790000,https://www.yad2.co.il/realestate/item/tel-aviv-area/nrs5zk3e,65,2.5,100,0.057352,תל אביב יפו,נווה שאנן,יסוד המעלה,32.0578114,34.7811698,2026-09-10T17:40:56+00:00,2026-07-01 15:40:45,,,8555,https://www.yad2.co.il/realestate/item/tel-aviv-area/zspzh098,143,5
1650000,https://www.yad2.co.il/realestate/item/tel-aviv-area/29phxwed,85,2.0,0,0.057309,תל אביב יפו,"נווה גולן, יפו ג'",יפת 201,32.0514569,34.7529653,2026-09-10T17:40:12+00:00,2026-08-28 13:48:25,145,,7880,https://www.yad2.co.il/realestate/item/tel-aviv-area/fonxvn0a,487,1
2200000,https://www.yad2.co.il/realestate/item/tel-aviv-area/c7kkhujj,72,3.0,40,0.057273,תל אביב יפו,פלורנטין,העלייה,32.0549357,34.7722083,2026-09-10T17:43:59+00:00,2026-09-04 13:51:01,70,,10500,https://www.yad2.co.il/realestate/item/tel-aviv-area/p6fj72u4,435,20
1890000,https://www.yad2.co.il/realestate/item/tel-aviv-area/8xqipxk9,60,3.0,15,0.057143,תל אביב יפו,"צהלון, שיכוני חסכון",אלברט קיוסו 5,32.0482924,34.7551396,2026-09-10T17:41:41+00:00,2026-07-26 18:07:20,207,,9000,https://www.yad2.co.il/realestate/item/tel-aviv-area/4c1d2i4q,567,2
2323000,https://www.yad2.co.il/realestate/item/tel-aviv-area/86njlbs0,50,2.0,0,0.056823,תל אביב יפו,נווה שאנן,הקונגרס 1,32.057403,34.773346,2026-09-10T17:45:05+00:00,2026-08-18 12:33:11,,,11000,https://www.yad2.co.il/realestate/item/tel-aviv-area/8ghe48lq,514,16
1670000,https://www.yad2.co.il/realestate/item/tel-aviv-area/3gne5ihl,28,2.0,25,0.056766,תל אביב יפו,פלורנטין,אוריאל אקוסטה 1,32.0575639,34.7692145,2026-09-10T17:40:33+00:00,2026-07-16 13:08:35,498,,7900,https://www.yad2.co.il/realestate/item/tel-aviv-area/1d1i6dec,435,3
1670000,https://www.yad2.co.il/realestate/item/center-and-sharon/6c7x7w7s,75,3.0,25,0.056766,פתח תקווה,עין גנים,פרישמן,32.091458,34.8903869,2026-09-10T14:02:05+00:00,2026-01-15 14:40:10,,,7900,https://www.yad2.co.il/realestate/item/center-and-sharon/kd3b0nx1,583,1
1680000,https://www.yad2.co.il/realestate/item/center-and-sharon/jfffya43,79,3.0,25,0.056429,פתח תקווה,המרכז השקט / מרכז העיר,הרצל,32.0852837,34.8869244,2026-09-10T14:02:05+00:00,2025-11-24 11:18:20,,,7900,https://www.yad2.co.il/realestate/item/center-and-sharon/kd3b0nx1,289,1
2350000,https://www.yad2.co.il/realestate/item/tel-aviv-area/bvvry2su,56,2.0,0,0.05617,תל אביב יפו,פלורנטין,,32.0577595,34.7686424,2026-09-10T17:45:29+00:00,2026-05-25 13:06:21,,,11000,https://www.yad2.co.il/realestate/item/tel-aviv-area/8ghe48lq,206,13
2030000,https://www.yad2.co.il/realestate/item/tel-aviv-area/z0fvboi5,65,3.0,0,0.056158,רמת גן,"שכונת יהלום, מרכז העיר ב",קריניצי,32.0800729,34.8172856,2026-09-11T06:01:45+00:00,2026-08-04 16:58:06,,,9500,https://www.yad2.co.il/realestate/item/tel-aviv-area/vbozuxwl,269,3
2250000,https://www.yad2.co.il/realestate/item/tel-aviv-area/o4nlncq9,72,3.0,40,0.056,תל אביב יפו,פלורנטין,העלייה,32.0549357,34.7722083,2026-09-10T17:44:21+00:00,2026-08-03 14:35:38,,,10500,https://www.yad2.co.il/realestate/item/tel-aviv-area/p6fj72u4,435,20
1880000,https://www.yad2.co.il/realestate/item/tel-aviv-area/8yu417gp,41,2.0,15,0.055532,תל אביב יפו,פלורנטין,,32.0577595,34.7686424,2026-09-10T17:41:18+00:00,2026-05-31 13:11:30,,,8700,https://www.yad2.co.il/realestate/item/tel-aviv-area/nv22i7e6,320,5
2490000,https://www.yad2.co.il/realestate/item/tel-aviv-area/eca5fvwa,75,4.0,25,0.055422,תל אביב יפו,"צהלון, שיכוני חסכון",מיכאל אנג'לו,32.0852997,34.7818064,2026-09-10T17:46:36+00:00,2026-01-26 20:00:39,,,11500,https://www.yad2.co.il/realestate/item/tel-aviv-area/gk9u4eec,0,4
1950000,https://www.yad2.co.il/realestate/item/tel-aviv-area/pcfc3582,40,2.0,0,0.055385,תל אביב יפו,פלורנטין,אברבנאל 49,32.0591272,34.7664152,2026-09-10T17:42:04+00:00,2026-01-20 19:12:57,,,9000,https://www.yad2.co.il/realestate/item/tel-aviv-area/7n335lke,194,2
1890000,https://www.yad2.co.il/realestate/item/tel-aviv-area/15gmzt6t,100,4.0,25,0.055238,תל אביב יפו,"התקוה, בית יעקב, נווה צה""ל",יקותיאל,32.0510905,34.7880178,2026-09-10T17:41:18+00:00,2026-05-31 18:11:05,,,8700,https://www.yad2.co.il/realestate/item/tel-aviv-area/rg1ey3f9,268,3
1890000,https://www.yad2.co.il/realestate/item/tel-aviv-area/28t9gorj,100,4.0,25,0.055238,תל אביב יפו,"התקוה, בית יעקב, נווה צה""ל",ליש,32.0508502,34.7874912,2026-09-10T17:41:41+00:00,2026-07-12 18:30:30,227,,8700,https://www.yad2.co.il/realestate/item/tel-aviv-area/rg1ey3f9,324,3
1890000,https://www.yad2.co.il/realestate/item/tel-aviv-area/ow43uogj,100,4.0,25,0.055238,תל אביב יפו,"התקוה, בית יעקב, נווה צה""ל",יקותיאל,32.0510905,34.7880178,2026-09-10T17:41:41+00:00,2026-06-21 19:20:02,,,8700,https://www.yad2.co.il/realestate/item/tel-aviv-area/rg1ey3f9,268,3
2500000,https://www.yad2.co.il/realestate/item/tel-aviv-area/tyzpl1ik,120,4.0,25,0.0552,תל אביב יפו,"יפו ד', גבעת התמרים",,32.0369656,34.7562284,2026-09-10T17:46:59+00:00,2025-11-24 08:09:15,,,11500,https://www.yad2.co.il/realestate/item/tel-aviv-area/p8m9su54,576,2
1850000,https://www.yad2.co.il/realestate/item/center-and-sharon/ufuerz74,155,5.0,25,0.055135,בני ברק,פרדס כץ,הרב דנגור 10,32.0958426,34.8320152,2026-09-10T13:56:53+00:00,2026-08-19 10:25:07,274,,8500,https://www.yad2.co.il/realestate/item/tel-aviv-area/w6j0h4zu,552,1
2180000,https://www.yad2.co.il/realestate/item/tel-aviv-area/6hgs7so0,77,3.0,25,0.055046,תל אביב יפו,נווה שאנן,יסוד המעלה,32.0578114,34.7811698,2026-09-10T17:43:36+00:00,2026-04-28 14:06:02,,,10000,https://www.yad2.co.il/realestate/item/tel-aviv-area/71909kjg,260,6
1860000,https://www.yad2.co.il/realestate/item/tel-aviv-area/44svidy1,30,1.0,15,0.054839,תל אביב יפו,גלילות,יוניצמן 21,32.1430713,34.7951115,2026-09-10T17:41:18+00:00,2026-09-07 10:36:16,,,8500,https://www.yad2.co.il/realestate/item/tel-aviv-area/x4rxjfm5,510,1
2200000,https://www.yad2.co.il/realestate/item/center-and-sharon/ufys3jcl,140,4.5,25,0.054545,בני ברק,גבעת רוקח,חיים פרל,32.0907458,34.8282567,2026-09-10T13:58:20+00:00,2026-04-30 18:40:17,,,10000,https://www.yad2.co.il/realestate/item/center-and-sharon/8truj8j3,543,2
1990000,https://www.yad2.co.il/realestate/item/tel-aviv-area/iulkmvte,100,4.0,40,0.054271,רמת גן,"נווה יהושע, ערמונים",הירדן 83,32.0696189,34.8287456,2026-09-11T06:01:45+00:00,2026-08-18 17:34:10,342,,9000,https://www.yad2.co.il/realestate/item/tel-aviv-area/jr2vo802,397,14
1750000,https://www.yad2.co.il/realestate/item/center-and-sharon/6r8c2r46,75,3.0,55,0.054171,פתח תקווה,לב המושבה / מרכז העיר,דוד וולפסון 11,32.086318,34.8883208,2026-09-10T14:02:53+00:00,2026-07-05 20:12:33,,,7900,https://www.yad2.co.il/realestate/item/center-and-sharon/kd3b0nx1,272,1
1750000,https://www.yad2.co.il/realestate/item/center-and-sharon/eazuncm7,80,3.0,55,0.054171,פתח תקווה,,,32.0877639,34.8859985,2026-09-10T14:02:53+00:00,2026-08-04 13:24:47,,,7900,https://www.yad2.co.il/realestate/item/center-and-sharon/kd3b0nx1,0,1
2000000,https://www.yad2.co.il/realestate/item/tel-aviv-area/me4sz030,145,5.5,40,0.054,רמת גן,רמת עמידר,,32.0677058,34.8364374,2026-09-11T06:01:45+00:00,2026-07-26 18:31:03,257,,9000,https://www.yad2.co.il/realestate/item/tel-aviv-area/8nqcn6vu,481,1
1670000,https://www.yad2.co.il/realestate/item/tel-aviv-area/to9q3fqe,33,1.5,15,0.053892,תל אביב יפו,פלורנטין,העלייה 62,32.0555244,34.772455,2026-09-10T17:40:33+00:00,2026-02-03 17:09:25,,,7500,https://www.yad2.co.il/realestate/item/tel-aviv-area/b3dbywvs,349,3
1760000,https://www.yad2.co.il/realestate/item/center-and-sharon/6hj7fsnw,75,3.0,25,0.053864,פתח תקווה,לב המושבה / מרכז העיר,,32.0871038,34.8848259,2026-09-10T14:02:53+00:00,2026-01-11 20:19:51,,,7900,https://www.yad2.co.il/realestate/item/center-and-sharon/kd3b0nx1,133,1
1760000,https://www.yad2.co.il/realestate/item/center-and-sharon/sikc43ti,86,3.0,25,0.053864,פתח תקווה,לב המושבה / מרכז העיר,מוהליבר,32.0874338,34.8851188,2026-09-10T14:02:53+00:00,2026-03-12 19:58:19,,,7900,https://www.yad2.co.il/realestate/item/center-and-sharon/kd3b0nx1,91,1
1760000,https://www.yad2.co.il/realestate/item/center-and-sharon/w5q78z7z,80,3,25,0.053864,פתח תקווה,עין גנים,פרישמן 22,32.0913871,34.8905806,2026-09-10T14:02:53+00:00,,,,7900,https://www.yad2.co.il/realestate/item/center-and-sharon/kd3b0nx1,590,1
1900000,https://www.yad2.co.il/realestate/item/tel-aviv-area/hawmzgna,40,2.0,15,0.053684,תל אביב יפו,פלורנטין,הרצל,32.0601104,34.7705598,2026-09-10T17:41:41+00:00,2026-06-02 10:36:06,,,8500,https://www.yad2.co.il/realestate/item/tel-aviv-area/qhoitl5t,193,3
1900000,https://www.yad2.co.il/realestate/item/tel-aviv-area/z9ks0ehw,80,3.0,40,0.053684,רמת גן,"מרום נווה, רמת יצחק","הרא""ה 189",32.0614683,34.8209442,2026-09-10T19:22:51+00:00,2026-09-01 17:51:01,182,,8500,https://www.yad2.co.il/realestate/item/tel-aviv-area/ogwvf2v8,444,3
1720000,https://www.yad2.co.il/realestate/item/tel-aviv-area/0ci14t7w,80,3.5,40,0.053372,תל אביב יפו,"התקוה, בית יעקב, נווה צה""ל",שלמון,32.0532639,34.7919801,2026-09-10T17:40:33+00:00,2026-07-16 17:18:57,,,7650,https://www.yad2.co.il/realestate/item/tel-aviv-area/8jv3378f,522,3
1799000,https://www.yad2.co.il/realestate/item/center-and-sharon/a1et0p8w,97,3.0,100,0.053363,פתח תקווה,,ברוך שפינוזה,32.0756923,34.8907513,2026-09-10T14:03:15+00:00,2026-08-12 20:17:29,,,8000,https://www.yad2.co.il/realestate/item/center-and-sharon/9z6563h2,529,1
1350000,https://www.yad2.co.il/realestate/item/center-and-sharon/oosidz6c,45,2.5,25,0.053333,בני ברק,"הפועל המזרחי ב', שיכון ב'",ירושלים 55,32.0854091,34.8299252,2026-09-10T13:55:42+00:00,2026-04-12 07:18:51,,,6000,https://www.yad2.co.il/realestate/item/center-and-sharon/1kidzi9k,559,1
2349000,https://www.yad2.co.il/realestate/item/tel-aviv-area/i9m98jg6,58,3.0,15,0.053129,תל אביב יפו,פלורנטין,,32.0577595,34.7686424,2026-09-10T17:45:05+00:00,2025-02-09 15:17:01,,,10400,https://www.yad2.co.il/realestate/item/tel-aviv-area/i7bslcip,428,1
2490000,https://www.yad2.co.il/realestate/item/tel-aviv-area/bilw4ij6,43,2.0,0,0.053012,תל אביב יפו,פלורנטין,נחלת בנימין,32.0554732,34.7716308,2026-09-10T17:46:36+00:00,2025-03-02 18:38:37,,,11000,https://www.yad2.co.il/realestate/item/tel-aviv-area/8ghe48lq,544,12
2490000,https://www.yad2.co.il/realestate/item/tel-aviv-area/h40yyxix,50,2.0,0,0.053012,תל אביב יפו,פלורנטין,נחלת בנימין,32.0554732,34.7716308,2026-09-10T17:46:36+00:00,2025-12-24 13:11:44,,,11000,https://www.yad2.co.il/realestate/item/tel-aviv-area/8ghe48lq,544,13
1790000,https://www.yad2.co.il/realestate/item/center-and-sharon/ex0p3gnq,95,3.0,25,0.052961,פתח תקווה,לב המושבה / מרכז העיר,רוטשילד,32.088419,34.8811436,2026-09-10T14:02:53+00:00,2026-06-25 10:42:42,,,7900,https://www.yad2.co.il/realestate/item/center-and-sharon/kd3b0nx1,463,2
1790000,https://www.yad2.co.il/realestate/item/center-and-sharon/m0j15mq9,75,3.0,55,0.052961,פתח תקווה,לב המושבה / מרכז העיר,חיים עוזר,32.0874262,34.8871775,2026-09-10T14:03:15+00:00,2025-07-16 14:41:22,,,7900,https://www.yad2.co.il/realestate/item/center-and-sharon/kd3b0nx1,117,1
1790000,https://www.yad2.co.il/realestate/item/center-and-sharon/wp3nadnx,78,3.0,25,0.052961,פתח תקווה,עין גנים,נחלת צבי,32.0916361,34.8895862,2026-09-10T14:03:15+00:00,2025-08-04 10:35:05,,,7900,https://www.yad2.co.il/realestate/item/center-and-sharon/kd3b0nx1,547,1
2390000,https://www.yad2.co.il/realestate/item/tel-aviv-area/ytwt7gfr,75,3.0,70,0.05272,תל אביב יפו,נווה שאנן,הקונגרס,32.0568824,34.7743739,2026-09-10T17:45:50+00:00,2026-06-24 12:01:49,,,10500,https://www.yad2.co.il/realestate/item/tel-aviv-area/p6fj72u4,248,22
1800000,https://www.yad2.co.il/realestate/item/center-and-sharon/q2lrozvh,85,3.0,25,0.052667,פתח תקווה,,,32.0877639,34.8859985,2026-09-10T14:03:39+00:00,2026-01-19 15:09:54,,,7900,https://www.yad2.co.il/realestate/item/center-and-sharon/kd3b0nx1,0,1
1780000,https://www.yad2.co.il/realestate/item/center-and-sharon/cy43dff4,85,4.0,25,0.052584,פתח תקווה,,רוטשילד 29,32.0926312,34.8810634,2026-09-10T14:03:15+00:00,2026-07-08 22:18:39,,,7800,https://www.yad2.co.il/realestate/item/center-and-sharon/v7blssbr,205,2
2400000,https://www.yad2.co.il/realestate/item/tel-aviv-area/3vhrd1p1,45,2.0,0,0.0525,תל אביב יפו,הצפון החדש - כיכר המדינה,קליי 8,32.0842863,34.7943759,2026-09-10T17:45:50+00:00,2026-06-23 11:58:41,,,10500,https://www.yad2.co.il/realestate/item/tel-aviv-area/1pxuo570,469,2
1900000,https://www.yad2.co.il/realestate/item/tel-aviv-area/vx4agogc,50,2.0,55,0.052421,תל אביב יפו,נווה שאנן,הגדוד העברי,32.0595485,34.7767968,2026-09-10T17:41:41+00:00,2025-02-24 17:05:49,,,8300,https://www.yad2.co.il/realestate/item/tel-aviv-area/dxubytxe,297,4
1900000,https://www.yad2.co.il/realestate/item/tel-aviv-area/wj2fl4bg,50,2.0,0,0.052421,תל אביב יפו,נווה שאנן,,32.058348,34.7797947,2026-09-10T17:41:41+00:00,2026-05-17 14:36:48,,,8300,https://www.yad2.co.il/realestate/item/tel-aviv-area/dxubytxe,550,3
1950000,https://www.yad2.co.il/realestate/item/tel-aviv-area/cvuwob4q,80,4.0,25,0.052308,תל אביב יפו,נווה שאנן,,32.058348,34.7797947,2026-09-10T17:42:04+00:00,2026-07-30 23:23:27,,,8500,https://www.yad2.co.il/realestate/item/tel-aviv-area/ek3oizxh,593,1
1495000,https://www.yad2.co.il/realestate/item/center-and-sharon/v5dkmyx3,55,3.0,55,0.052174,פתח תקווה,,,32.0877639,34.8859985,2026-09-10T14:36:37+00:00,2026-08-18 09:34:45,265,,6500,https://www.yad2.co.il/realestate/item/center-and-sharon/kxppdw08,0,1
2090000,https://www.yad2.co.il/realestate/item/tel-aviv-area/eb7jdhgt,46,3.0,0,0.051675,תל אביב יפו,פלורנטין,העלייה 62,32.0555244,34.772455,2026-09-10T17:43:14+00:00,2026-01-08 17:17:16,,,9000,https://www.yad2.co.il/realestate/item/tel-aviv-area/ytiw7a3e,153,1
2300000,https://www.yad2.co.il/realestate/item/tel-aviv-area/m7w125c5,31,2.0,0,0.051652,תל אביב יפו,פלורנטין,פלורנטין 25,32.056313,34.769463,2026-09-10T17:45:05+00:00,2026-08-29 13:33:32,,,9900,https://www.yad2.co.il/realestate/item/tel-aviv-area/s0wplgyo,178,4
2400000,https://www.yad2.co.il/realestate/item/tel-aviv-area/3aku7zs4,50,2.0,0,0.0515,תל אביב יפו,,הקונגרס,32.0568824,34.7743739,2026-09-10T17:45:50+00:00,2026-06-29 13:31:25,,,10300,https://www.yad2.co.il/realestate/item/tel-aviv-area/pyr6yuo6,453,8
2449900,https://www.yad2.co.il/realestate/item/tel-aviv-area/6v1hhv4g,80,3.0,0,0.051431,תל אביב יפו,נווה שאנן,איגר עקיבא,32.058348,34.7797947,2026-09-10T17:46:13+00:00,2026-05-11 12:03:27,,,10500,https://www.yad2.co.il/realestate/item/tel-aviv-area/zq4r9ub7,490,3
2450000,https://www.yad2.co.il/realestate/item/tel-aviv-area/1q9g8kd2,77,2.5,40,0.051429,תל אביב יפו,פלורנטין,וולפסון,32.0579566,34.7693602,2026-09-10T17:46:13+00:00,2026-01-31 21:51:14,,,10500,https://www.yad2.co.il/realestate/item/tel-aviv-area/p6fj72u4,357,21
2290000,https://www.yad2.co.il/realestate/item/tel-aviv-area/l8v4s9z7,70,3.0,0,0.051354,תל אביב יפו,שפירא,דרך שלמה 142,32.0548378,34.7753545,2026-09-10T17:44:43+00:00,2026-06-24 15:16:50,,,9800,https://www.yad2.co.il/realestate/item/tel-aviv-area/27aighrk,551,6
1849000,https://www.yad2.co.il/realestate/item/center-and-sharon/4jkumo47,76,3.0,70,0.051271,פתח תקווה,עין גנים,"רמב""ם 49",32.0887418,34.8907933,2026-09-10T14:03:39+00:00,2025-09-07 16:33:52,,,7900,https://www.yad2.co.il/realestate/item/center-and-sharon/kd3b0nx1,465,1
1580000,https://www.yad2.co.il/realestate/item/tel-aviv-area/e39u5ojz,50,3.0,40,0.051266,תל אביב יפו,"התקוה, בית יעקב, נווה צה""ל",דרך ההגנה,32.054146,34.787909,2026-09-10T17:40:12+00:00,2024-09-03 16:58:19,,,6750,https://www.yad2.co.il/realestate/item/tel-aviv-area/w2a0371o,578,1
1850000,https://www.yad2.co.il/realestate/item/center-and-sharon/5f8zgfwn,75,3.5,70,0.051243,פתח תקווה,לב המושבה / מרכז העיר,פרומקין,32.0926478,34.8845633,2026-09-10T14:03:15+00:00,2025-02-21 13:00:21,,,7900,https://www.yad2.co.il/realestate/item/center-and-sharon/kd3b0nx1,560,2
1850000,https://www.yad2.co.il/realestate/item/center-and-sharon/h0bhs3wd,75,3.0,70,0.051243,פתח תקווה,לב המושבה / מרכז העיר,משה הס,32.0883458,34.8888529,2026-09-10T14:32:51+00:00,2026-07-20 11:26:05,,,7900,https://www.yad2.co.il/realestate/item/center-and-sharon/kd3b0nx1,277,1
1950000,https://www.yad2.co.il/realestate/item/tel-aviv-area/qv0uf4va,56,2.0,0,0.051077,תל אביב יפו,נווה שאנן,הגדוד העברי 35,32.058804,34.778732,2026-09-10T17:42:04+00:00,2026-02-19 14:06:30,,,8300,https://www.yad2.co.il/realestate/item/tel-aviv-area/dxubytxe,449,4
1880000,https://www.yad2.co.il/realestate/item/center-and-sharon/z236qut8,115,4.5,70,0.051064,בני ברק,תל גיבורים,שדרות הרב יוסף חיים 10,32.0942476,34.8284279,2026-09-10T13:56:53+00:00,2025-09-01 09:41:39,,,8000,https://www.yad2.co.il/realestate/item/center-and-sharon/rec239dg,0,3
1530000,https://www.yad2.co.il/realestate/item/center-and-sharon/n5lz37wj,50,2.5,40,0.05098,פתח תקווה,,,32.0877639,34.8859985,2026-09-10T14:01:40+00:00,2026-08-05 12:31:47,348,,6500,https://www.yad2.co.il/realestate/item/center-and-sharon/kxppdw08,0,1
2450000,https://www.yad2.co.il/realestate/item/tel-aviv-area/0jhbvkvq,62,3.0,15,0.050939,תל אביב יפו,פלורנטין,כפר גלעדי,32.0592357,34.7702279,2026-09-10T17:46:13+00:00,2024-10-28 12:05:25,,,10400,https://www.yad2.co.il/realestate/item/tel-aviv-area/i7bslcip,267,1
1700000,https://www.yad2.co.il/realestate/item/center-and-sharon/awd0yiqr,78,3.0,25,0.050824,בני ברק,מרכז העיר,דרך זאב ז'בוטינסקי 124,32.09231,34.845371,2026-09-10T13:56:10+00:00,2026-01-04 21:18:51,,,7200,https://www.yad2.co.il/realestate/item/center-and-sharon/z4og0s6r,585,1
1890000,https://www.yad2.co.il/realestate/item/center-and-sharon/411e3ope,145,4.0,25,0.050794,פתח תקווה,אחדות,,32.0737592,34.8927251,2026-09-10T14:33:27+00:00,2025-10-30 21:24:45,,,8000,https://www.yad2.co.il/realestate/item/center-and-sharon/ti0m8id5,432,2
1890000,https://www.yad2.co.il/realestate/item/center-and-sharon/j8u0dr20,132,4.0,25,0.050794,פתח תקווה,אחדות,יניב,32.073578,34.893588,2026-09-10T14:33:50+00:00,2025-01-27 11:51:53,,,8000,https://www.yad2.co.il/realestate/item/center-and-sharon/ti0m8id5,414,1
1420000,https://www.yad2.co.il/realestate/item/center-and-sharon/dvusw5rm,62,2.5,25,0.050704,בני ברק,קרית נדבורנא,רב אמי,32.0776649,34.834497,2026-09-10T13:55:42+00:00,2026-08-27 14:30:39,67,,6000,https://www.yad2.co.il/realestate/item/center-and-sharon/1kidzi9k,486,1
1870000,https://www.yad2.co.il/realestate/item/center-and-sharon/9tq8pvij,75,3.0,40,0.050695,פתח תקווה,לב המושבה / מרכז העיר,יהודה הלוי,32.0885053,34.8897141,2026-09-10T14:33:27+00:00,2025-11-07 11:53:46,,,7900,https://www.yad2.co.il/realestate/item/center-and-sharon/kd3b0nx1,360,1
1870000,https://www.yad2.co.il/realestate/item/center-and-sharon/e1a812dw,75,3.0,40,0.050695,פתח תקווה,לב המושבה / מרכז העיר,יהודה הלוי,32.0885053,34.8897141,2026-09-10T14:33:27+00:00,2025-11-07 11:59:30,,,7900,https://www.yad2.co.il/realestate/item/center-and-sharon/kd3b0nx1,360,1
2250000,https://www.yad2.co.il/realestate/item/tel-aviv-area/gr0kn3ll,54,2.0,15,0.050667,תל אביב יפו,,,32.0852997,34.7818064,2026-09-10T17:44:21+00:00,2026-08-25 12:32:32,,,9500,https://www.yad2.co.il/realestate/item/tel-aviv-area/4dinu2u0,0,6
1990000,https://www.yad2.co.il/realestate/item/tel-aviv-area/hjj22nkh,95,4.0,0,0.050653,תל אביב יפו,נווה אליעזר וכפר שלם מזרח,"מח""ל",32.0490898,34.8065685,2026-09-10T17:42:27+00:00,2025-11-18 11:45:26,,,8400,https://www.yad2.co.il/realestate/item/tel-aviv-area/pe0ze4cc,321,4
2490000,https://www.yad2.co.il/realestate/item/tel-aviv-area/qw29c3qx,96,3.0,25,0.050602,תל אביב יפו,נווה שאנן,מנשה בן ישראל 5,32.056512,34.778091,2026-09-10T17:46:59+00:00,2026-02-04 17:14:21,,,10500,https://www.yad2.co.il/realestate/item/tel-aviv-area/xjuq81cj,528,12
2490000,https://www.yad2.co.il/realestate/item/tel-aviv-area/tao6pj3x,105,4.5,70,0.050602,תל אביב יפו,"יפו ד', גבעת התמרים",חיננית,32.0326405,34.7547014,2026-09-10T17:46:59+00:00,2026-02-27 11:33:09,,,10500,https://www.yad2.co.il/realestate/item/tel-aviv-area/6lqw1wy1,337,2
2490000,https://www.yad2.co.il/realestate/item/tel-aviv-area/v0ejff6h,85,3.0,70,0.050602,תל אביב יפו,,הקונגרס,32.0568824,34.7743739,2026-09-10T17:46:59+00:00,2026-09-01 17:57:48,,,10500,https://www.yad2.co.il/realestate/item/tel-aviv-area/p6fj72u4,248,24
1850000,https://www.yad2.co.il/realestate/item/center-and-sharon/jgqovy0o,100,3.5,70,0.050595,פתח תקווה,לב המושבה / מרכז העיר,רוטשילד 42,32.0912544,34.8803644,2026-09-10T14:32:51+00:00,2026-08-30 12:13:21,,,7800,https://www.yad2.co.il/realestate/item/center-and-sharon/v7blssbr,232,2
1640000,https://www.yad2.co.il/realestate/item/tel-aviv-area/2jwfsqzg,42,2.0,100,0.050488,תל אביב יפו,הצפון הישן - החלק הצפוני,שמעון התרסי 38,32.0946028,34.7811953,2026-09-10T17:40:12+00:00,2025-12-15 10:15:46,,,6900,https://www.yad2.co.il/realestate/item/tel-aviv-area/0vrt5lcx,277,5
2500000,https://www.yad2.co.il/realestate/item/tel-aviv-area/e7ysoqmv,60,3.0,40,0.0504,תל אביב יפו,,גורדון,32.0825035,34.7699641,2026-09-10T17:46:59+00:00,2026-09-03 14:30:16,67,,10500,https://www.yad2.co.il/realestate/item/tel-aviv-area/ef0w1s7c,68,12
2500000,https://www.yad2.co.il/realestate/item/tel-aviv-area/qag320ax,95,3.5,15,0.0504,רמת גן,תל בנימין,דרך אבא הלל,32.087118,34.806582,2026-09-11T06:12:42+00:00,2026-07-21 11:25:47,,,10500,https://www.yad2.co.il/realestate/item/tel-aviv-area/jrc971nk,435,9
2500000,https://www.yad2.co.il/realestate/item/tel-aviv-area/sg1fkel9,88,3.0,70,0.0504,תל אביב יפו,נווה שאנן,מנשה בן ישראל 5,32.056512,34.778091,2026-09-10T17:46:59+00:00,2026-01-21 16:05:56,,,10500,https://www.yad2.co.il/realestate/item/tel-aviv-area/xjuq81cj,528,13
2150000,https://www.yad2.co.il/realestate/item/tel-aviv-area/9vq0r4u1,46,2.0,25,0.050233,תל אביב יפו,הצפון הישן - החלק הצפוני,יהושע בן נון,32.0888394,34.7804823,2026-09-10T17:43:36+00:00,2026-02-09 10:16:30,,,9000,https://www.yad2.co.il/realestate/item/tel-aviv-area/s50irny2,262,9
2150000,https://www.yad2.co.il/realestate/item/tel-aviv-area/itbcyhy3,57,2.0,0,0.050233,תל אביב יפו,נווה שאנן,דרך שלמה,32.0549811,34.7743787,2026-09-10T17:43:36+00:00,2026-08-02 12:23:45,,,9000,https://www.yad2.co.il/realestate/item/tel-aviv-area/ytiw7a3e,341,6
2150000,https://www.yad2.co.il/realestate/item/tel-aviv-area/p9skvltj,50,2.0,0,0.050233,תל אביב יפו,נווה שאנן,דרך שלמה,32.0549811,34.7743787,2026-09-10T17:43:36+00:00,2026-01-26 11:31:03,,,9000,https://www.yad2.co.il/realestate/item/tel-aviv-area/ytiw7a3e,341,6
2150000,https://www.yad2.co.il/realestate/item/tel-aviv-area/v7pk96ax,50,2.0,0,0.050233,תל אביב יפו,נווה שאנן,דרך שלמה,32.0549811,34.7743787,2026-09-10T17:43:36+00:00,2026-08-11 16:22:21,,,9000,https://www.yad2.co.il/realestate/item/tel-aviv-area/ytiw7a3e,341,6
1650000,https://www.yad2.co.il/realestate/item/tel-aviv-area/2qaizh6b,60,3.0,55,0.050182,רמת גן,,ביאליק,32.0849863,34.8122928,2026-09-10T19:22:06+00:00,2026-06-07 00:45:01,,,6900,https://www.yad2.co.il/realestate/item/tel-aviv-area/9ciaki0a,475,6
1750000,https://www.yad2.co.il/realestate/item/tel-aviv-area/yuv6o68h,43,2.0,25,0.050057,תל אביב יפו,"מכללת תל אביב יפו, דקר",נסים איסקוב 13,32.0852997,34.7818064,2026-09-10T17:40:56+00:00,2026-09-01 16:19:05,,,7300,https://www.yad2.co.il/realestate/item/tel-aviv-area/4avtlfqf,213,6
2040000,https://www.yad2.co.il/realestate/item/tel-aviv-area/mzpn4rl1,85,4.0,25,0.05,תל אביב יפו,נווה אליעזר וכפר שלם מזרח,"מח""ל 54",32.0490898,34.8065685,2026-09-10T17:42:50+00:00,2026-06-23 13:51:16,,,8500,https://www.yad2.co.il/realestate/item/tel-aviv-area/lohezzlx,503,6
2399999,https://www.yad2.co.il/realestate/item/tel-aviv-area/s57lz2cj,90,3.0,25,0.05,תל אביב יפו,שפירא,,32.050971,34.7795813,2026-09-10T17:45:50+00:00,2024-08-04 12:45:11,,,10000,https://www.yad2.co.il/realestate/item/tel-aviv-area/71909kjg,563,2
1900000,https://www.yad2.co.il/realestate/item/center-and-sharon/imi8d926,85,3.0,25,0.049895,פתח תקווה,לב המושבה / מרכז העיר,יהודה הלוי 17,32.0885053,34.8897141,2026-09-10T14:33:50+00:00,2026-08-25 00:05:32,,,7900,https://www.yad2.co.il/realestate/item/center-and-sharon/kd3b0nx1,360,1
1900000,https://www.yad2.co.il/realestate/item/center-and-sharon/pyexmfrk,87,3.0,70,0.049895,פתח תקווה,המרכז השקט / מרכז העיר,דוד וולפסון 48,32.0872649,34.8916204,2026-09-10T14:34:12+00:00,2026-07-17 00:41:08,,,7900,https://www.yad2.co.il/realestate/item/center-and-sharon/kd3b0nx1,533,1
2050000,https://www.yad2.co.il/realestate/item/tel-aviv-area/rwbhdggn,104,2.5,25,0.049756,רמת גן,קרית בורוכוב,גרנדוס,32.069809,34.8202285,2026-09-11T06:02:07+00:00,2025-09-10 14:37:04,,,8500,https://www.yad2.co.il/realestate/item/tel-aviv-area/ogwvf2v8,493,4
2100000,https://www.yad2.co.il/realestate/item/tel-aviv-area/rf70pfqo,47,2.0,15,0.049714,תל אביב יפו,פלורנטין,העלייה,32.0549357,34.7722083,2026-09-10T17:43:14+00:00,2026-05-11 12:28:12,,,8700,https://www.yad2.co.il/realestate/item/tel-aviv-area/nv22i7e6,147,7
1450000,https://www.yad2.co.il/realestate/item/tel-aviv-area/easq461r,40,2.0,55,0.049655,תל אביב יפו,"מכללת תל אביב יפו, דקר",נס לגויים,32.0445178,34.7615043,2026-09-10T17:40:12+00:00,2026-02-03 23:17:36,,,6000,https://www.yad2.co.il/realestate/item/tel-aviv-area/vjbbhbmc,575,1
1695000,https://www.yad2.co.il/realestate/item/tel-aviv-area/9oj4bpil,54,2.5,40,0.049558,תל אביב יפו,נווה שאנן,,32.058348,34.7797947,2026-09-10T17:40:33+00:00,2026-07-12 15:57:02,196,,7000,https://www.yad2.co.il/realestate/item/tel-aviv-area/039x5hjr,536,6
2500000,https://www.yad2.co.il/realestate/item/tel-aviv-area/hgcpav9b,50,2.0,0,0.04944,תל אביב יפו,,צ'לנוב,32.0564642,34.7744967,2026-09-10T17:46:59+00:00,2025-08-17 19:02:02,,,10300,https://www.yad2.co.il/realestate/item/tel-aviv-area/pyr6yuo6,432,8
1700000,https://www.yad2.co.il/realestate/item/tel-aviv-area/66rhhpry,53,3.0,25,0.049412,תל אביב יפו,נווה שאנן,נווה שאנן,32.058371,34.7801023,2026-09-10T17:40:33+00:00,2026-04-26 11:44:57,,,7000,https://www.yad2.co.il/realestate/item/tel-aviv-area/039x5hjr,556,1
1580000,https://www.yad2.co.il/realestate/item/center-and-sharon/qw4zgmpu,50,3.0,70,0.049367,פתח תקווה,,,32.0877639,34.8859985,2026-09-10T14:01:40+00:00,2026-07-20 13:32:38,,,6500,https://www.yad2.co.il/realestate/item/center-and-sharon/kxppdw08,0,1
2390000,https://www.yad2.co.il/realestate/item/tel-aviv-area/e2uo41e1,63,3.0,0,0.049205,תל אביב יפו,פלורנטין,החלוצים 48,32.0587872,34.7730144,2026-09-10T17:45:50+00:00,2025-10-26 14:37:31,,,9800,https://www.yad2.co.il/realestate/item/tel-aviv-area/27aighrk,486,8
2440000,https://www.yad2.co.il/realestate/item/tel-aviv-area/rp8qcflk,63,3.0,25,0.04918,תל אביב יפו,פלורנטין,כפר גלעדי,32.0592357,34.7702279,2026-09-10T17:46:13+00:00,2025-11-24 11:57:22,,,10000,https://www.yad2.co.il/realestate/item/tel-aviv-area/se3c2bjg,521,10
2200000,https://www.yad2.co.il/realestate/item/tel-aviv-area/70dwd17a,63,2.0,40,0.049091,תל אביב יפו,,,32.0852997,34.7818064,2026-09-10T17:43:59+00:00,2026-07-16 17:13:15,,,9000,https://www.yad2.co.il/realestate/item/tel-aviv-area/s50irny2,450,10
2400000,https://www.yad2.co.il/realestate/item/tel-aviv-area/c6qfeg5o,60,3.0,0,0.049,תל אביב יפו,פלורנטין,כפר גלעדי,32.0592357,34.7702279,2026-09-10T17:46:13+00:00,2025-11-04 10:06:57,,,9800,https://www.yad2.co.il/realestate/item/tel-aviv-area/27aighrk,416,5
2450000,https://www.yad2.co.il/realestate/item/tel-aviv-area/gomymy8g,50,2.0,0,0.04898,תל אביב יפו,,,32.0852997,34.7818064,2026-09-10T17:46:13+00:00,2025-10-29 06:21:40,,,10000,https://www.yad2.co.il/realestate/item/tel-aviv-area/7qk24olp,0,4
1675000,https://www.yad2.co.il/realestate/item/tel-aviv-area/247d7l76,45,2.0,40,0.048716,תל אביב יפו,שפירא,חזקיהו המלך,32.0535731,34.7769734,2026-09-10T17:40:33+00:00,2023-06-10 21:39:11,,,6800,https://www.yad2.co.il/realestate/item/tel-aviv-area/spzp0k0u,569,6
1700000,https://www.yad2.co.il/realestate/item/tel-aviv-area/lnkditu4,75,2.5,55,0.048706,רמת גן,"שכונת יהלום, מרכז העיר ב",אלכסנדר 1,32.0801222,34.8156105,2026-09-10T19:22:06+00:00,2026-04-12 14:36:16,,,6900,https://www.yad2.co.il/realestate/item/tel-aviv-area/9ciaki0a,472,15
1950000,https://www.yad2.co.il/realestate/item/center-and-sharon/bjepyrkm,75,3.5,55,0.048615,פתח תקווה,לב המושבה / מרכז העיר,רוטשילד,32.088419,34.8811436,2026-09-10T14:34:12+00:00,2025-08-28 10:49:19,,,7900,https://www.yad2.co.il/realestate/item/center-and-sharon/kd3b0nx1,463,2
1975000,https://www.yad2.co.il/realestate/item/tel-aviv-area/f9lw4j8w,60,3.0,25,0.048608,תל אביב יפו,"צהלון, שיכוני חסכון",שבטי ישראל 15,32.0474416,34.7558801,2026-09-10T17:42:04+00:00,2026-08-14 13:09:59,,,8000,https://www.yad2.co.il/realestate/item/tel-aviv-area/g139um55,408,3
1975000,https://www.yad2.co.il/realestate/item/tel-aviv-area/pd7aujb3,60,3.0,25,0.048608,תל אביב יפו,"צהלון, שיכוני חסכון",שבטי ישראל 15,32.0474416,34.7558801,2026-09-10T17:42:27+00:00,2026-08-14 18:48:43,,,8000,https://www.yad2.co.il/realestate/item/tel-aviv-area/g139um55,408,3
2099000,https://www.yad2.co.il/realestate/item/tel-aviv-area/jhnjxjtw,78,3.0,55,0.048595,רמת גן,נגבה,השר משה,32.0667568,34.8243809,2026-09-11T06:02:51+00:00,2026-05-16 12:34:37,,,8500,https://www.yad2.co.il/realestate/item/tel-aviv-area/ogwvf2v8,438,8
2100000,https://www.yad2.co.il/realestate/item/tel-aviv-area/fpr2vzcs,50,2.5,40,0.048571,תל אביב יפו,פלורנטין,,32.0577595,34.7686424,2026-09-10T17:43:14+00:00,2026-08-26 18:44:11,121,,8500,https://www.yad2.co.il/realestate/item/tel-aviv-area/47enmt5n,396,18
2100000,https://www.yad2.co.il/realestate/item/tel-aviv-area/vu6nd08e,56,2.5,40,0.048571,תל אביב יפו,"גבעת הרצל, אזור המלאכה יפו",אבולעפיה,32.0532945,34.7694371,2026-09-10T17:43:14+00:00,2026-08-27 13:32:05,,,8500,https://www.yad2.co.il/realestate/item/tel-aviv-area/47enmt5n,512,16
2200000,https://www.yad2.co.il/realestate/item/tel-aviv-area/7zxcsp0b,52,2.0,25,0.048545,תל אביב יפו,הצפון הישן - החלק הצפוני,"יהל""ל",32.0839341,34.7771685,2026-09-10T17:43:59+00:00,2025-11-24 10:27:46,,,8900,https://www.yad2.co.il/realestate/item/tel-aviv-area/dp2gvctl,250,11
2200000,https://www.yad2.co.il/realestate/item/tel-aviv-area/pbsqkt2j,49,2.0,25,0.048545,תל אביב יפו,הצפון הישן - החלק הצפוני,"יהל""ל",32.0839341,34.7771685,2026-09-10T17:43:59+00:00,2026-01-25 19:46:13,,,8900,https://www.yad2.co.il/realestate/item/tel-aviv-area/dp2gvctl,250,11
2425000,https://www.yad2.co.il/realestate/item/tel-aviv-area/xbpsu35o,60,3.0,0,0.048495,תל אביב יפו,פלורנטין,כפר גלעדי,32.0592357,34.7702279,2026-09-10T17:46:13+00:00,2025-01-18 22:53:39,,,9800,https://www.yad2.co.il/realestate/item/tel-aviv-area/27aighrk,416,5
1988000,https://www.yad2.co.il/realestate/item/tel-aviv-area/xsofnuqu,58,3.0,40,0.04829,תל אביב יפו,"צפון יפו, המושבה האמריקאית-גרמנית",יהודה הימית,32.0496034,34.7588866,2026-09-10T17:42:27+00:00,2026-01-04 15:26:55,,,8000,https://www.yad2.co.il/realestate/item/tel-aviv-area/g139um55,58,4
1790000,https://www.yad2.co.il/realestate/item/center-and-sharon/sc34trca,95,3.0,25,0.048268,פתח תקווה,לב המושבה / מרכז העיר,סעדיה גאון,32.0882258,34.8793525,2026-09-10T14:03:15+00:00,2026-09-02 10:28:24,68,,7200,https://www.yad2.co.il/realestate/item/center-and-sharon/z0nwhgsv,368,1
1990000,https://www.yad2.co.il/realestate/item/tel-aviv-area/91ng6giz,100,4.0,15,0.048241,רמת גן,"נווה יהושע, ערמונים",אריה בן אליעזר,32.0638552,34.8329584,2026-09-10T19:22:51+00:00,2026-03-26 09:46:06,,,8000,https://www.yad2.co.il/realestate/item/tel-aviv-area/an8mcj1c,0,6
1990000,https://www.yad2.co.il/realestate/item/tel-aviv-area/qpap1m9h,50,3.0,25,0.048241,תל אביב יפו,"צהלון, שיכוני חסכון",,32.0852997,34.7818064,2026-09-10T17:42:27+00:00,2026-06-09 14:04:54,,,8000,https://www.yad2.co.il/realestate/item/tel-aviv-area/be897op4,445,4
2390000,https://www.yad2.co.il/realestate/item/tel-aviv-area/7oaojsqv,95,4.0,0,0.048201,רמת גן,נגבה,חד נס 18,32.0657834,34.8252339,2026-09-11T06:08:47+00:00,2026-04-26 22:00:55,,,9600,https://www.yad2.co.il/realestate/item/tel-aviv-area/xzen97ry,159,35
1999000,https://www.yad2.co.il/realestate/item/tel-aviv-area/3w6xt20f,100,4.0,15,0.048024,רמת גן,"נווה יהושע, ערמונים",אריה בן אליעזר,32.0638552,34.8329584,2026-09-11T06:01:45+00:00,2026-03-25 16:45:35,,,8000,https://www.yad2.co.il/realestate/item/tel-aviv-area/an8mcj1c,0,6
1999000,https://www.yad2.co.il/realestate/item/tel-aviv-area/ld7yz7wy,100,4.0,15,0.048024,רמת גן,"נווה יהושע, ערמונים",אריה בן אליעזר,32.0638552,34.8329584,2026-09-11T06:01:45+00:00,2026-03-25 16:54:52,,,8000,https://www.yad2.co.il/realestate/item/tel-aviv-area/an8mcj1c,0,6
2250000,https://www.yad2.co.il/realestate/item/tel-aviv-area/6fn35j3n,80,4.0,0,0.048,תל אביב יפו,"נווה ברבור, כפר שלם מערב",דרך ההגנה,32.053361,34.802179,2026-09-10T17:44:21+00:00,2025-04-08 14:13:54,,,9000,https://www.yad2.co.il/realestate/item/tel-aviv-area/x1xv33lr,313,1
1750000,https://www.yad2.co.il/realestate/item/tel-aviv-area/7jaryi02,60,2.5,25,0.048,תל אביב יפו,נווה שאנן,נווה שאנן,32.058371,34.7801023,2026-09-10T17:40:33+00:00,2025-04-21 13:23:00,,,7000,https://www.yad2.co.il/realestate/item/tel-aviv-area/039x5hjr,556,7
2500000,https://www.yad2.co.il/realestate/item/tel-aviv-area/8z8nf4wm,48,2.0,0,0.048,תל אביב יפו,,,32.0852997,34.7818064,2026-09-10T17:46:59+00:00,2024-12-23 13:33:45,,,10000,https://www.yad2.co.il/realestate/item/tel-aviv-area/7qk24olp,0,4
2250000,https://www.yad2.co.il/realestate/item/tel-aviv-area/b0a037hw,56,3.0,0,0.048,תל אביב יפו,פלורנטין,,32.0577595,34.7686424,2026-09-10T17:44:21+00:00,2026-01-06 21:22:34,,,9000,https://www.yad2.co.il/realestate/item/tel-aviv-area/ytiw7a3e,320,3
1750000,https://www.yad2.co.il/realestate/item/center-and-sharon/d71ww1lu,86,4.0,25,0.048,בני ברק,קרית הרצוג,,32.0873899,34.8324376,2026-09-10T13:56:10+00:00,2026-07-16 07:55:42,390,,7000,https://www.yad2.co.il/realestate/item/center-and-sharon/airpfwg1,0,2
2500000,https://www.yad2.co.il/realestate/item/tel-aviv-area/gblta7nl,102,4.0,0,0.048,רמת גן,נגבה,,32.0700135,34.8306576,2026-09-11T06:12:23+00:00,2026-07-08 15:06:46,,,10000,https://www.yad2.co.il/realestate/item/tel-aviv-area/nr73jh2c,582,24
1950000,https://www.yad2.co.il/realestate/item/center-and-sharon/pa9fk7wl,110,4.0,25,0.048,בני ברק,פרדס כץ,הרב דנגור,32.0958426,34.8320152,2026-09-10T13:57:15+00:00,2025-11-05 16:59:27,,,7800,https://www.yad2.co.il/realestate/item/tel-aviv-area/n94rhiu5,552,2
2380000,https://www.yad2.co.il/realestate/item/tel-aviv-area/mdn5pise,52,3.0,0,0.047899,תל אביב יפו,פלורנטין,חיים בן עטר,32.0555749,34.7683661,2026-09-10T17:45:29+00:00,2025-12-24 13:37:07,,,9500,https://www.yad2.co.il/realestate/item/tel-aviv-area/fma23gii,163,4
2130000,https://www.yad2.co.il/realestate/item/tel-aviv-area/dwzdc1fa,85,3.5,55,0.047887,רמת גן,נגבה,בר יוחאי,32.0643721,34.824988,2026-09-11T06:03:13+00:00,2026-08-03 23:25:49,,,8500,https://www.yad2.co.il/realestate/item/tel-aviv-area/ogwvf2v8,481,16
2130000,https://www.yad2.co.il/realestate/item/tel-aviv-area/kbdb0u09,85,3.5,55,0.047887,רמת גן,נגבה,בר יוחאי,32.0643721,34.824988,2026-09-11T06:03:13+00:00,2026-07-29 12:21:12,,,8500,https://www.yad2.co.il/realestate/item/tel-aviv-area/ogwvf2v8,481,16
1630000,https://www.yad2.co.il/realestate/item/center-and-sharon/ogqnvwye,64,2.5,25,0.047853,פתח תקווה,לב המושבה / מרכז העיר,אוסישקין 23,32.0897841,34.8865528,2026-09-10T14:02:05+00:00,2026-09-07 14:55:16,,,6500,https://www.yad2.co.il/realestate/item/center-and-sharon/kxppdw08,231,1
2390000,https://www.yad2.co.il/realestate/item/tel-aviv-area/9m3utdc6,94,4.0,0,0.047699,תל אביב יפו,נווה חן,דרך הטייסים,32.054438,34.810845,2026-09-10T17:45:50+00:00,2026-08-05 14:54:18,,,9500,https://www.yad2.co.il/realestate/item/tel-aviv-area/e93nce8e,551,4
2190000,https://www.yad2.co.il/realestate/item/tel-aviv-area/3ded69gv,43,2.0,15,0.047671,תל אביב יפו,פלורנטין,העלייה 62,32.0555244,34.772455,2026-09-10T17:43:36+00:00,2026-08-27 16:11:33,,,8700,https://www.yad2.co.il/realestate/item/tel-aviv-area/nv22i7e6,153,5
1642000,https://www.yad2.co.il/realestate/item/center-and-sharon/czkpf003,61,3.0,25,0.047503,פתח תקווה,לב המושבה / מרכז העיר,ברון הירש 8,32.0897873,34.8824314,2026-09-10T14:02:05+00:00,2026-08-17 15:54:48,,,6500,https://www.yad2.co.il/realestate/item/center-and-sharon/kxppdw08,404,1
2100000,https://www.yad2.co.il/realestate/item/tel-aviv-area/vlgpujbq,55,2.0,0,0.047429,תל אביב יפו,נווה שאנן,,32.058348,34.7797947,2026-09-10T17:43:14+00:00,2026-01-25 12:08:08,,,8300,https://www.yad2.co.il/realestate/item/tel-aviv-area/dxubytxe,550,3
1699000,https://www.yad2.co.il/realestate/item/tel-aviv-area/kwe2ak8r,45,2.0,55,0.047322,גבעתיים,גבעת הרמבם,יד מרדכי,32.0692814,34.8053815,2026-09-10T14:00:06+00:00,2026-04-13 06:04:41,,,6700,https://www.yad2.co.il/realestate/item/tel-aviv-area/r9qkq74q,252,3
1750000,https://www.yad2.co.il/realestate/item/tel-aviv-area/ymenv5pr,35,2.0,40,0.047314,תל אביב יפו,הצפון החדש -החלק הצפוני,יוחנן הגדי,32.0943283,34.7857366,2026-09-10T17:40:56+00:00,2026-07-29 11:58:45,516,,6900,https://www.yad2.co.il/realestate/item/tel-aviv-area/3ra6xf1m,276,6
1650000,https://www.yad2.co.il/realestate/item/center-and-sharon/4ho4peeo,65,3.0,25,0.047273,פתח תקווה,,מונטיפיורי,32.0854804,34.8840404,2026-09-10T14:02:05+00:00,2026-02-09 11:16:51,,,6500,https://www.yad2.co.il/realestate/item/center-and-sharon/kxppdw08,314,1
1650000,https://www.yad2.co.il/realestate/item/center-and-sharon/6fkfl43p,45,3.0,100,0.047273,פתח תקווה,,,32.0877639,34.8859985,2026-09-10T14:02:53+00:00,2026-09-06 16:06:25,,,6500,https://www.yad2.co.il/realestate/item/center-and-sharon/kxppdw08,0,1
1650000,https://www.yad2.co.il/realestate/item/center-and-sharon/6gtbs79z,60,2.5,25,0.047273,פתח תקווה,לב המושבה / מרכז העיר,מוהליבר,32.0874338,34.8851188,2026-09-10T14:02:05+00:00,2026-01-27 11:12:01,,,6500,https://www.yad2.co.il/realestate/item/center-and-sharon/kxppdw08,91,1
1650000,https://www.yad2.co.il/realestate/item/center-and-sharon/bf98f7ja,51,2.5,70,0.047273,פתח תקווה,המרכז השקט / מרכז העיר,דוד וולפסון,32.0867487,34.8899184,2026-09-10T14:02:05+00:00,2025-09-17 17:33:58,,,6500,https://www.yad2.co.il/realestate/item/center-and-sharon/kxppdw08,386,1
1650000,https://www.yad2.co.il/realestate/item/center-and-sharon/uu37lww2,50,2.5,55,0.047273,פתח תקווה,לב המושבה / מרכז העיר,רוטשילד,32.088419,34.8811436,2026-09-10T14:34:12+00:00,2025-02-17 21:46:53,,,6500,https://www.yad2.co.il/realestate/item/center-and-sharon/kxppdw08,463,1
1550000,https://www.yad2.co.il/realestate/item/center-and-sharon/x252n6bl,70,3.0,25,0.047226,בני ברק,מרכז העיר,הרב מלצר 12,32.0816707,34.8376024,2026-09-10T13:56:10+00:00,2026-08-02 01:53:36,395,,6100,https://www.yad2.co.il/realestate/item/center-and-sharon/dxxgn592,504,2
2160000,https://www.yad2.co.il/realestate/item/tel-aviv-area/xfew32xt,85,3.5,100,0.047222,רמת גן,נגבה,בר יוחאי,32.0643721,34.824988,2026-09-11T06:03:56+00:00,2026-08-12 16:50:22,,,8500,https://www.yad2.co.il/realestate/item/tel-aviv-area/ogwvf2v8,481,16
1920000,https://www.yad2.co.il/realestate/item/tel-aviv-area/rfnp7uvb,28,1.5,25,0.047188,תל אביב יפו,הצפון הישן - החלק הדרומי,בוגרשוב 15,32.0761615,34.7712402,2026-09-10T17:41:41+00:00,2026-07-07 15:45:26,,,7550,https://www.yad2.co.il/realestate/item/tel-aviv-area/hg16rklk,546,2
2289000,https://www.yad2.co.il/realestate/item/tel-aviv-area/ya9gih8o,121,4.0,15,0.047182,רמת גן,"נווה רם, שיכון מזרחי",,32.0686867,34.8246812,2026-09-11T06:06:06+00:00,2026-07-14 10:30:27,,,9000,https://www.yad2.co.il/realestate/item/tel-aviv-area/jr2vo802,0,15
2290000,https://www.yad2.co.il/realestate/item/tel-aviv-area/23do4ztd,65,2.0,70,0.047162,תל אביב יפו,"עג'מי, גבעת העליה",ההגה 2,32.0852997,34.7818064,2026-09-10T17:44:43+00:00,2026-06-02 10:29:00,,,9000,https://www.yad2.co.il/realestate/item/tel-aviv-area/s50irny2,450,9
2140000,https://www.yad2.co.il/realestate/item/center-and-sharon/zrqjq0ba,80,3.5,0,0.047103,בני ברק,הר שלום,צפת,32.0878429,34.8241871,2026-09-10T13:57:59+00:00,2026-06-15 19:31:24,,,8400,https://www.yad2.co.il/realestate/item/tel-aviv-area/34ta1kfv,381,5
1580000,https://www.yad2.co.il/realestate/item/tel-aviv-area/ijhm2j9y,30,1.0,15,0.047089,תל אביב יפו,הצפון הישן - החלק הצפוני,דיזנגוף,32.0856731,34.7745875,2026-09-10T17:40:12+00:00,2025-02-18 12:48:15,,,6200,https://www.yad2.co.il/realestate/item/tel-aviv-area/vsmiw32h,496,1
1990000,https://www.yad2.co.il/realestate/item/center-and-sharon/km3woozy,75,4.0,25,0.047035,פתח תקווה,לב המושבה / מרכז העיר,חכם יוסף חיים,32.0923889,34.8827204,2026-09-10T14:34:56+00:00,2026-06-18 11:29:50,,,7800,https://www.yad2.co.il/realestate/item/center-and-sharon/v7blssbr,363,1
2300000,https://www.yad2.co.il/realestate/item/tel-aviv-area/bzr4dm45,52,3.0,0,0.046957,תל אביב יפו,נווה שאנן,דרך שלמה,32.0549811,34.7743787,2026-09-10T17:45:05+00:00,2026-01-26 11:03:53,,,9000,https://www.yad2.co.il/realestate/item/tel-aviv-area/ytiw7a3e,341,1
2250000,https://www.yad2.co.il/realestate/item/tel-aviv-area/halz4054,85,4.0,25,0.046933,רמת גן,תל יהודה,חורגין,32.07352,34.8210114,2026-09-11T06:05:43+00:00,2026-01-13 14:54:20,,,8800,https://www.yad2.co.il/realestate/item/tel-aviv-area/xq1vz86e,212,16
2250000,https://www.yad2.co.il/realestate/item/tel-aviv-area/ofz9sihc,94,4.0,70,0.046933,רמת גן,יד לבנים,עוזיאל,32.0738777,34.8231251,2026-09-11T06:05:43+00:00,2025-12-11 11:57:17,,,8800,https://www.yad2.co.il/realestate/item/tel-aviv-area/aeukj1pv,519,6
1790000,https://www.yad2.co.il/realestate/item/tel-aviv-area/e5yg803k,67,3.5,25,0.046927,רמת גן,"שכונת יהלום, מרכז העיר ב",קריניצי 5,32.0809288,34.8185148,2026-09-10T19:22:30+00:00,2026-08-19 16:25:22,380,,7000,https://www.yad2.co.il/realestate/item/tel-aviv-area/0q66dodi,415,6
1995000,https://www.yad2.co.il/realestate/item/tel-aviv-area/vhbl2ulo,64,2.0,40,0.046917,תל אביב יפו,,הגדוד העברי,32.0601718,34.7753653,2026-09-10T17:42:27+00:00,2025-07-24 09:12:36,,,7800,https://www.yad2.co.il/realestate/item/tel-aviv-area/4zenx497,285,10
2050000,https://www.yad2.co.il/realestate/item/tel-aviv-area/h8udw9ws,75,3.0,70,0.046829,רמת גן,יד לבנים,עוזיאל,32.0738777,34.8231251,2026-09-11T06:02:07+00:00,2026-09-10 11:41:29,,,8000,https://www.yad2.co.il/realestate/item/tel-aviv-area/37nfrjhv,596,4
2000000,https://www.yad2.co.il/realestate/item/center-and-sharon/ith6clh5,500,3.5,25,0.0468,פתח תקווה,לב המושבה / מרכז העיר,מוהליבר,32.0874338,34.8851188,2026-09-10T14:35:20+00:00,2026-01-15 10:21:47,,,7800,https://www.yad2.co.il/realestate/item/center-and-sharon/r564m9az,91,1
1900000,https://www.yad2.co.il/realestate/item/tel-aviv-area/p998imzr,24,1.0,0,0.046737,תל אביב יפו,הצפון הישן - החלק הדרומי,מנדלי מוכר ספרים 7,32.07926,34.768915,2026-09-10T17:41:41+00:00,2025-05-25 13:57:20,,,7400,https://www.yad2.co.il/realestate/item/tel-aviv-area/69enbxp8,574,1
1670000,https://www.yad2.co.il/realestate/item/center-and-sharon/o0qd7pup,55,3.0,40,0.046707,פתח תקווה,,,32.0877639,34.8859985,2026-09-10T14:36:37+00:00,2026-05-13 14:06:47,,,6500,https://www.yad2.co.il/realestate/item/center-and-sharon/kxppdw08,0,1
1850000,https://www.yad2.co.il/realestate/item/center-and-sharon/cq8tpm29,80,3.0,55,0.046703,פתח תקווה,רמת ורבר,ברל כצנלסון,32.0862419,34.8753866,2026-09-10T14:03:39+00:00,2026-07-01 10:49:22,,,7200,https://www.yad2.co.il/realestate/item/center-and-sharon/z0nwhgsv,359,1
1800000,https://www.yad2.co.il/realestate/item/center-and-sharon/m8ncipa7,80,3.5,25,0.046667,בני ברק,הר שלום,מירון,32.0873381,34.8238035,2026-09-10T13:56:32+00:00,2026-06-28 12:50:35,,,7000,https://www.yad2.co.il/realestate/item/tel-aviv-area/4dtxr397,512,4
2290000,https://www.yad2.co.il/realestate/item/tel-aviv-area/3lg0n234,50,2.0,25,0.046638,תל אביב יפו,,ויזל,32.0842089,34.7778448,2026-09-10T17:44:43+00:00,2026-05-14 15:25:20,,,8900,https://www.yad2.co.il/realestate/item/tel-aviv-area/dp2gvctl,318,10
2190000,https://www.yad2.co.il/realestate/item/tel-aviv-area/4hd4uy42,42,2.0,15,0.046575,תל אביב יפו,פלורנטין,פלורנטין,32.0562372,34.767511,2026-09-10T17:43:36+00:00,2026-03-30 15:19:47,,,8500,https://www.yad2.co.il/realestate/item/tel-aviv-area/qhoitl5t,574,5
2190000,https://www.yad2.co.il/realestate/item/tel-aviv-area/n91yd2i6,55,2.0,15,0.046575,תל אביב יפו,פלורנטין,פלורנטין,32.0562372,34.767511,2026-09-10T17:43:59+00:00,2026-06-17 13:49:09,,,8500,https://www.yad2.co.il/realestate/item/tel-aviv-area/qhoitl5t,574,6
2190000,https://www.yad2.co.il/realestate/item/tel-aviv-area/wkkkkr5j,79,2.5,25,0.046575,רמת גן,קרית בורוכוב,,32.0686867,34.8246812,2026-09-11T06:04:38+00:00,2026-03-06 14:57:16,,,8500,https://www.yad2.co.il/realestate/item/tel-aviv-area/ogwvf2v8,572,6
1600000,https://www.yad2.co.il/realestate/item/tel-aviv-area/vbq0y8jd,60,3.5,25,0.0465,תל אביב יפו,"התקוה, בית יעקב, נווה צה""ל",יקותיאל 35,32.0510905,34.7880178,2026-09-10T17:40:12+00:00,2026-08-11 17:02:08,,,6200,https://www.yad2.co.il/realestate/item/tel-aviv-area/oy6a6fut,439,1
1550000,https://www.yad2.co.il/realestate/item/center-and-sharon/h40o93x2,68,2.5,25,0.046452,פתח תקווה,המרכז השקט / מרכז העיר,שפרינצק,32.0769795,34.8915818,2026-09-10T14:35:20+00:00,2026-08-13 11:01:26,,,6000,https://www.yad2.co.il/realestate/item/center-and-sharon/g5x06h11,566,1
2250000,https://www.yad2.co.il/realestate/item/tel-aviv-area/uhge1qwv,130,4.0,40,0.0464,תל אביב יפו,"התקוה, בית יעקב, נווה צה""ל",כרמי,32.0504755,34.7889061,2026-09-10T17:44:43+00:00,2023-07-03 13:40:43,,,8700,https://www.yad2.co.il/realestate/item/tel-aviv-area/rg1ey3f9,261,2
1940000,https://www.yad2.co.il/realestate/item/tel-aviv-area/kx0ui8p0,75,3.5,0,0.046392,תל אביב יפו,נווה חן,מעפילי אגוז 5,32.0548271,34.8083226,2026-09-10T17:42:04+00:00,2026-01-29 15:02:35,,,7500,https://www.yad2.co.il/realestate/item/tel-aviv-area/oe9c91fs,0,4
2199000,https://www.yad2.co.il/realestate/item/tel-aviv-area/e92ac10n,85,3.0,0,0.046385,רמת גן,חרוזים,אנה פרנק,32.090162,34.803697,2026-09-11T06:04:38+00:00,2026-06-22 10:29:47,,,8500,https://www.yad2.co.il/realestate/item/tel-aviv-area/atpy3kif,162,1
2200000,https://www.yad2.co.il/realestate/item/tel-aviv-area/2lwfra7z,51,2.0,25,0.046364,תל אביב יפו,פלורנטין,הרצל 94,32.0575816,34.7708519,2026-09-10T17:43:59+00:00,2026-09-02 18:04:30,167,,8500,https://www.yad2.co.il/realestate/item/tel-aviv-area/47enmt5n,579,16
2200000,https://www.yad2.co.il/realestate/item/tel-aviv-area/g5sldmb9,90,3.0,25,0.046364,רמת גן,תל יהודה,,32.0723428,34.8216551,2026-09-11T06:04:38+00:00,2025-11-11 12:36:49,,,8500,https://www.yad2.co.il/realestate/item/tel-aviv-area/3oz8saov,360,15
2200000,https://www.yad2.co.il/realestate/item/tel-aviv-area/lxa2n5st,75,2.5,25,0.046364,רמת גן,שכונת גפן,דרך זאב ז'בוטינסקי 91,32.0686867,34.8246812,2026-09-11T06:05:00+00:00,2026-06-19 18:16:09,,,8500,https://www.yad2.co.il/realestate/item/tel-aviv-area/ogwvf2v8,572,6
2460000,https://www.yad2.co.il/realestate/item/tel-aviv-area/88iixvv0,112,4.0,0,0.046341,תל אביב יפו,נווה חן,מעפילי אגוז 24,32.0545734,34.8098708,2026-09-10T17:46:36+00:00,2025-03-01 20:40:23,,,9500,https://www.yad2.co.il/realestate/item/tel-aviv-area/e93nce8e,542,5
1790000,https://www.yad2.co.il/realestate/item/tel-aviv-area/r3kma6q0,67,3.0,55,0.046257,רמת גן,יד לבנים,עוזיאל 36,32.0738777,34.8231251,2026-09-10T19:22:30+00:00,2026-07-28 18:16:52,145,,6900,https://www.yad2.co.il/realestate/item/tel-aviv-area/5d2evt11,596,7
2220000,https://www.yad2.co.il/realestate/item/tel-aviv-area/k2t3mwtm,68,3.0,55,0.046243,תל אביב יפו,שפירא,לבנדה 20,32.0540974,34.7821762,2026-09-10T17:44:21+00:00,2026-05-31 20:23:22,,,8555,https://www.yad2.co.il/realestate/item/tel-aviv-area/zspzh098,523,3
1650000,https://www.yad2.co.il/realestate/item/tel-aviv-area/xd1vy3rn,49,2.0,40,0.046182,תל אביב יפו,שפירא,"רלב""ג",32.051529,34.7790514,2026-09-10T17:40:33+00:00,2026-08-25 10:28:02,,,6350,https://www.yad2.co.il/realestate/item/tel-aviv-area/pm4fni84,583,1
1690000,https://www.yad2.co.il/realestate/item/tel-aviv-area/b5gb8aa7,60,3.0,100,0.046154,רמת גן,יד לבנים,עוזיאל,32.0738777,34.8231251,2026-09-10T19:22:06+00:00,2026-08-16 00:04:54,,,6500,https://www.yad2.co.il/realestate/item/tel-aviv-area/p0jrmdkz,596,5
1950000,https://www.yad2.co.il/realestate/item/tel-aviv-area/i5xr8r8q,75,3.5,0,0.046154,תל אביב יפו,נווה חן,מעפילי אגוז 9,32.0516482,34.8114612,2026-09-10T17:42:04+00:00,2026-05-28 07:41:13,,,7500,https://www.yad2.co.il/realestate/item/tel-aviv-area/oe9c91fs,461,5
1690000,https://www.yad2.co.il/realestate/item/center-and-sharon/snwrr7uy,68,3.5,70,0.046154,פתח תקווה,לב המושבה / מרכז העיר,משה מרקוס 7,32.0871038,34.8848259,2026-09-10T14:02:05+00:00,2026-09-06 19:39:57,,,6500,https://www.yad2.co.il/realestate/item/center-and-sharon/kxppdw08,133,1
1690000,https://www.yad2.co.il/realestate/item/center-and-sharon/wkz4wq0e,60,2.5,40,0.046154,פתח תקווה,לב המושבה / מרכז העיר,אוסישקין 23,32.0897841,34.8865528,2026-09-10T14:02:05+00:00,2026-05-04 14:54:40,,,6500,https://www.yad2.co.il/realestate/item/center-and-sharon/kxppdw08,231,1
1690000,https://www.yad2.co.il/realestate/item/tel-aviv-area/z1qluljt,63,3.0,25,0.046154,תל אביב יפו,,האסיף,32.0488443,34.7824689,2026-09-10T17:40:33+00:00,2026-04-23 18:45:23,,,6500,https://www.yad2.co.il/realestate/item/tel-aviv-area/nrqwlk2z,391,1
1890000,https://www.yad2.co.il/realestate/item/center-and-sharon/s447ydcj,100,3.5,70,0.046032,פתח תקווה,רמת ורבר,ברל כצנלסון,32.0862419,34.8753866,2026-09-10T14:34:34+00:00,2026-07-13 06:48:17,,,7250,https://www.yad2.co.il/realestate/item/center-and-sharon/1q7kccuu,564,2
2350000,https://www.yad2.co.il/realestate/item/tel-aviv-area/2a9dtupr,57,3.0,0,0.045957,תל אביב יפו,נווה שאנן,דרך שלמה,32.0549811,34.7743787,2026-09-10T17:45:05+00:00,2026-08-02 12:30:32,,,9000,https://www.yad2.co.il/realestate/item/tel-aviv-area/ytiw7a3e,341,1
2350000,https://www.yad2.co.il/realestate/item/tel-aviv-area/3i8ajii5,56,3.0,0,0.045957,תל אביב יפו,פלורנטין,,32.0577595,34.7686424,2026-09-10T17:45:05+00:00,2026-06-12 10:49:52,,,9000,https://www.yad2.co.il/realestate/item/tel-aviv-area/ytiw7a3e,320,3
2350000,https://www.yad2.co.il/realestate/item/tel-aviv-area/t47giqnb,45,1.5,40,0.045957,תל אביב יפו,הצפון הישן - החלק הצפוני,שדרות נורדאו,32.0916091,34.7829554,2026-09-10T17:45:29+00:00,2026-02-12 17:12:51,,,9000,https://www.yad2.co.il/realestate/item/tel-aviv-area/s50irny2,274,7
2220000,https://www.yad2.co.il/realestate/item/tel-aviv-area/edd1u94t,105,3.0,25,0.045946,רמת גן,קרית בורוכוב,פבריגט,32.0677276,34.8194867,2026-09-11T06:05:00+00:00,2026-07-07 10:08:00,,,8500,https://www.yad2.co.il/realestate/item/tel-aviv-area/3oz8saov,230,7
2090000,https://www.yad2.co.il/realestate/item/center-and-sharon/78yskg9l,100,4.0,25,0.045933,פתח תקווה,מחנה יהודה,הרב שקדי,32.0782764,34.893395,2026-09-10T14:36:05+00:00,2025-12-30 21:37:26,,,8000,https://www.yad2.co.il/realestate/item/center-and-sharon/ti0m8id5,211,1
2090000,https://www.yad2.co.il/realestate/item/tel-aviv-area/vzgrmami,105,4.0,55,0.045933,רמת גן,"שכונת בן גוריון, מרכז העיר ג'",הרצל,32.0819823,34.8166592,2026-09-11T06:02:51+00:00,2026-02-23 11:00:04,,,8000,https://www.yad2.co.il/realestate/item/tel-aviv-area/trsn4oq5,366,5
1700000,https://www.yad2.co.il/realestate/item/center-and-sharon/7sw34ile,70,3.5,70,0.045882,פתח תקווה,יוספטל,מסריק,32.0915857,34.9043436,2026-09-10T14:02:29+00:00,2026-06-21 18:27:31,,,6500,https://www.yad2.co.il/realestate/item/center-and-sharon/m3jm89bd,345,1
2380000,https://www.yad2.co.il/realestate/item/tel-aviv-area/az284utg,102,4.0,0,0.045882,רמת גן,גני מרום,,32.0713698,34.8340124,2026-09-11T06:08:15+00:00,2026-07-15 11:31:51,,,9100,https://www.yad2.co.il/realestate/item/tel-aviv-area/7blfn77f,474,10
1700000,https://www.yad2.co.il/realestate/item/tel-aviv-area/hj41igkl,60,3.0,70,0.045882,רמת גן,נגבה,עוזיאל,32.0719969,34.8230143,2026-09-10T19:22:06+00:00,2026-06-22 12:46:57,,,6500,https://www.yad2.co.il/realestate/item/tel-aviv-area/p0jrmdkz,400,3
1699999,https://www.yad2.co.il/realestate/item/tel-aviv-area/moxinu2f,59,3.5,25,0.045882,רמת גן,"שכונת חשמונאים, מרכז העיר א",,32.0686867,34.8246812,2026-09-10T19:22:06+00:00,2026-06-08 14:42:46,,,6500,https://www.yad2.co.il/realestate/item/tel-aviv-area/p0jrmdkz,0,3
1700000,https://www.yad2.co.il/realestate/item/tel-aviv-area/o90n7u2p,60,2.5,70,0.045882,רמת גן,נגבה,עוזיאל,32.0719969,34.8230143,2026-09-10T19:22:06+00:00,2026-06-22 13:27:50,,,6500,https://www.yad2.co.il/realestate/item/tel-aviv-area/p0jrmdkz,400,3
1700000,https://www.yad2.co.il/realestate/item/tel-aviv-area/r4axs3x8,60,2.5,70,0.045882,רמת גן,נגבה,עוזיאל,32.0719969,34.8230143,2026-09-10T19:22:06+00:00,2026-07-27 10:25:35,,,6500,https://www.yad2.co.il/realestate/item/tel-aviv-area/p0jrmdkz,400,3
1700000,https://www.yad2.co.il/realestate/item/center-and-sharon/u7w6ityy,64,3.0,25,0.045882,פתח תקווה,לב המושבה / מרכז העיר,אוסישקין,32.0901831,34.8892991,2026-09-10T14:02:29+00:00,2026-08-05 12:30:28,,,6500,https://www.yad2.co.il/realestate/item/center-and-sharon/kxppdw08,411,1
2230000,https://www.yad2.co.il/realestate/item/tel-aviv-area/m8bt6qj3,107,3.5,0,0.04574,תל אביב יפו,נווה חן,יוסף וולקר,32.0527579,34.810021,2026-09-10T17:44:21+00:00,2026-08-03 14:13:31,,,8500,https://www.yad2.co.il/realestate/item/tel-aviv-area/rvpm9lxv,544,4
1890000,https://www.yad2.co.il/realestate/item/center-and-sharon/nzsiarlj,80,3.0,55,0.045714,פתח תקווה,,ברל כצנלסון 23,32.0873671,34.8757306,2026-09-10T14:33:50+00:00,2026-07-01 20:44:16,,,7200,https://www.yad2.co.il/realestate/item/center-and-sharon/z0nwhgsv,232,1
2390000,https://www.yad2.co.il/realestate/item/tel-aviv-area/or0uhqqt,100,4.0,0,0.04569,רמת גן,גני מרום,,32.0713698,34.8340124,2026-09-11T06:09:09+00:00,2026-09-05 23:16:08,,,9100,https://www.yad2.co.il/realestate/item/tel-aviv-area/7blfn77f,474,10
1800000,https://www.yad2.co.il/realestate/item/tel-aviv-area/od29r1mm,55,2.0,0,0.045667,תל אביב יפו,נווה שאנן,,32.058348,34.7797947,2026-09-10T17:40:56+00:00,2026-01-19 16:18:28,,,6850,https://www.yad2.co.il/realestate/item/tel-aviv-area/ot8tidcw,415,4
1840000,https://www.yad2.co.il/realestate/item/center-and-sharon/25pup304,75,3.0,55,0.045652,פתח תקווה,,נחלת צבי,32.0916361,34.8895862,2026-09-10T14:03:39+00:00,2024-09-01 08:43:42,,,7000,https://www.yad2.co.il/realestate/item/center-and-sharon/5xzi9ydx,367,1
1710000,https://www.yad2.co.il/realestate/item/tel-aviv-area/5ow4yze6,60,2.5,70,0.045614,רמת גן,נגבה,עוזיאל,32.0719969,34.8230143,2026-09-10T19:22:30+00:00,2025-03-19 11:06:09,,,6500,https://www.yad2.co.il/realestate/item/tel-aviv-area/p0jrmdkz,400,3
1749900,https://www.yad2.co.il/realestate/item/tel-aviv-area/5147z94h,90,3.0,70,0.045603,תל אביב יפו,"יפו ד', גבעת התמרים",נרדור 17,32.0343742,34.7576718,2026-09-10T17:40:33+00:00,2026-07-21 21:25:22,,,6650,https://www.yad2.co.il/realestate/item/tel-aviv-area/oyo5f9y6,591,1
2500000,https://www.yad2.co.il/realestate/item/tel-aviv-area/s9vxt4tl,53,3.0,0,0.0456,תל אביב יפו,פלורנטין,כפר גלעדי,32.0592357,34.7702279,2026-09-10T17:46:59+00:00,2025-12-23 18:13:24,,,9500,https://www.yad2.co.il/realestate/item/tel-aviv-area/fma23gii,483,4
1790000,https://www.yad2.co.il/realestate/item/center-and-sharon/4wj1afas,100,3.5,15,0.045587,פתח תקווה,המרכז השקט / מרכז העיר,שרה אהרונסון,32.0863085,34.8888196,2026-09-10T14:03:15+00:00,2025-09-07 08:50:06,,,6800,https://www.yad2.co.il/realestate/item/center-and-sharon/14n8cy07,555,6
2240000,https://www.yad2.co.il/realestate/item/tel-aviv-area/e65tygb6,52,2.0,25,0.045536,תל אביב יפו,פלורנטין,הרצל,32.0601104,34.7705598,2026-09-10T17:44:21+00:00,2025-01-21 10:28:36,,,8500,https://www.yad2.co.il/realestate/item/tel-aviv-area/xv2pj1yr,512,12
2060000,https://www.yad2.co.il/realestate/item/center-and-sharon/x2lkl1cn,80,3.5,40,0.045437,פתח תקווה,רמת ורבר,"ח""ן 11",32.0900434,34.8752878,2026-09-10T14:36:05+00:00,2026-08-30 16:47:18,,,7800,https://www.yad2.co.il/realestate/item/center-and-sharon/v7blssbr,471,2
1850000,https://www.yad2.co.il/realestate/item/center-and-sharon/pkqd337y,110,4.0,0,0.045405,פתח תקווה,,,32.0877639,34.8859985,2026-09-10T14:32:51+00:00,2026-07-23 09:09:44,,,7000,https://www.yad2.co.il/realestate/item/center-and-sharon/8edpnode,133,5
2380000,https://www.yad2.co.il/realestate/item/tel-aviv-area/iy5twrsq,40,2.0,0,0.045378,תל אביב יפו,פלורנטין,אברבנאל,32.0551821,34.7669213,2026-09-10T17:45:29+00:00,2026-02-09 13:44:37,,,9000,https://www.yad2.co.il/realestate/item/tel-aviv-area/7n335lke,357,3
1720000,https://www.yad2.co.il/realestate/item/center-and-sharon/2c92p0jh,70,4.0,55,0.045349,פתח תקווה,יוספטל,מסריק,32.0915857,34.9043436,2026-09-10T14:02:29+00:00,2025-05-26 19:19:18,,,6500,https://www.yad2.co.il/realestate/item/center-and-sharon/m3jm89bd,345,1
1720000,https://www.yad2.co.il/realestate/item/center-and-sharon/c11geoue,68,3.0,55,0.045349,פתח תקווה,קרית אליעזר פרי,לייוויק,32.0877639,34.8859985,2026-09-10T14:02:29+00:00,2026-07-14 12:24:20,,,6500,https://www.yad2.co.il/realestate/item/center-and-sharon/kxppdw08,0,1
1720000,https://www.yad2.co.il/realestate/item/center-and-sharon/fdwzvj20,56,2.5,70,0.045349,פתח תקווה,לב המושבה / מרכז העיר,אוסישקין,32.0901831,34.8892991,2026-09-10T14:34:34+00:00,2026-05-07 00:32:57,,,6500,https://www.yad2.co.il/realestate/item/center-and-sharon/kxppdw08,411,1
1720000,https://www.yad2.co.il/realestate/item/center-and-sharon/hez8ykro,55,2.5,70,0.045349,פתח תקווה,,,32.0877639,34.8859985,2026-09-10T14:03:39+00:00,2026-07-15 10:33:45,,,6500,https://www.yad2.co.il/realestate/item/center-and-sharon/kxppdw08,0,1
2250000,https://www.yad2.co.il/realestate/item/tel-aviv-area/ctvpwa7k,92,3.0,25,0.045333,רמת גן,נגבה,פתייה,32.0692292,34.8227865,2026-09-11T06:05:21+00:00,2026-05-27 11:38:01,,,8500,https://www.yad2.co.il/realestate/item/tel-aviv-area/3oz8saov,141,11
2250000,https://www.yad2.co.il/realestate/item/tel-aviv-area/sacqhqk4,46,2.0,25,0.045333,תל אביב יפו,פלורנטין,הרצל,32.0601104,34.7705598,2026-09-10T17:44:43+00:00,2026-02-09 12:47:58,,,8500,https://www.yad2.co.il/realestate/item/tel-aviv-area/xv2pj1yr,512,10
2250000,https://www.yad2.co.il/realestate/item/tel-aviv-area/u21gm3zx,88,4.5,55,0.045333,תל אביב יפו,נווה אליעזר וכפר שלם מזרח,דרך חיים ברלב 169,32.046062,34.804024,2026-09-10T17:44:43+00:00,2025-04-28 12:20:05,,,8500,https://www.yad2.co.il/realestate/item/tel-aviv-area/lohezzlx,273,1
1590000,https://www.yad2.co.il/realestate/item/center-and-sharon/6mn5y67x,49,2.0,25,0.045283,בני ברק,"הפועל המזרחי ד', שיכון ד'",בעל שם טוב 26,32.0849837,34.8354617,2026-09-10T13:56:10+00:00,2026-05-11 16:42:43,,,6000,https://www.yad2.co.il/realestate/item/center-and-sharon/1kidzi9k,346,1
1590000,https://www.yad2.co.il/realestate/item/center-and-sharon/ae6a2wa8,49,2.5,25,0.045283,בני ברק,"הפועל המזרחי ד', שיכון ד'",בעל שם טוב,32.0851233,34.835237,2026-09-10T13:56:10+00:00,2026-08-09 11:34:47,,,6000,https://www.yad2.co.il/realestate/item/center-and-sharon/1kidzi9k,355,1
1590000,https://www.yad2.co.il/realestate/item/center-and-sharon/aueur9rl,74,3.0,70,0.045283,פתח תקווה,מחנה יהודה,יהושע בן נון,32.0781238,34.8975543,2026-09-10T14:01:40+00:00,2026-07-13 13:47:56,,,6000,https://www.yad2.co.il/realestate/item/center-and-sharon/g5x06h11,307,1
2440000,https://www.yad2.co.il/realestate/item/center-and-sharon/a7b8uop6,119,5.0,0,0.045246,קרית אונו,המרכז,הזמיר,32.0575986,34.8593843,2026-09-10T17:37:40+00:00,2025-10-27 07:53:04,,,9200,https://www.yad2.co.il/realestate/item/center-and-sharon/lyeqiphp,460,8
1990000,https://www.yad2.co.il/realestate/item/tel-aviv-area/3e1gqd3f,45,2.0,0,0.045226,רמת גן,"שכונת חשמונאים, מרכז העיר א",ביאליק,32.0849863,34.8122928,2026-09-10T19:22:51+00:00,2026-06-17 22:29:59,,,7500,https://www.yad2.co.il/realestate/item/tel-aviv-area/lht3sd7l,568,1
1990000,https://www.yad2.co.il/realestate/item/tel-aviv-area/s36s5355,45,2.0,0,0.045226,רמת גן,"שכונת חשמונאים, מרכז העיר א",ביאליק,32.0849863,34.8122928,2026-09-11T06:01:45+00:00,2026-06-28 13:23:29,,,7500,https://www.yad2.co.il/realestate/item/tel-aviv-area/lht3sd7l,568,1
2390000,https://www.yad2.co.il/realestate/item/tel-aviv-area/7rwwvg5m,110,4.0,15,0.045188,רמת גן,"מרום נווה, רמת יצחק",,32.0686867,34.8246812,2026-09-11T06:08:47+00:00,2026-06-11 10:35:21,,,9000,https://www.yad2.co.il/realestate/item/tel-aviv-area/jr2vo802,0,17
2390000,https://www.yad2.co.il/realestate/item/tel-aviv-area/pn8qljoz,110,4.0,40,0.045188,רמת גן,"נווה יהושע, ערמונים",הירדן 77,32.0682762,34.8285249,2026-09-11T06:09:09+00:00,2026-08-12 18:47:03,,,9000,https://www.yad2.co.il/realestate/item/tel-aviv-area/jr2vo802,365,16
2390000,https://www.yad2.co.il/realestate/item/tel-aviv-area/tha4jqmr,64,2.5,40,0.045188,תל אביב יפו,נווה שאנן,י.ל. פרץ,32.0597059,34.7747437,2026-09-10T17:45:50+00:00,2026-07-09 10:45:56,,,9000,https://www.yad2.co.il/realestate/item/tel-aviv-area/jrbhl0zm,589,18
2390000,https://www.yad2.co.il/realestate/item/tel-aviv-area/vr2ynkln,66,2.0,0,0.045188,תל אביב יפו,,וולפסון,32.0577131,34.774094,2026-09-10T17:45:50+00:00,2026-02-15 14:44:04,,,9000,https://www.yad2.co.il/realestate/item/tel-aviv-area/ytiw7a3e,390,4
2390000,https://www.yad2.co.il/realestate/item/tel-aviv-area/vvnx394s,109,4.0,15,0.045188,רמת גן,"נווה רם, שיכון מזרחי",,32.0686867,34.8246812,2026-09-11T06:09:31+00:00,2026-08-17 09:18:53,,,9000,https://www.yad2.co.il/realestate/item/tel-aviv-area/jr2vo802,0,17
2390000,https://www.yad2.co.il/realestate/item/tel-aviv-area/ytilg5ai,109,4.0,15,0.045188,רמת גן,"נווה רם, שיכון מזרחי",פרופס,32.0667767,34.8293641,2026-09-11T06:09:31+00:00,2026-08-18 12:51:21,,,9000,https://www.yad2.co.il/realestate/item/tel-aviv-area/jr2vo802,490,18
1620000,https://www.yad2.co.il/realestate/item/center-and-sharon/5ytkn4vx,67,3.5,25,0.045185,בני ברק,גבעת סוקולוב,אבן גבירול,32.0900955,34.8331909,2026-09-10T13:56:10+00:00,2026-07-15 14:47:39,,,6100,https://www.yad2.co.il/realestate/item/center-and-sharon/dxxgn592,585,1
1770000,https://www.yad2.co.il/realestate/item/tel-aviv-area/e89slkc0,70,3.0,55,0.045085,תל אביב יפו,"יפו ד', גבעת התמרים",נרדור,32.0343742,34.7576718,2026-09-10T17:40:56+00:00,2026-04-07 02:21:26,,,6650,https://www.yad2.co.il/realestate/item/tel-aviv-area/oyo5f9y6,591,1
2130000,https://www.yad2.co.il/realestate/item/tel-aviv-area/8n61p12k,85,4.0,55,0.04507,רמת גן,נגבה,בר יוחאי,32.0643721,34.824988,2026-09-11T06:03:13+00:00,2026-07-17 19:54:40,,,8000,https://www.yad2.co.il/realestate/item/tel-aviv-area/p610vvi1,481,13
2450000,https://www.yad2.co.il/realestate/item/center-and-sharon/1blr2gwa,120,5.0,0,0.045061,קרית אונו,,הזמיר,32.0575986,34.8593843,2026-09-10T17:37:40+00:00,2026-04-19 10:27:38,,,9200,https://www.yad2.co.il/realestate/item/center-and-sharon/lyeqiphp,460,8
1599000,https://www.yad2.co.il/realestate/item/tel-aviv-area/nc4n1pjz,50,2.0,25,0.045028,רמת גן,"שכונת בן גוריון, מרכז העיר ג'",הרצל,32.0819823,34.8166592,2026-09-10T19:22:06+00:00,2026-07-28 12:48:34,,,6000,https://www.yad2.co.il/realestate/item/tel-aviv-area/bgw5bwno,417,1
1920000,https://www.yad2.co.il/realestate/item/tel-aviv-area/4urx5vmv,73,3.0,25,0.045,רמת גן,יד לבנים,עוזיאל 43,32.07536,34.8232503,2026-09-10T19:22:51+00:00,2026-05-14 17:45:15,,,7200,https://www.yad2.co.il/realestate/item/tel-aviv-area/e6enw549,344,8
1800000,https://www.yad2.co.il/realestate/item/center-and-sharon/6huup2do,80,3.5,15,0.045,פתח תקווה,לב המושבה / מרכז העיר,אוסישקין 7,32.0901898,34.8880901,2026-09-10T14:03:15+00:00,2026-02-09 18:59:21,,,6750,https://www.yad2.co.il/realestate/item/center-and-sharon/4fftoqwe,597,2
2000000,https://www.yad2.co.il/realestate/item/tel-aviv-area/b089di3t,50,3.0,25,0.045,תל אביב יפו,"צפון יפו, המושבה האמריקאית-גרמנית",שדרות ירושלים 28,32.0538277,34.7595466,2026-09-10T17:42:50+00:00,2026-07-15 11:28:14,,,7500,https://www.yad2.co.il/realestate/item/tel-aviv-area/4y4k88bu,281,1
1600000,https://www.yad2.co.il/realestate/item/center-and-sharon/ismebfnc,70,3.0,25,0.045,בני ברק,הר שלום,הרב הרצוג 43,32.0848964,34.827605,2026-09-10T13:56:10+00:00,2026-06-10 21:17:24,,,6000,https://www.yad2.co.il/realestate/item/tel-aviv-area/1m6chmgc,274,1
1680000,https://www.yad2.co.il/realestate/item/tel-aviv-area/ll95f3lx,56,3.0,70,0.045,רמת גן,"שכונת חשמונאים, מרכז העיר א",ארלוזורוב,32.0808285,34.8120596,2026-09-10T19:22:06+00:00,2026-01-19 12:16:57,,,6300,https://www.yad2.co.il/realestate/item/tel-aviv-area/7yuy11yc,463,5
1840000,https://www.yad2.co.il/realestate/item/tel-aviv-area/o2jwksuu,65,3.0,70,0.045,רמת גן,"נווה יהושע, ערמונים",העלייה הראשונה,32.0686867,34.8246812,2026-09-10T19:22:30+00:00,2026-08-12 13:25:16,,,6900,https://www.yad2.co.il/realestate/item/tel-aviv-area/5d2evt11,0,6
2080000,https://www.yad2.co.il/realestate/item/tel-aviv-area/xawj3k8o,57,2.5,25,0.045,תל אביב יפו,,העלייה 33,32.057614,34.773311,2026-09-10T17:43:14+00:00,2026-07-28 15:25:46,156,,7800,https://www.yad2.co.il/realestate/item/tel-aviv-area/4zenx497,585,19
2270000,https://www.yad2.co.il/realestate/item/tel-aviv-area/qba11937,85,3.5,25,0.044934,רמת גן,שכונת הלל,,32.0686867,34.8246812,2026-09-11T06:06:06+00:00,2025-06-08 12:44:28,,,8500,https://www.yad2.co.il/realestate/item/tel-aviv-area/3oz8saov,323,18
1790000,https://www.yad2.co.il/realestate/item/tel-aviv-area/o6wnzzf8,46,2.5,25,0.044916,תל אביב יפו,נווה שאנן,"הגר""א",32.0601083,34.781426,2026-09-10T17:40:56+00:00,2024-09-05 17:42:11,,,6700,https://www.yad2.co.il/realestate/item/tel-aviv-area/mhgu134o,487,1
1790000,https://www.yad2.co.il/realestate/item/center-and-sharon/yxqd627u,80,3.0,0,0.044916,בני ברק,,צפת,32.0878429,34.8241871,2026-09-10T13:56:32+00:00,2025-01-19 12:56:47,,,6700,https://www.yad2.co.il/realestate/item/tel-aviv-area/inrvan5j,492,1
1740000,https://www.yad2.co.il/realestate/item/center-and-sharon/04c1fnea,90,3.5,0,0.044828,פתח תקווה,אחדות,"גדנ""ע",32.0741503,34.8934684,2026-09-10T14:02:29+00:00,2025-12-11 10:09:27,,,6500,https://www.yad2.co.il/realestate/item/center-and-sharon/mu5fecv6,362,2
2250000,https://www.yad2.co.il/realestate/item/tel-aviv-area/vtmfdhhy,95,3.5,0,0.0448,תל אביב יפו,נווה חן,מעפילי אגוז 24,32.0545734,34.8098708,2026-09-10T17:44:43+00:00,2026-03-15 11:16:39,,,8400,https://www.yad2.co.il/realestate/item/tel-aviv-area/pe0ze4cc,365,3
1850000,https://www.yad2.co.il/realestate/item/center-and-sharon/rzu0shud,90,3.0,0,0.044757,פתח תקווה,קרול,יהודה לייב פינסקר,32.0978514,34.8813969,2026-09-10T14:33:27+00:00,2025-11-26 12:20:07,,,6900,https://www.yad2.co.il/realestate/item/center-and-sharon/9ubetgy1,538,1
1850000,https://www.yad2.co.il/realestate/item/tel-aviv-area/ug12lv8k,65,3.5,70,0.044757,תל אביב יפו,"נווה גולן, יפו ג'",סהרון 28,32.034583,34.748862,2026-09-10T17:41:18+00:00,2026-08-10 10:09:48,,,6900,https://www.yad2.co.il/realestate/item/tel-aviv-area/jw09sje6,498,1
2280000,https://www.yad2.co.il/realestate/item/tel-aviv-area/jy4ylxef,40,2.0,0,0.044737,תל אביב יפו,פלורנטין,נחלת בנימין 133,32.0554732,34.7716308,2026-09-10T17:44:43+00:00,2023-08-29 13:29:43,,,8500,https://www.yad2.co.il/realestate/item/tel-aviv-area/wljp0kd7,170,3
2200000,https://www.yad2.co.il/realestate/item/tel-aviv-area/38o158q2,42,2.0,40,0.044727,תל אביב יפו,הצפון הישן - החלק הדרומי,אליהו ספיר 8,32.075023,34.7780656,2026-09-10T17:43:59+00:00,2026-03-10 17:35:54,,,8200,https://www.yad2.co.il/realestate/item/tel-aviv-area/py4jkjj4,396,4
1799000,https://www.yad2.co.il/realestate/item/tel-aviv-area/ckk48orq,55,2.0,55,0.044691,גבעתיים,גבעת הרמבם,אנצו סירני,32.0698592,34.803219,2026-09-10T14:00:06+00:00,2026-09-05 12:50:21,48,,6700,https://www.yad2.co.il/realestate/item/tel-aviv-area/r9qkq74q,149,3
2390000,https://www.yad2.co.il/realestate/item/tel-aviv-area/nxhaxe4e,94,4.0,0,0.044686,תל אביב יפו,ניר אביב,,32.048033,34.8115181,2026-09-10T17:45:50+00:00,2026-08-05 15:03:41,,,8900,https://www.yad2.co.il/realestate/item/tel-aviv-area/7voet8ey,278,5
1880000,https://www.yad2.co.il/realestate/item/center-and-sharon/ya1o8fl2,92,4.0,15,0.044681,פתח תקווה,כפר גנים א,,32.080839,34.8755594,2026-09-10T14:33:27+00:00,2026-06-08 14:28:29,,,7000,https://www.yad2.co.il/realestate/item/center-and-sharon/7lklznkt,201,7
2150000,https://www.yad2.co.il/realestate/item/center-and-sharon/pdx8winm,97,4.0,70,0.044651,פתח תקווה,עמישב,עזרא ונחמיה,32.0735976,34.912897,2026-09-10T14:36:57+00:00,2025-11-14 13:38:43,,,8000,https://www.yad2.co.il/realestate/item/center-and-sharon/jirnikrh,134,1
1990000,https://www.yad2.co.il/realestate/item/tel-aviv-area/nbfyixqh,24,1.0,15,0.044623,תל אביב יפו,הצפון הישן - החלק הדרומי,בן יהודה,32.0830303,34.7714399,2026-09-10T17:42:27+00:00,2026-06-03 09:58:09,,,7400,https://www.yad2.co.il/realestate/item/tel-aviv-area/69enbxp8,599,1
1790000,https://www.yad2.co.il/realestate/item/tel-aviv-area/4qp4lox6,80,3.0,25,0.044581,תל אביב יפו,"נווה גולן, יפו ג'",פיקוס,32.0350984,34.7513801,2026-09-10T17:40:56+00:00,2026-03-25 15:00:00,,,6650,https://www.yad2.co.il/realestate/item/tel-aviv-area/oyo5f9y6,580,1
1790000,https://www.yad2.co.il/realestate/item/tel-aviv-area/8xliaoho,70,3.0,70,0.044581,תל אביב יפו,"יפו ד', גבעת התמרים",נרדור,32.0343742,34.7576718,2026-09-10T17:40:56+00:00,2026-02-22 09:53:30,,,6650,https://www.yad2.co.il/realestate/item/tel-aviv-area/oyo5f9y6,591,1
1750000,https://www.yad2.co.il/realestate/item/tel-aviv-area/664henb4,65,3.5,25,0.044571,רמת גן,נחלת גנים,דרך בן גוריון,32.093343,34.822094,2026-09-10T19:22:30+00:00,2026-08-06 00:31:56,,,6500,https://www.yad2.co.il/realestate/item/tel-aviv-area/rywujatz,600,1
1750000,https://www.yad2.co.il/realestate/item/center-and-sharon/qvkjxb6o,65,2.5,25,0.044571,פתח תקווה,עין גנים,"רמב""ם 33",32.0887418,34.8907933,2026-09-10T14:02:53+00:00,2026-09-04 11:42:18,,,6500,https://www.yad2.co.il/realestate/item/center-and-sharon/kxppdw08,465,1
1750000,https://www.yad2.co.il/realestate/item/center-and-sharon/wcgpwavg,63,3.0,25,0.044571,פתח תקווה,המרכז השקט / מרכז העיר,הרצל 63,32.0852837,34.8869244,2026-09-10T14:02:53+00:00,2026-09-02 20:02:31,,,6500,https://www.yad2.co.il/realestate/item/center-and-sharon/kxppdw08,289,1
2290000,https://www.yad2.co.il/realestate/item/tel-aviv-area/7ekqn4rf,102,4.0,0,0.044541,תל אביב יפו,נווה חן,עזרא קורין 6,32.0526335,34.8094935,2026-09-10T17:44:43+00:00,2026-05-08 10:59:08,,,8500,https://www.yad2.co.il/realestate/item/tel-aviv-area/rvpm9lxv,546,5
2290000,https://www.yad2.co.il/realestate/item/tel-aviv-area/nuu5h7n9,90,4.5,55,0.044541,תל אביב יפו,נווה אליעזר וכפר שלם מזרח,צביה לובטקין 32,32.049012,34.8072715,2026-09-10T17:44:43+00:00,2025-11-13 14:45:09,,,8500,https://www.yad2.co.il/realestate/item/tel-aviv-area/lohezzlx,501,6
2290000,https://www.yad2.co.il/realestate/item/tel-aviv-area/vscfrqwq,82,3.0,70,0.044541,רמת גן,שכונת גפן,,32.0686867,34.8246812,2026-09-11T06:06:49+00:00,2025-11-10 12:56:28,,,8500,https://www.yad2.co.il/realestate/item/tel-aviv-area/ogwvf2v8,572,8
2400000,https://www.yad2.co.il/realestate/item/tel-aviv-area/8jxiagfs,45,2.0,55,0.0445,תל אביב יפו,הצפון הישן - החלק הצפוני,שדרות בן גוריון,32.0835044,34.7761551,2026-09-10T17:45:50+00:00,2026-01-12 09:30:48,,,8900,https://www.yad2.co.il/realestate/item/tel-aviv-area/dp2gvctl,150,11
2400000,https://www.yad2.co.il/realestate/item/tel-aviv-area/zbrjnbmp,83,3.0,0,0.0445,רמת גן,רמת השקמה,עזריאל 18,32.0505514,34.8177099,2026-09-11T06:09:52+00:00,2025-12-22 15:58:55,,,8900,https://www.yad2.co.il/realestate/item/tel-aviv-area/y3dsr7zj,405,3
1699000,https://www.yad2.co.il/realestate/item/tel-aviv-area/ar9huszg,63,3.0,100,0.044497,רמת גן,יד לבנים,צל הגבעה,32.0779817,34.8209019,2026-09-10T19:22:06+00:00,2026-07-11 16:08:01,,,6300,https://www.yad2.co.il/realestate/item/tel-aviv-area/awnxg0z3,178,7
1699000,https://www.yad2.co.il/realestate/item/tel-aviv-area/gtakr26j,70,3.0,55,0.044497,רמת גן,"מרום נווה, רמת יצחק",שדרות ירושלים,32.074659,34.8233137,2026-09-10T19:22:06+00:00,2026-06-06 20:31:16,,,6300,https://www.yad2.co.il/realestate/item/tel-aviv-area/1jhh544r,89,4
1700000,https://www.yad2.co.il/realestate/item/tel-aviv-area/vwhs4v9q,59,3.0,40,0.044471,רמת גן,"שכונת חשמונאים, מרכז העיר א",ביאליק,32.0849863,34.8122928,2026-09-10T19:22:30+00:00,2026-06-08 14:01:06,,,6300,https://www.yad2.co.il/realestate/item/tel-aviv-area/7yuy11yc,0,3
1890000,https://www.yad2.co.il/realestate/item/center-and-sharon/2b96qvu9,75,3.0,0,0.044444,פתח תקווה,,נחלת צבי,32.0916361,34.8895862,2026-09-10T14:33:27+00:00,2026-08-31 17:21:13,,,7000,https://www.yad2.co.il/realestate/item/center-and-sharon/55k35crk,325,5
1620000,https://www.yad2.co.il/realestate/item/center-and-sharon/ordgsdm3,60,3.0,100,0.044444,פתח תקווה,אחדות,יוסף שפרינצק,32.071846,34.892341,2026-09-10T14:01:40+00:00,2026-05-07 14:17:21,,,6000,https://www.yad2.co.il/realestate/item/center-and-sharon/6f0twz97,235,1
1650000,https://www.yad2.co.il/realestate/item/center-and-sharon/xtojpafd,95,3.0,25,0.044364,בני ברק,יסודות,,32.0873899,34.8324376,2026-09-10T13:56:10+00:00,2026-07-26 15:45:47,,,6100,https://www.yad2.co.il/realestate/item/center-and-sharon/dxxgn592,482,1
2110000,https://www.yad2.co.il/realestate/item/center-and-sharon/w1nv3wp4,105,4.0,25,0.04436,בני ברק,תל גיבורים,שדרות הרב יוסף חיים,32.0942476,34.8284279,2026-09-10T13:57:59+00:00,2025-09-19 11:10:48,,,7800,https://www.yad2.co.il/realestate/item/tel-aviv-area/n94rhiu5,505,2
2300000,https://www.yad2.co.il/realestate/item/tel-aviv-area/aamu0h4x,45,2.0,15,0.044348,תל אביב יפו,הצפון הישן - החלק הצפוני,דיזנגוף,32.0856731,34.7745875,2026-09-10T17:45:05+00:00,2026-07-15 12:38:16,673,,8500,https://www.yad2.co.il/realestate/item/tel-aviv-area/kajt01py,63,4
2300000,https://www.yad2.co.il/realestate/item/tel-aviv-area/ky6w92ot,90,4.0,0,0.044348,רמת גן,יד לבנים,,32.0771293,34.8226476,2026-09-11T06:07:10+00:00,2026-01-06 10:58:20,,,8500,https://www.yad2.co.il/realestate/item/tel-aviv-area/fw9om5qp,505,2
2300000,https://www.yad2.co.il/realestate/item/tel-aviv-area/qd5ioqfr,80,3.0,40,0.044348,רמת גן,"מרום נווה, רמת יצחק",,32.0686867,34.8246812,2026-09-11T06:07:10+00:00,2026-07-22 15:44:35,,,8500,https://www.yad2.co.il/realestate/item/tel-aviv-area/ogwvf2v8,572,8
2300000,https://www.yad2.co.il/realestate/item/tel-aviv-area/w5zzwvr8,96,3.0,55,0.044348,רמת גן,תל יהודה,הרכסים 29,32.0731464,34.8218948,2026-09-11T06:07:10+00:00,2026-09-01 10:31:38,119,,8500,https://www.yad2.co.il/realestate/item/tel-aviv-area/3oz8saov,452,15
2490000,https://www.yad2.co.il/realestate/item/center-and-sharon/wanthdz2,118,5.0,0,0.044337,קרית אונו,המרכז,הזמיר,32.0575986,34.8593843,2026-09-10T17:38:19+00:00,2026-01-28 17:08:28,,,9200,https://www.yad2.co.il/realestate/item/center-and-sharon/lyeqiphp,460,8
1800000,https://www.yad2.co.il/realestate/item/tel-aviv-area/8802ppfx,70,3.0,70,0.044333,תל אביב יפו,"יפו ד', גבעת התמרים",נרדור 6,32.0343742,34.7576718,2026-09-10T17:40:56+00:00,2026-06-02 11:56:40,,,6650,https://www.yad2.co.il/realestate/item/tel-aviv-area/oyo5f9y6,591,1
1800000,https://www.yad2.co.il/realestate/item/tel-aviv-area/l8fmpqj0,78,3.0,25,0.044333,תל אביב יפו,"יפו ד', גבעת התמרים",נרדור 3,32.0343742,34.7576718,2026-09-10T17:40:56+00:00,2026-09-06 22:21:34,,,6650,https://www.yad2.co.il/realestate/item/tel-aviv-area/oyo5f9y6,591,1
1730000,https://www.yad2.co.il/realestate/item/center-and-sharon/ajfwu4cj,85,3.5,15,0.044324,פתח תקווה,לב המושבה / מרכז העיר,,32.0871038,34.8848259,2026-09-10T14:02:29+00:00,2025-09-09 08:59:32,,,6390,https://www.yad2.co.il/realestate/item/center-and-sharon/rcvy40i3,384,1
1760000,https://www.yad2.co.il/realestate/item/center-and-sharon/9ee45r31,62,3.0,0,0.044318,פתח תקווה,,,32.0877639,34.8859985,2026-09-10T14:02:53+00:00,2026-08-05 13:15:16,,,6500,https://www.yad2.co.il/realestate/item/center-and-sharon/kxppdw08,0,1
2250000,https://www.yad2.co.il/realestate/item/tel-aviv-area/q5gkx4u4,59,2.0,0,0.044267,תל אביב יפו,נווה שאנן,,32.058348,34.7797947,2026-09-10T17:44:43+00:00,2025-08-06 12:06:41,,,8300,https://www.yad2.co.il/realestate/item/tel-aviv-area/dxubytxe,550,3
1899000,https://www.yad2.co.il/realestate/item/center-and-sharon/3sav79k0,90,3.0,0,0.044234,פתח תקווה,עין גנים,"אצ""ל",32.0916472,34.8925226,2026-09-10T14:33:50+00:00,2026-07-20 16:59:02,,,7000,https://www.yad2.co.il/realestate/item/center-and-sharon/55k35crk,405,3
1900025,https://www.yad2.co.il/realestate/item/center-and-sharon/7k1mxqcs,93,3.5,25,0.04421,פתח תקווה,מחנה יהודה,הרב קטרוני 7,32.0812723,34.8934525,2026-09-10T14:34:12+00:00,2026-05-19 12:35:48,,,7000,https://www.yad2.co.il/realestate/item/center-and-sharon/s5s5esel,522,1
2390000,https://www.yad2.co.il/realestate/item/tel-aviv-area/urod5kom,85,4.0,100,0.044184,רמת גן,,,32.0686867,34.8246812,2026-09-11T06:09:31+00:00,2026-03-04 12:07:43,,,8800,https://www.yad2.co.il/realestate/item/tel-aviv-area/xq1vz86e,497,13
1875000,https://www.yad2.co.il/realestate/item/tel-aviv-area/cqwdp6wi,55,2.5,100,0.04416,תל אביב יפו,"נווה גולן, יפו ג'",אפלטון 18,32.0335948,34.7474177,2026-09-10T17:41:18+00:00,2026-07-07 12:21:12,,,6900,https://www.yad2.co.il/realestate/item/tel-aviv-area/jw09sje6,324,1
1875000,https://www.yad2.co.il/realestate/item/center-and-sharon/ttb1fbbd,100,3.5,15,0.04416,פתח תקווה,לב המושבה / מרכז העיר,רוטשילד 48,32.090672,34.8803949,2026-09-10T14:33:27+00:00,2026-02-08 10:17:16,,,6900,https://www.yad2.co.il/realestate/item/center-and-sharon/5qgo6rh5,380,6
1880000,https://www.yad2.co.il/realestate/item/center-and-sharon/04veouqi,100,4.0,15,0.044043,פתח תקווה,תקומה / קרית חזני,"כ""ט בנובמבר",32.0937253,34.8960255,2026-09-10T14:33:27+00:00,2026-08-12 16:36:18,,,6900,https://www.yad2.co.il/realestate/item/center-and-sharon/w6ab8mhy,366,3
2100000,https://www.yad2.co.il/realestate/item/center-and-sharon/rv42ymtm,104,4,55,0.044,פתח תקווה,עין גנים,"אצ""ל",32.0916472,34.8925226,2026-09-10T14:36:37+00:00,2026-08-13T12:07:26,,,7700,https://www.yad2.co.il/realestate/item/center-and-sharon/txnkgfoj,587,4
1830000,https://www.yad2.co.il/realestate/item/tel-aviv-area/umeiopd5,63,2.5,25,0.043934,תל אביב יפו,נווה שאנן,יסוד המעלה 39,32.058434,34.781031,2026-09-10T17:41:18+00:00,2026-08-25 17:52:35,,,6700,https://www.yad2.co.il/realestate/item/tel-aviv-area/mhgu134o,555,5
2050000,https://www.yad2.co.il/realestate/item/center-and-sharon/0tyyy3v3,90,4.0,0,0.043902,קרית אונו,שיכון רסקו,,32.0581072,34.8580937,2026-09-10T17:01:16+00:00,2026-01-27 19:49:30,,,7500,https://www.yad2.co.il/realestate/item/center-and-sharon/p4eweymc,0,2
2050000,https://www.yad2.co.il/realestate/item/center-and-sharon/666xc4eh,100,4.5,55,0.043902,פתח תקווה,המרכז השקט / מרכז העיר,הרמן צבי שפירא,32.0820064,34.8862659,2026-09-10T14:35:43+00:00,2026-05-04 13:39:37,,,7500,https://www.yad2.co.il/realestate/item/center-and-sharon/6hjntaer,470,3
2050000,https://www.yad2.co.il/realestate/item/tel-aviv-area/lad0pefa,84,3.5,0,0.043902,תל אביב יפו,נווה חן,מעפילי אגוז 1,32.0548271,34.8083226,2026-09-10T17:42:50+00:00,2026-07-13 09:49:53,,,7500,https://www.yad2.co.il/realestate/item/tel-aviv-area/oe9c91fs,0,5
2050000,https://www.yad2.co.il/realestate/item/tel-aviv-area/oa30hyse,45,2.0,0,0.043902,רמת גן,"שכונת חשמונאים, מרכז העיר א",ביאליק,32.0849863,34.8122928,2026-09-11T06:02:07+00:00,2026-06-28 13:41:02,,,7500,https://www.yad2.co.il/realestate/item/tel-aviv-area/lht3sd7l,568,1
1820000,https://www.yad2.co.il/realestate/item/tel-aviv-area/3zrc2pqg,70,3.0,70,0.043846,תל אביב יפו,"יפו ד', גבעת התמרים",סומקן,32.0348129,34.758369,2026-09-10T17:41:18+00:00,2025-03-05 22:09:14,,,6650,https://www.yad2.co.il/realestate/item/tel-aviv-area/oyo5f9y6,579,1
1750000,https://www.yad2.co.il/realestate/item/center-and-sharon/1a5smfjx,85,3.0,15,0.043817,פתח תקווה,לב המושבה / מרכז העיר,רוטשילד 74,32.0873642,34.8815714,2026-09-10T14:02:53+00:00,2026-08-26 12:04:38,,,6390,https://www.yad2.co.il/realestate/item/center-and-sharon/rcvy40i3,545,1
1750000,https://www.yad2.co.il/realestate/item/center-and-sharon/6i5k8qc8,80,3.0,15,0.043817,פתח תקווה,,איכילוב,32.0862243,34.8843031,2026-09-10T14:02:53+00:00,2026-08-17 12:25:13,,,6390,https://www.yad2.co.il/realestate/item/center-and-sharon/rcvy40i3,492,1
1750000,https://www.yad2.co.il/realestate/item/center-and-sharon/w8v0m8uf,84,4.0,15,0.043817,פתח תקווה,לב המושבה / מרכז העיר,רוטשילד,32.088419,34.8811436,2026-09-10T16:58:17+00:00,2026-07-21 13:57:13,,,6390,https://www.yad2.co.il/realestate/item/center-and-sharon/rcvy40i3,518,2
1890000,https://www.yad2.co.il/realestate/item/center-and-sharon/fj76rt3c,92,3.5,15,0.04381,פתח תקווה,לב המושבה / מרכז העיר,דוד חיון,32.0910055,34.8801072,2026-09-10T14:33:27+00:00,2025-07-06 12:09:44,,,6900,https://www.yad2.co.il/realestate/item/center-and-sharon/5qgo6rh5,341,5
1890000,https://www.yad2.co.il/realestate/item/center-and-sharon/l82lz7t1,95,4.0,55,0.04381,פתח תקווה,עין גנים,נחלת צבי,32.0916361,34.8895862,2026-09-10T14:33:50+00:00,2025-02-17 19:49:22,,,6900,https://www.yad2.co.il/realestate/item/center-and-sharon/w6ab8mhy,454,3
1890000,https://www.yad2.co.il/realestate/item/center-and-sharon/x89fh4dp,90,3.5,15,0.04381,פתח תקווה,לב המושבה / מרכז העיר,הרב אילוביצקי 8,32.0888184,34.8798856,2026-09-10T14:33:50+00:00,2026-09-06 11:30:57,,,6900,https://www.yad2.co.il/realestate/item/center-and-sharon/5qgo6rh5,583,2
1850000,https://www.yad2.co.il/realestate/item/center-and-sharon/bt79gxsu,82,3.5,15,0.043784,פתח תקווה,לב המושבה / מרכז העיר,אוסישקין,32.0901831,34.8892991,2026-09-10T14:03:39+00:00,2026-09-08 13:14:39,,,6750,https://www.yad2.co.il/realestate/item/center-and-sharon/4fftoqwe,523,2
1850000,https://www.yad2.co.il/realestate/item/center-and-sharon/xnn1nl7y,83,4.0,15,0.043784,פתח תקווה,מחנה יהודה,,32.0812723,34.8934525,2026-09-10T14:33:27+00:00,2026-05-24 11:59:52,,,6750,https://www.yad2.co.il/realestate/item/center-and-sharon/4fftoqwe,573,2
2250000,https://www.yad2.co.il/realestate/item/tel-aviv-area/ilhidrbm,68,3.0,0,0.043733,רמת גן,"מרום נווה, רמת יצחק",אמנון ותמר,32.0718315,34.8270067,2026-09-11T06:05:43+00:00,2026-09-10 13:00:03,,,8200,https://www.yad2.co.il/realestate/item/tel-aviv-area/mnbw284n,413,6
1880000,https://www.yad2.co.il/realestate/item/tel-aviv-area/38mwwqzu,56,2.5,0,0.043723,תל אביב יפו,נווה שאנן,הגדוד העברי,32.0595485,34.7767968,2026-09-10T17:41:18+00:00,2026-01-14 11:10:27,,,6850,https://www.yad2.co.il/realestate/item/tel-aviv-area/ot8tidcw,115,5
2390000,https://www.yad2.co.il/realestate/item/tel-aviv-area/7dvxybsv,45,2.0,15,0.043682,תל אביב יפו,,"הרא""ש",32.0543328,34.7672253,2026-09-10T17:45:29+00:00,2026-09-08 16:47:16,,,8700,https://www.yad2.co.il/realestate/item/tel-aviv-area/nv22i7e6,366,6
1650000,https://www.yad2.co.il/realestate/item/center-and-sharon/n8p5eaxj,70,2.5,25,0.043636,בני ברק,הר שלום,,32.0848964,34.827605,2026-09-10T13:56:10+00:00,2026-01-28 21:42:50,,,6000,https://www.yad2.co.il/realestate/item/tel-aviv-area/1m6chmgc,274,1
2090000,https://www.yad2.co.il/realestate/item/tel-aviv-area/sb740eos,65,3.0,0,0.043636,תל אביב יפו,"נווה גולן, יפו ג'",פיקוס,32.0350984,34.7513801,2026-09-10T17:43:14+00:00,2026-02-27 11:46:53,,,7600,https://www.yad2.co.il/realestate/item/tel-aviv-area/my1lejmu,107,3
1899000,https://www.yad2.co.il/realestate/item/tel-aviv-area/07c9838e,68,3.0,55,0.043602,רמת גן,תל יהודה,כנפי נשרים,32.0705357,34.8202066,2026-09-10T19:22:51+00:00,2026-06-13 19:56:10,,,6900,https://www.yad2.co.il/realestate/item/tel-aviv-area/5d2evt11,469,8
1899000,https://www.yad2.co.il/realestate/item/tel-aviv-area/qpuloc3r,70,3.0,55,0.043602,רמת גן,תל יהודה,הרכסים,32.0729681,34.8231674,2026-09-10T19:22:51+00:00,2026-08-07 19:00:14,164,,6900,https://www.yad2.co.il/realestate/item/tel-aviv-area/5d2evt11,497,6
2450000,https://www.yad2.co.il/realestate/item/tel-aviv-area/m24v3rre,55,2.0,25,0.043592,תל אביב יפו,הצפון הישן - החלק הדרומי,שדרות בן גוריון,32.0818941,34.7789005,2026-09-10T17:46:36+00:00,2026-09-04 14:57:40,34,,8900,https://www.yad2.co.il/realestate/item/tel-aviv-area/dp2gvctl,353,10
2340000,https://www.yad2.co.il/realestate/item/tel-aviv-area/6aj7a5qf,108,4.0,0,0.04359,תל אביב יפו,נווה חן,מעפילי אגוז 9,32.0516482,34.8114612,2026-09-10T17:45:05+00:00,2026-03-31 15:18:39,,,8500,https://www.yad2.co.il/realestate/item/tel-aviv-area/rvpm9lxv,402,4
2340000,https://www.yad2.co.il/realestate/item/tel-aviv-area/u0efsnta,79,3.0,0,0.04359,רמת גן,"שכונת יהלום, מרכז העיר ב",הרצל 6,32.0808433,34.8193769,2026-09-11T06:07:10+00:00,2026-09-05 21:42:33,,,8500,https://www.yad2.co.il/realestate/item/tel-aviv-area/fw9om5qp,523,2
1790000,https://www.yad2.co.il/realestate/item/tel-aviv-area/1tdz1spq,62,2.5,70,0.043575,רמת גן,שכונת הלל,,32.0686867,34.8246812,2026-09-10T19:22:30+00:00,2026-04-28 16:23:42,,,6500,https://www.yad2.co.il/realestate/item/tel-aviv-area/p0jrmdkz,0,3
1790000,https://www.yad2.co.il/realestate/item/tel-aviv-area/n72lheo9,70,3.0,55,0.043575,רמת גן,"שכונת יהלום, מרכז העיר ב",נתן,32.0828063,34.8175169,2026-09-10T19:22:30+00:00,2026-08-13 08:21:13,236,,6500,https://www.yad2.co.il/realestate/item/tel-aviv-area/d1kfw6ge,446,12
2150000,https://www.yad2.co.il/realestate/item/center-and-sharon/04l827la,110,4.0,25,0.043535,פתח תקווה,לב המושבה / מרכז העיר,ארתור רופין,32.0913857,34.8787314,2026-09-10T14:36:57+00:00,2025-08-28 21:14:47,,,7800,https://www.yad2.co.il/realestate/item/center-and-sharon/v7blssbr,175,2
2150000,https://www.yad2.co.il/realestate/item/tel-aviv-area/vjrxwzyz,89,4.0,0,0.043535,תל אביב יפו,נווה חן,מעפילי אגוז 1,32.0548271,34.8083226,2026-09-10T17:43:36+00:00,2026-05-28 10:55:23,,,7800,https://www.yad2.co.il/realestate/item/tel-aviv-area/mu8vr0fi,280,6
2400000,https://www.yad2.co.il/realestate/item/tel-aviv-area/elv8lm7y,100,4.0,40,0.0435,תל אביב יפו,"התקוה, בית יעקב, נווה צה""ל",הברוש,32.0526376,34.7871531,2026-09-10T17:46:13+00:00,2026-04-30 15:17:26,,,8700,https://www.yad2.co.il/realestate/item/tel-aviv-area/rg1ey3f9,301,2
1890000,https://www.yad2.co.il/realestate/item/tel-aviv-area/sx9syso5,55,2.0,0,0.043492,תל אביב יפו,נווה שאנן,הגדוד העברי,32.0595485,34.7767968,2026-09-10T17:41:41+00:00,2025-07-19 11:15:34,,,6850,https://www.yad2.co.il/realestate/item/tel-aviv-area/ot8tidcw,115,4
2350000,https://www.yad2.co.il/realestate/item/tel-aviv-area/ftsiavgo,92,3.5,40,0.043404,רמת גן,נגבה,אמיר,32.0692879,34.8252762,2026-09-11T06:07:54+00:00,2026-08-06 21:30:56,,,8500,https://www.yad2.co.il/realestate/item/tel-aviv-area/3oz8saov,376,17
2350000,https://www.yad2.co.il/realestate/item/tel-aviv-area/n4ehwdz0,40,1.5,25,0.043404,תל אביב יפו,"צפון יפו, המושבה האמריקאית-גרמנית",,32.052493,34.7620775,2026-09-10T17:45:29+00:00,2023-09-03 19:21:59,,,8500,https://www.yad2.co.il/realestate/item/tel-aviv-area/47enmt5n,475,7
2270000,https://www.yad2.co.il/realestate/item/tel-aviv-area/tv0s0j97,85,4.0,0,0.043348,תל אביב יפו,קרית שלום,משגב עם,32.0419179,34.7741999,2026-09-10T17:44:43+00:00,2026-07-25 20:29:58,197,,8200,https://www.yad2.co.il/realestate/item/tel-aviv-area/f7k5i3l2,320,1
1800000,https://www.yad2.co.il/realestate/item/center-and-sharon/lnjyx3ce,75,3.0,15,0.043333,בני ברק,הר שלום,עלי הכהן,32.0905929,34.8248892,2026-09-10T13:56:32+00:00,2026-06-07 08:38:55,,,6500,https://www.yad2.co.il/realestate/item/tel-aviv-area/zlk99ofv,299,2
1800000,https://www.yad2.co.il/realestate/item/center-and-sharon/oyyk4gg0,83,3.0,0,0.043333,פתח תקווה,,,32.0877639,34.8859985,2026-09-10T14:03:39+00:00,2026-09-03 15:07:35,,,6500,https://www.yad2.co.il/realestate/item/center-and-sharon/uvvjsaqt,509,1
1800000,https://www.yad2.co.il/realestate/item/tel-aviv-area/ry6stxmq,61,3.0,40,0.043333,תל אביב יפו,שפירא,כוכבי יצחק,32.047933,34.7828378,2026-09-10T17:40:56+00:00,2026-06-18 11:44:44,,,6500,https://www.yad2.co.il/realestate/item/tel-aviv-area/nrqwlk2z,289,1
1870000,https://www.yad2.co.il/realestate/item/center-and-sharon/e84orxxf,76,3.5,15,0.043316,פתח תקווה,המרכז השקט / מרכז העיר,ליפה ויניצקי,32.087244,34.891554,2026-09-10T14:32:51+00:00,2026-07-16 09:16:54,,,6750,https://www.yad2.co.il/realestate/item/center-and-sharon/4fftoqwe,135,1
2495000,https://www.yad2.co.il/realestate/item/tel-aviv-area/601trtnm,54,2.0,55,0.043287,תל אביב יפו,"נווה גולן, יפו ג'",,32.0852997,34.7818064,2026-09-10T17:46:59+00:00,2026-02-26 14:43:18,,,9000,https://www.yad2.co.il/realestate/item/tel-aviv-area/s50irny2,450,7
1830000,https://www.yad2.co.il/realestate/item/tel-aviv-area/b2o7at51,50,2.5,55,0.043279,גבעתיים,"הל""ה","הל""ה",32.0737113,34.8083918,2026-09-10T14:00:06+00:00,2026-09-03 19:52:02,81,,6600,https://www.yad2.co.il/realestate/item/tel-aviv-area/8vx3xdxd,257,4
1900000,https://www.yad2.co.il/realestate/item/tel-aviv-area/e8prx49t,55,2.0,0,0.043263,תל אביב יפו,נווה שאנן,,32.058348,34.7797947,2026-09-10T17:41:41+00:00,2025-05-19 16:59:21,,,6850,https://www.yad2.co.il/realestate/item/tel-aviv-area/ot8tidcw,415,4
2180000,https://www.yad2.co.il/realestate/item/tel-aviv-area/fowdtf08,36,1.5,15,0.043211,תל אביב יפו,הצפון הישן - החלק הדרומי,פרישמן,32.0798439,34.7710321,2026-09-10T17:43:36+00:00,2026-06-17 18:37:51,,,7850,https://www.yad2.co.il/realestate/item/tel-aviv-area/2ii0nxbv,341,2
2500000,https://www.yad2.co.il/realestate/item/tel-aviv-area/j4kpe5ub,50,2.5,40,0.0432,תל אביב יפו,"צהלון, שיכוני חסכון",,32.0852997,34.7818064,2026-09-10T17:46:59+00:00,2026-02-26 11:19:31,,,9000,https://www.yad2.co.il/realestate/item/tel-aviv-area/s50irny2,450,11
2500000,https://www.yad2.co.il/realestate/item/tel-aviv-area/v5upw035,70,3.0,70,0.0432,תל אביב יפו,"צהלון, שיכוני חסכון",אלברט קיוסו 5,32.0482924,34.7551396,2026-09-10T17:46:59+00:00,2026-09-08 10:43:26,,,9000,https://www.yad2.co.il/realestate/item/tel-aviv-area/4c1d2i4q,567,2
1890000,https://www.yad2.co.il/realestate/item/center-and-sharon/cc7wf62v,70,2.0,100,0.043175,בני ברק,תל גיבורים,יונתן בן שאול 8,32.0942476,34.8284279,2026-09-10T13:56:53+00:00,2026-08-09 15:13:06,,,6800,https://www.yad2.co.il/realestate/item/tel-aviv-area/nemae4hq,505,1
1890000,https://www.yad2.co.il/realestate/item/center-and-sharon/k0ic6hco,105,4.0,15,0.043175,פתח תקווה,המרכז השקט / מרכז העיר,הרמן צבי שפירא 39,32.0809849,34.886758,2026-09-10T14:33:50+00:00,2026-05-19 10:02:50,,,6800,https://www.yad2.co.il/realestate/item/center-and-sharon/rf1vnvm0,500,3
1920000,https://www.yad2.co.il/realestate/item/tel-aviv-area/7xy85cj6,70,3.0,25,0.043125,רמת גן,יד לבנים,עוזיאל,32.0738777,34.8231251,2026-09-10T19:22:51+00:00,2026-07-06 11:13:14,,,6900,https://www.yad2.co.il/realestate/item/tel-aviv-area/5d2evt11,596,7
1950000,https://www.yad2.co.il/realestate/item/center-and-sharon/94e6ha57,80,3.0,0,0.043077,פתח תקווה,תקומה / קרית חזני,יחיאל צ'לנוב,32.0939059,34.8944483,2026-09-10T14:34:12+00:00,2026-09-02 15:08:08,,,7000,https://www.yad2.co.il/realestate/item/center-and-sharon/ae0xxa2k,409,5
1950000,https://www.yad2.co.il/realestate/item/center-and-sharon/fupi6o2r,80,4.0,25,0.043077,בני ברק,הר שלום,הרב הרצוג 40,32.0848964,34.827605,2026-09-10T13:57:15+00:00,2026-07-12 18:04:39,366,,7000,https://www.yad2.co.il/realestate/item/center-and-sharon/airpfwg1,533,2
1950000,https://www.yad2.co.il/realestate/item/tel-aviv-area/hxbgobnt,75,3.5,25,0.043077,תל אביב יפו,,סומקן,32.0348129,34.758369,2026-09-10T17:42:04+00:00,2026-06-27 20:56:20,,,7000,https://www.yad2.co.il/realestate/item/tel-aviv-area/9fxqu5x4,70,2
1950000,https://www.yad2.co.il/realestate/item/center-and-sharon/pgkl9085,100,4.0,0,0.043077,פתח תקווה,שיפר,יהושע שטמפפר,32.0949396,34.8924103,2026-09-10T14:35:20+00:00,2026-07-15 16:59:37,,,7000,https://www.yad2.co.il/realestate/item/center-and-sharon/7cp7a487,395,3
2090000,https://www.yad2.co.il/realestate/item/center-and-sharon/nyj3v4ta,90,3.5,25,0.043062,פתח תקווה,המרכז השקט / מרכז העיר,שמואל סלנט,32.078926,34.889789,2026-09-10T14:36:05+00:00,2026-07-13 10:37:58,,,7500,https://www.yad2.co.il/realestate/item/center-and-sharon/6hjntaer,556,1
2090000,https://www.yad2.co.il/realestate/item/tel-aviv-area/ulwidii5,78,3.5,0,0.043062,תל אביב יפו,נווה חן,מעפילי אגוז,32.0548271,34.8083226,2026-09-10T17:43:14+00:00,2026-05-15 10:35:59,,,7500,https://www.yad2.co.il/realestate/item/tel-aviv-area/oe9c91fs,0,4
2150000,https://www.yad2.co.il/realestate/item/tel-aviv-area/ggw0eb4d,76,3.0,0,0.042977,תל אביב יפו,לבנה,דרך חיים ברלב 176,32.046689,34.799899,2026-09-10T17:43:36+00:00,2026-02-08 17:52:38,,,7700,https://www.yad2.co.il/realestate/item/tel-aviv-area/74105l9j,537,4
1900000,https://www.yad2.co.il/realestate/item/center-and-sharon/g4he8ze5,101,4.0,15,0.042947,פתח תקווה,לב המושבה / מרכז העיר,משה הס,32.0883458,34.8888529,2026-09-10T14:03:39+00:00,2026-07-01 17:33:36,,,6800,https://www.yad2.co.il/realestate/item/center-and-sharon/14n8cy07,341,6
1890000,https://www.yad2.co.il/realestate/item/center-and-sharon/0hikdt68,92,3.5,15,0.042857,פתח תקווה,המרכז השקט / מרכז העיר,,32.0863708,34.8925421,2026-09-10T14:33:27+00:00,2026-09-09 12:01:25,,,6750,https://www.yad2.co.il/realestate/item/center-and-sharon/4fftoqwe,0,9
1960000,https://www.yad2.co.il/realestate/item/center-and-sharon/9a7moe1p,95,4.0,40,0.042857,פתח תקווה,מחנה יהודה,הרב קטרוני 7,32.0812723,34.8934525,2026-09-10T14:34:34+00:00,2026-08-27 10:10:45,,,7000,https://www.yad2.co.il/realestate/item/center-and-sharon/s5s5esel,522,1
2100000,https://www.yad2.co.il/realestate/item/center-and-sharon/exr1ef90,87,4.0,0,0.042857,בני ברק,יסודות,שדרות איינשטיין,32.0873899,34.8324376,2026-09-10T13:57:59+00:00,2026-05-28 01:00:39,,,7500,https://www.yad2.co.il/realestate/item/center-and-sharon/a0pjwa8c,0,9
2240000,https://www.yad2.co.il/realestate/item/tel-aviv-area/iaro87ji,76,3.5,25,0.042857,רמת גן,נגבה,בר יוחאי,32.0643721,34.824988,2026-09-11T06:05:21+00:00,2026-08-11 13:46:11,,,8000,https://www.yad2.co.il/realestate/item/tel-aviv-area/37nfrjhv,481,4
2100000,https://www.yad2.co.il/realestate/item/tel-aviv-area/k4ucvuwi,53,2.0,55,0.042857,תל אביב יפו,"צפון יפו, המושבה האמריקאית-גרמנית",בן צדוק,32.0518851,34.7587538,2026-09-10T17:43:14+00:00,2026-05-31 16:26:57,,,7500,https://www.yad2.co.il/realestate/item/tel-aviv-area/4y4k88bu,320,2
2380000,https://www.yad2.co.il/realestate/item/tel-aviv-area/xgm89i4b,42,2.0,15,0.042857,תל אביב יפו,הצפון הישן - החלק הדרומי,פינסקר,32.0768437,34.7728656,2026-09-10T17:45:29+00:00,2026-03-05 17:20:35,,,8500,https://www.yad2.co.il/realestate/item/tel-aviv-area/ie4m9p1o,171,3
1890000,https://www.yad2.co.il/realestate/item/center-and-sharon/zrmx390p,90,4.0,70,0.042857,פתח תקווה,המרכז השקט / מרכז העיר,חיים עוזר,32.0851982,34.8877627,2026-09-10T14:33:50+00:00,2026-05-18 16:45:09,,,6750,https://www.yad2.co.il/realestate/item/center-and-sharon/4fftoqwe,469,4
2190000,https://www.yad2.co.il/realestate/item/tel-aviv-area/j5jtavoq,72,2.0,0,0.04274,תל אביב יפו,פלורנטין,נחלת בנימין,32.0554732,34.7716308,2026-09-10T17:43:59+00:00,2025-05-22 13:07:50,,,7800,https://www.yad2.co.il/realestate/item/tel-aviv-area/0mp247vq,379,4
2500000,https://www.yad2.co.il/realestate/item/tel-aviv-area/3pbuigc2,58,2.0,25,0.04272,תל אביב יפו,הצפון הישן - החלק הצפוני,ויזל,32.0842089,34.7778448,2026-09-10T17:46:59+00:00,2026-09-03 12:55:24,56,,8900,https://www.yad2.co.il/realestate/item/tel-aviv-area/dp2gvctl,318,12
1940000,https://www.yad2.co.il/realestate/item/center-and-sharon/ozruuf5o,104,4.0,15,0.04268,פתח תקווה,תקומה / קרית חזני,יוסף אהרונוביץ' 4,32.0933852,34.8947961,2026-09-10T14:34:12+00:00,2026-08-27 09:43:36,,,6900,https://www.yad2.co.il/realestate/item/center-and-sharon/w6ab8mhy,284,3
2390000,https://www.yad2.co.il/realestate/item/tel-aviv-area/38zf35wb,40,2.0,25,0.042678,תל אביב יפו,"לב תל אביב, לב העיר צפון",שיינקין,32.0696501,34.7715096,2026-09-10T17:45:29+00:00,2025-05-07 13:28:34,,,8500,https://www.yad2.co.il/realestate/item/tel-aviv-area/wjgubdmy,398,8
2390000,https://www.yad2.co.il/realestate/item/tel-aviv-area/6yws337n,107,4.0,0,0.042678,רמת גן,גני מרום,שדרות הרב לוין,32.0695342,34.8375296,2026-09-11T06:08:47+00:00,2026-08-18 17:09:31,,,8500,https://www.yad2.co.il/realestate/item/tel-aviv-area/aoe34gw1,514,3
2390000,https://www.yad2.co.il/realestate/item/tel-aviv-area/b8qxffqi,50,2.5,70,0.042678,תל אביב יפו,פלורנטין,מעון,32.0558127,34.7663838,2026-09-10T17:45:50+00:00,2026-07-30 12:00:21,146,,8500,https://www.yad2.co.il/realestate/item/tel-aviv-area/47enmt5n,131,14
2390000,https://www.yad2.co.il/realestate/item/tel-aviv-area/djseu69t,87,4.0,0,0.042678,רמת גן,תל יהודה,,32.0723428,34.8216551,2026-09-11T06:09:09+00:00,2026-07-16 10:01:04,423,,8500,https://www.yad2.co.il/realestate/item/tel-aviv-area/xctg2k09,497,9
2390000,https://www.yad2.co.il/realestate/item/tel-aviv-area/k3rltu7z,105,4.0,0,0.042678,רמת גן,גני מרום,שדרות הרב לוין,32.0695342,34.8375296,2026-09-11T06:09:09+00:00,2026-07-31 13:16:42,,,8500,https://www.yad2.co.il/realestate/item/tel-aviv-area/aoe34gw1,514,3
2390000,https://www.yad2.co.il/realestate/item/tel-aviv-area/mzs7r5lu,90,3.0,40,0.042678,רמת גן,,סמטת יפתח,32.0669191,34.8201047,2026-09-11T06:09:09+00:00,2026-04-20 10:04:17,,,8500,https://www.yad2.co.il/realestate/item/tel-aviv-area/ogwvf2v8,171,7
1828000,https://www.yad2.co.il/realestate/item/center-and-sharon/nqbch2ld,67,2.5,70,0.04267,פתח תקווה,,רוטשילד 88,32.0859522,34.8817958,2026-09-10T14:03:39+00:00,2026-06-14 11:19:12,,,6500,https://www.yad2.co.il/realestate/item/center-and-sharon/kxppdw08,444,1
2475000,https://www.yad2.co.il/realestate/item/tel-aviv-area/5e0grgzc,114,3.5,70,0.042667,רמת גן,"מרום נווה, רמת יצחק",סאלק 1,32.0742987,34.8257137,2026-09-11T06:10:57+00:00,2026-04-09 21:15:22,,,8800,https://www.yad2.co.il/realestate/item/tel-aviv-area/aeukj1pv,272,1
2475000,https://www.yad2.co.il/realestate/item/tel-aviv-area/9eelyypj,114,3.5,70,0.042667,רמת גן,"מרום נווה, רמת יצחק",סאלק,32.0740465,34.8256505,2026-09-11T06:10:57+00:00,2026-04-15 18:30:31,,,8800,https://www.yad2.co.il/realestate/item/tel-aviv-area/aeukj1pv,289,1
2250000,https://www.yad2.co.il/realestate/item/center-and-sharon/9egv6xf0,110,5.0,40,0.042667,בני ברק,"הפועל המזרחי ב', שיכון ב'",דניאל 4,32.0809196,34.8267012,2026-09-10T13:58:42+00:00,2026-01-30 03:15:02,,,8000,https://www.yad2.co.il/realestate/item/center-and-sharon/163atc65,379,1
2250000,https://www.yad2.co.il/realestate/item/tel-aviv-area/gdersdpd,79,4.0,15,0.042667,רמת גן,"נווה יהושע, ערמונים",נווה יהושע,32.0602597,34.8322006,2026-09-11T06:05:43+00:00,2026-07-16 13:08:37,,,8000,https://www.yad2.co.il/realestate/item/tel-aviv-area/an8mcj1c,406,3
1900000,https://www.yad2.co.il/realestate/item/center-and-sharon/odwxprcn,100,3.5,15,0.042632,פתח תקווה,המרכז השקט / מרכז העיר,הרב קטרוני,32.083896,34.889165,2026-09-10T14:03:39+00:00,2026-08-26 11:39:47,,,6750,https://www.yad2.co.il/realestate/item/center-and-sharon/4fftoqwe,421,3
1830000,https://www.yad2.co.il/realestate/item/center-and-sharon/g3xpmr1f,85,3.0,70,0.042623,בני ברק,פרדס כץ,סומך,32.096915,34.8308859,2026-09-10T13:56:53+00:00,2026-05-13 17:15:55,,,6500,https://www.yad2.co.il/realestate/item/tel-aviv-area/ivu1goq2,398,1
1690000,https://www.yad2.co.il/realestate/item/center-and-sharon/x3n18zfk,55,3.0,100,0.042604,פתח תקווה,,אסף שמחוני 33,32.0749111,34.8953456,2026-09-10T14:02:05+00:00,2026-08-05 15:20:24,,,6000,https://www.yad2.co.il/realestate/item/center-and-sharon/6f0twz97,552,1
1890000,https://www.yad2.co.il/realestate/item/tel-aviv-area/iaocb328,62,2.5,25,0.04254,גבעתיים,שינקין,שיינקין,32.074032,34.8100563,2026-09-10T14:00:06+00:00,2026-07-15 15:42:41,573,,6700,https://www.yad2.co.il/realestate/item/tel-aviv-area/sxgp586k,422,9
1890000,https://www.yad2.co.il/realestate/item/tel-aviv-area/tpnxdart,60,2.5,70,0.04254,גבעתיים,שינקין,שיינקין,32.074032,34.8100563,2026-09-10T14:00:06+00:00,2026-08-04 11:51:05,288,,6700,https://www.yad2.co.il/realestate/item/tel-aviv-area/sxgp586k,422,8
1750000,https://www.yad2.co.il/realestate/item/center-and-sharon/ux2menac,70,3.0,25,0.042514,בני ברק,הר שלום,דוד המלך,32.0835266,34.8268241,2026-09-10T13:56:32+00:00,2026-07-20 09:14:52,,,6200,https://www.yad2.co.il/realestate/item/tel-aviv-area/sgmpwrdi,567,2
1750000,https://www.yad2.co.il/realestate/item/tel-aviv-area/wcciep4l,65,3.5,25,0.042514,תל אביב יפו,"התקוה, בית יעקב, נווה צה""ל",,32.0524776,34.7903462,2026-09-10T17:40:56+00:00,2026-08-11 18:50:39,,,6200,https://www.yad2.co.il/realestate/item/tel-aviv-area/oy6a6fut,234,1
2400000,https://www.yad2.co.il/realestate/item/tel-aviv-area/2u8dlo7r,40,2.0,15,0.0425,תל אביב יפו,הצפון הישן - החלק הצפוני,בן יהודה 252,32.0861535,34.7728727,2026-09-10T17:45:50+00:00,2026-05-07 17:59:08,,,8500,https://www.yad2.co.il/realestate/item/tel-aviv-area/kajt01py,141,4
2400000,https://www.yad2.co.il/realestate/item/tel-aviv-area/4r0yvb13,53,2.0,25,0.0425,תל אביב יפו,פלורנטין,קורדוברו,32.0567286,34.7687298,2026-09-10T17:45:50+00:00,2025-09-25 19:11:03,,,8500,https://www.yad2.co.il/realestate/item/tel-aviv-area/47enmt5n,361,16
2400000,https://www.yad2.co.il/realestate/item/tel-aviv-area/syner7hn,55,2.5,25,0.0425,תל אביב יפו,פלורנטין,השוק,32.0600719,34.7714853,2026-09-10T17:46:13+00:00,2025-04-08 17:43:29,,,8500,https://www.yad2.co.il/realestate/item/tel-aviv-area/xv2pj1yr,590,15
2400000,https://www.yad2.co.il/realestate/item/tel-aviv-area/tm4yds98,50,2.0,25,0.0425,תל אביב יפו,פלורנטין,אוריאל אקוסטה,32.0575639,34.7692145,2026-09-10T17:46:13+00:00,2026-06-22 11:54:38,,,8500,https://www.yad2.co.il/realestate/item/tel-aviv-area/47enmt5n,435,16
2090000,https://www.yad2.co.il/realestate/item/tel-aviv-area/a3629r5r,57,2.0,40,0.042488,רמת גן,נחלת גנים,"רש""י",32.0926411,34.8177327,2026-09-11T06:02:29+00:00,2025-08-01 13:40:17,,,7400,https://www.yad2.co.il/realestate/item/tel-aviv-area/plbhq9ct,565,1
1950000,https://www.yad2.co.il/realestate/item/center-and-sharon/ytsl6yp3,115,4.0,0,0.042462,פתח תקווה,המרכז השקט / מרכז העיר,חנה סנש,32.0851665,34.8922386,2026-09-10T14:34:34+00:00,2026-08-06 15:08:08,,,6900,https://www.yad2.co.il/realestate/item/center-and-sharon/bq7i3df2,517,5
1980000,https://www.yad2.co.il/realestate/item/center-and-sharon/dw19md0b,70,3.0,0,0.042424,פתח תקווה,שיפר,אליהו גולומב 11,32.0973219,34.890606,2026-09-10T14:34:34+00:00,2026-03-04 10:49:19,,,7000,https://www.yad2.co.il/realestate/item/center-and-sharon/55k35crk,316,3
1840000,https://www.yad2.co.il/realestate/item/center-and-sharon/73agd0x1,62,3.0,70,0.042391,פתח תקווה,לב המושבה / מרכז העיר,"ביל""ו",32.0871772,34.8805872,2026-09-10T14:02:29+00:00,2026-01-21 15:47:24,,,6500,https://www.yad2.co.il/realestate/item/center-and-sharon/kxppdw08,514,1
1840000,https://www.yad2.co.il/realestate/item/center-and-sharon/mssiy369,65,3.0,100,0.042391,פתח תקווה,,,32.0877639,34.8859985,2026-09-10T14:32:51+00:00,2025-08-21 10:03:57,,,6500,https://www.yad2.co.il/realestate/item/center-and-sharon/kxppdw08,0,1
1930000,https://www.yad2.co.il/realestate/item/center-and-sharon/nt4ldegq,100,4.0,15,0.04228,פתח תקווה,המרכז השקט / מרכז העיר,אחד העם 9,32.0836674,34.8840771,2026-09-10T14:34:12+00:00,2026-07-02 15:54:21,,,6800,https://www.yad2.co.il/realestate/item/center-and-sharon/rf1vnvm0,478,5
1960000,https://www.yad2.co.il/realestate/item/center-and-sharon/f68yqlpi,100,4.0,15,0.042245,פתח תקווה,תקומה / קרית חזני,יחיאל צ'לנוב,32.0939059,34.8944483,2026-09-10T14:33:50+00:00,2026-08-31 13:18:01,,,6900,https://www.yad2.co.il/realestate/item/center-and-sharon/w6ab8mhy,224,2
1960000,https://www.yad2.co.il/realestate/item/center-and-sharon/lsr32qhx,100,4.0,15,0.042245,פתח תקווה,לב המושבה / מרכז העיר,בורלא,32.0917818,34.8815645,2026-09-10T14:34:34+00:00,2026-09-03 11:49:18,,,6900,https://www.yad2.co.il/realestate/item/center-and-sharon/5qgo6rh5,300,9
2500000,https://www.yad2.co.il/realestate/item/tel-aviv-area/ha8a475f,86,4.0,55,0.04224,רמת גן,,עוזיאל 81,32.0719969,34.8230143,2026-09-11T06:12:23+00:00,2026-06-29 13:06:55,,,8800,https://www.yad2.co.il/realestate/item/tel-aviv-area/xq1vz86e,109,20
2500000,https://www.yad2.co.il/realestate/item/tel-aviv-area/hyuxympg,176,4.0,25,0.04224,תל אביב יפו,קרית שלום,זולצר,32.0448313,34.7817477,2026-09-10T17:46:59+00:00,2025-10-26 09:44:55,,,8800,https://www.yad2.co.il/realestate/item/tel-aviv-area/1uvumnp4,264,2
1990000,https://www.yad2.co.il/realestate/item/tel-aviv-area/2heb22wo,57,3.0,70,0.042211,תל אביב יפו,נווה שאנן,לוינסקי,32.0578676,34.7770925,2026-09-10T17:42:27+00:00,2026-07-22 12:20:12,,,7000,https://www.yad2.co.il/realestate/item/tel-aviv-area/039x5hjr,429,3
1990000,https://www.yad2.co.il/realestate/item/center-and-sharon/41fuvncu,92,4.0,15,0.042211,פתח תקווה,כפר גנים א,דב הוז 7,32.0843021,34.8763797,2026-09-10T14:34:56+00:00,2026-05-24 09:12:01,,,7000,https://www.yad2.co.il/realestate/item/center-and-sharon/7lklznkt,441,5
1990000,https://www.yad2.co.il/realestate/item/center-and-sharon/4rum9m1i,90,3.5,0,0.042211,פתח תקווה,לב המושבה / מרכז העיר,דוד מאיר גוטמן 13,32.0871038,34.8848259,2026-09-10T14:34:56+00:00,2025-12-17 13:51:45,,,7000,https://www.yad2.co.il/realestate/item/center-and-sharon/8edpnode,0,4
1990000,https://www.yad2.co.il/realestate/item/center-and-sharon/9cnoguhn,80,3.5,55,0.042211,בני ברק,"הפועל המזרחי ב', שיכון ב'",,32.0873899,34.8324376,2026-09-10T13:57:15+00:00,2024-09-09 09:21:41,,,7000,https://www.yad2.co.il/realestate/item/center-and-sharon/airpfwg1,0,2
1990000,https://www.yad2.co.il/realestate/item/tel-aviv-area/9g8fw36f,75,3.5,55,0.042211,תל אביב יפו,"יפו ד', גבעת התמרים",סומקן 5,32.0340022,34.7585306,2026-09-10T17:42:27+00:00,2025-10-28 09:56:54,,,7000,https://www.yad2.co.il/realestate/item/tel-aviv-area/9fxqu5x4,127,1
1990000,https://www.yad2.co.il/realestate/item/center-and-sharon/et81759q,120,4.0,0,0.042211,פתח תקווה,קרול,יהודה לייב פינסקר,32.0978514,34.8813969,2026-09-10T14:34:56+00:00,2026-07-26 12:00:41,,,7000,https://www.yad2.co.il/realestate/item/center-and-sharon/4iaca85r,272,1
1990000,https://www.yad2.co.il/realestate/item/center-and-sharon/hkn9oghu,88,3.0,0,0.042211,פתח תקווה,עין גנים,"אצ""ל 1",32.0912878,34.8925833,2026-09-10T14:34:56+00:00,2026-06-07 15:07:08,,,7000,https://www.yad2.co.il/realestate/item/center-and-sharon/55k35crk,441,3
1990000,https://www.yad2.co.il/realestate/item/center-and-sharon/khak8439,92,4.0,15,0.042211,פתח תקווה,כפר גנים א,דב הוז 7,32.0843021,34.8763797,2026-09-10T14:34:56+00:00,2026-05-29 08:15:21,,,7000,https://www.yad2.co.il/realestate/item/center-and-sharon/7lklznkt,441,5
1990000,https://www.yad2.co.il/realestate/item/center-and-sharon/l5q32y42,95,4.0,15,0.042211,פתח תקווה,כפר גנים א,דגל ראובן,32.0818299,34.8755239,2026-09-10T14:36:57+00:00,2026-06-17 08:58:18,,,7000,https://www.yad2.co.il/realestate/item/center-and-sharon/7lklznkt,206,5
1990000,https://www.yad2.co.il/realestate/item/center-and-sharon/r7vjqc2g,104,4.0,55,0.042211,פתח תקווה,המרכז השקט / מרכז העיר,חפץ חיים 47,32.0833052,34.8872075,2026-09-10T14:34:56+00:00,2026-09-06 18:44:53,33,,7000,https://www.yad2.co.il/realestate/item/center-and-sharon/8edpnode,478,5
1990000,https://www.yad2.co.il/realestate/item/center-and-sharon/szxe5q8l,80,3.5,25,0.042211,בני ברק,גבעת רוקח,רבי עקיבא 37,32.0883781,34.8273019,2026-09-10T13:57:15+00:00,2026-04-18 22:46:24,,,7000,https://www.yad2.co.il/realestate/item/center-and-sharon/airpfwg1,496,2
1990000,https://www.yad2.co.il/realestate/item/center-and-sharon/xk3jsqrg,108,4.0,15,0.042211,פתח תקווה,,בנימין יהלום,32.0833992,34.8775822,2026-09-10T14:34:56+00:00,2026-01-04 15:03:12,,,7000,https://www.yad2.co.il/realestate/item/center-and-sharon/7lklznkt,458,8
2390000,https://www.yad2.co.il/realestate/item/tel-aviv-area/14bu6dbu,94,4.0,0,0.042176,תל אביב יפו,נווה אליעזר וכפר שלם מזרח,"מח""ל",32.0490898,34.8065685,2026-09-10T17:45:29+00:00,2026-08-05 14:56:59,,,8400,https://www.yad2.co.il/realestate/item/tel-aviv-area/pe0ze4cc,321,4
2390000,https://www.yad2.co.il/realestate/item/tel-aviv-area/biaf5mnk,94,4.0,0,0.042176,תל אביב יפו,נווה חן,מעפילי אגוז 31,32.051691,34.811265,2026-09-10T17:45:50+00:00,2026-08-05 14:52:04,109,,8400,https://www.yad2.co.il/realestate/item/tel-aviv-area/pe0ze4cc,319,4
1850000,https://www.yad2.co.il/realestate/item/center-and-sharon/fwf2421w,70,4.5,70,0.042162,פתח תקווה,יוספטל,אסתר המלכה,32.093566,34.904374,2026-09-10T14:32:51+00:00,2025-06-16 20:14:53,,,6500,https://www.yad2.co.il/realestate/item/center-and-sharon/m3jm89bd,178,1
1880000,https://www.yad2.co.il/realestate/item/center-and-sharon/rhnj0rz4,85,3.5,15,0.042128,פתח תקווה,לב המושבה / מרכז העיר,"ביל""ו 1",32.087062,34.8813339,2026-09-10T14:33:27+00:00,2026-08-10 01:40:08,,,6600,https://www.yad2.co.il/realestate/item/center-and-sharon/hxusscze,590,2
1995000,https://www.yad2.co.il/realestate/item/center-and-sharon/antgbrqp,90,4.0,0,0.042105,פתח תקווה,המרכז השקט / מרכז העיר,הרצל,32.0852837,34.8869244,2026-09-10T14:34:56+00:00,2026-02-12 09:28:05,,,7000,https://www.yad2.co.il/realestate/item/center-and-sharon/8edpnode,283,5
2280000,https://www.yad2.co.il/realestate/item/tel-aviv-area/rt43kjah,81,3.5,15,0.042105,רמת גן,"נווה יהושע, ערמונים",אריה בן אליעזר,32.0638552,34.8329584,2026-09-11T06:06:06+00:00,2026-06-24 14:57:30,,,8000,https://www.yad2.co.il/realestate/item/tel-aviv-area/an8mcj1c,0,3
2280000,https://www.yad2.co.il/realestate/item/tel-aviv-area/tcorczpy,75,3.5,40,0.042105,תל אביב יפו,"צהלון, שיכוני חסכון",שבטי ישראל 87,32.0485423,34.7570097,2026-09-10T17:44:43+00:00,2026-04-19 10:23:04,,,8000,https://www.yad2.co.il/realestate/item/tel-aviv-area/g139um55,246,3
1910000,https://www.yad2.co.il/realestate/item/tel-aviv-area/385x8v6a,50,2.0,70,0.042094,גבעתיים,גבעת הרמבם,חביבה רייק,32.0692993,34.8032654,2026-09-10T14:00:06+00:00,2026-08-02 15:39:36,268,,6700,https://www.yad2.co.il/realestate/item/tel-aviv-area/r9qkq74q,91,3
2000000,https://www.yad2.co.il/realestate/item/center-and-sharon/71xbpexm,88,4.0,25,0.042,בני ברק,קרית הרצוג,הרב נויפלד,32.0873899,34.8324376,2026-09-10T13:57:15+00:00,2025-11-13 12:09:35,,,7000,https://www.yad2.co.il/realestate/item/center-and-sharon/airpfwg1,0,2
1800000,https://www.yad2.co.il/realestate/item/tel-aviv-area/7jupnm0j,60,2.5,40,0.042,רמת גן,"מרום נווה, רמת יצחק",שדרות ירושלים 93,32.0745298,34.8252071,2026-09-10T19:22:30+00:00,2026-08-05 16:31:45,,,6300,https://www.yad2.co.il/realestate/item/tel-aviv-area/1jhh544r,209,3
2000000,https://www.yad2.co.il/realestate/item/center-and-sharon/videkmbo,95,3.5,0,0.042,פתח תקווה,שעריה,הנביאים 14,32.0759225,34.8981558,2026-09-10T14:35:20+00:00,2026-08-02 14:44:46,,,7000,https://www.yad2.co.il/realestate/item/center-and-sharon/5gum4h6q,149,3
1930000,https://www.yad2.co.il/realestate/item/center-and-sharon/kit8sz6x,100,3.5,15,0.041969,פתח תקווה,המרכז השקט / מרכז העיר,חנה סנש,32.0851665,34.8922386,2026-09-10T14:36:37+00:00,2024-12-22 10:24:48,,,6750,https://www.yad2.co.il/realestate/item/center-and-sharon/4fftoqwe,137,11
1930000,https://www.yad2.co.il/realestate/item/center-and-sharon/yb4hch6a,100,4.0,15,0.041969,פתח תקווה,המרכז השקט / מרכז העיר,הרב קטרוני,32.083896,34.889165,2026-09-10T14:34:12+00:00,2026-06-23 12:36:49,,,6750,https://www.yad2.co.il/realestate/item/center-and-sharon/4fftoqwe,421,4
1730000,https://www.yad2.co.il/realestate/item/tel-aviv-area/4iv1y0c3,63,3.0,15,0.041965,רמת גן,נחלת גנים,"רש""י 5",32.0898598,34.8192608,2026-09-10T19:22:30+00:00,2026-07-14 10:58:10,364,,6050,https://www.yad2.co.il/realestate/item/tel-aviv-area/3k2bg36k,0,1
1730000,https://www.yad2.co.il/realestate/item/tel-aviv-area/77eym37q,57,3.0,15,0.041965,רמת גן,נחלת גנים,"רש""י",32.0926411,34.8177327,2026-09-10T19:22:30+00:00,2026-07-13 13:42:34,297,,6050,https://www.yad2.co.il/realestate/item/tel-aviv-area/3k2bg36k,341,1
2290000,https://www.yad2.co.il/realestate/item/tel-aviv-area/d5vn7rzd,70,3.0,100,0.041921,תל אביב יפו,"מכללת תל אביב יפו, דקר",שדרות ירושלים,32.0501194,34.7588418,2026-09-10T17:44:43+00:00,2026-02-17 23:48:21,,,8000,https://www.yad2.co.il/realestate/item/tel-aviv-area/g139um55,0,5
2290000,https://www.yad2.co.il/realestate/item/center-and-sharon/rgbfnxpi,150,4.0,25,0.041921,פתח תקווה,אחדות,יוסף שפרינצק 25,32.0737592,34.8927251,2026-09-10T16:58:59+00:00,2025-04-24 10:20:44,,,8000,https://www.yad2.co.il/realestate/item/center-and-sharon/ti0m8id5,432,3
2090000,https://www.yad2.co.il/realestate/item/tel-aviv-area/nqx5hzz0,72,3.0,0,0.041914,רמת גן,תל יהודה,עוזיאל 73,32.0744511,34.8231268,2026-09-11T06:02:51+00:00,2026-05-24 13:43:33,,,7300,https://www.yad2.co.il/realestate/item/tel-aviv-area/idhtsgt0,262,4
2350000,https://www.yad2.co.il/realestate/item/center-and-sharon/51x8zsd9,115,5.0,25,0.041872,בני ברק,,רבי עקיבא,32.0859182,34.8332514,2026-09-10T13:59:03+00:00,2026-07-21 14:32:13,,,8200,https://www.yad2.co.il/realestate/item/center-and-sharon/fivq0j04,466,2
2350000,https://www.yad2.co.il/realestate/item/tel-aviv-area/spce0fn2,62,3.0,0,0.041872,רמת גן,שכונת הראשונים,לאן 4,32.069202,34.776375,2026-09-11T06:07:54+00:00,2026-07-01 16:19:18,,,8200,https://www.yad2.co.il/realestate/item/tel-aviv-area/6dqu4t11,600,2
2150000,https://www.yad2.co.il/realestate/item/center-and-sharon/0a8jss45,96,3.5,0,0.04186,בני ברק,בני ברק צפון/איילת השחר,רח 600 25,32.0873899,34.8324376,2026-09-10T13:57:59+00:00,2026-07-15 13:57:51,420,,7500,https://www.yad2.co.il/realestate/item/center-and-sharon/4zclxlk3,0,4
2150000,https://www.yad2.co.il/realestate/item/tel-aviv-area/3d4jyqnh,65,2.0,25,0.04186,תל אביב יפו,"צפון יפו, המושבה האמריקאית-גרמנית",בית אשל,32.0527422,34.7577706,2026-09-10T17:43:36+00:00,2026-06-10 16:04:21,,,7500,https://www.yad2.co.il/realestate/item/tel-aviv-area/4y4k88bu,407,3
1720000,https://www.yad2.co.il/realestate/item/center-and-sharon/54acl2i2,63,3.0,0,0.04186,פתח תקווה,תקומה / קרית חזני,יהושע חנקין 8,32.0877639,34.8859985,2026-09-10T14:02:29+00:00,2026-08-18 14:21:22,,,6000,https://www.yad2.co.il/realestate/item/center-and-sharon/2x3jazao,231,1
1950000,https://www.yad2.co.il/realestate/item/center-and-sharon/fsw0rre0,101,4.0,15,0.041846,פתח תקווה,המרכז השקט / מרכז העיר,גד מכנס,32.0767336,34.8861177,2026-09-10T14:34:34+00:00,2026-06-23 12:30:27,,,6800,https://www.yad2.co.il/realestate/item/center-and-sharon/rf1vnvm0,553,4
1950000,https://www.yad2.co.il/realestate/item/tel-aviv-area/lq9yt1qa,65,2.0,70,0.041846,רמת גן,"שכונת בן גוריון, מרכז העיר ג'",דרך בן גוריון,32.0986661,34.8272,2026-09-10T19:22:51+00:00,2026-05-13 22:15:49,,,6800,https://www.yad2.co.il/realestate/item/tel-aviv-area/nemae4hq,0,1
1750000,https://www.yad2.co.il/realestate/item/center-and-sharon/zn9avs0s,67,3.0,25,0.041829,בני ברק,קרית הרצוג,רבי שלמה יוסף גניחובסקי,32.0873899,34.8324376,2026-09-10T13:56:32+00:00,2026-08-31 17:22:51,,,6100,https://www.yad2.co.il/realestate/item/center-and-sharon/dxxgn592,482,1
1980000,https://www.yad2.co.il/realestate/item/center-and-sharon/0gf3q7se,90,3.5,15,0.041818,פתח תקווה,,רוטשילד,32.0953397,34.8799953,2026-09-10T14:34:34+00:00,2025-12-25 11:25:21,,,6900,https://www.yad2.co.il/realestate/item/center-and-sharon/5qgo6rh5,142,4
2499000,https://www.yad2.co.il/realestate/item/tel-aviv-area/2b7qip6b,43,2.0,15,0.041777,תל אביב יפו,,פלורנטין 2,32.0577595,34.7686424,2026-09-10T17:46:59+00:00,2026-07-16 13:50:57,,,8700,https://www.yad2.co.il/realestate/item/tel-aviv-area/nv22i7e6,320,5
2300000,https://www.yad2.co.il/realestate/item/center-and-sharon/517hijch,115,4.5,40,0.041739,קרית אונו,רימון,המעגל,32.0486091,34.8650959,2026-09-10T17:01:45+00:00,2026-04-29 17:23:20,,,8000,https://www.yad2.co.il/realestate/item/center-and-sharon/6ftlz1ot,93,1
2300000,https://www.yad2.co.il/realestate/item/tel-aviv-area/ecjwvjri,85,4.0,55,0.041739,תל אביב יפו,ניר אביב,ליבנה 6,32.048033,34.8115181,2026-09-10T17:45:05+00:00,2024-02-11 18:57:36,,,8000,https://www.yad2.co.il/realestate/item/tel-aviv-area/dtei2art,278,6
2300000,https://www.yad2.co.il/realestate/item/center-and-sharon/qg4jkp95,110,4.5,40,0.041739,קרית אונו,רימון,המעגל,32.0486091,34.8650959,2026-09-10T17:01:45+00:00,2026-05-04 10:43:29,,,8000,https://www.yad2.co.il/realestate/item/center-and-sharon/6ftlz1ot,93,1
2300000,https://www.yad2.co.il/realestate/item/tel-aviv-area/spdz3apq,78,3.0,25,0.041739,תל אביב יפו,"מכללת תל אביב יפו, דקר",שדרות ירושלים 63,32.0501194,34.7588418,2026-09-10T17:45:05+00:00,2025-12-04 18:20:40,,,8000,https://www.yad2.co.il/realestate/item/tel-aviv-area/g139um55,0,4
2200000,https://www.yad2.co.il/realestate/item/tel-aviv-area/0k0tynxu,86,4.0,40,0.041727,תל אביב יפו,"כפיר, נווה כפיר",הרב אלנקווה 28,32.0479595,34.8006081,2026-09-10T17:43:59+00:00,2026-05-11 15:46:00,,,7650,https://www.yad2.co.il/realestate/item/tel-aviv-area/8jv3378f,557,1
2390000,https://www.yad2.co.il/realestate/item/tel-aviv-area/zpu6j0iv,86,3.5,25,0.041674,גבעתיים,שינקין,שיינקין,32.074032,34.8100563,2026-09-10T14:00:29+00:00,2026-07-27 16:57:28,324,,8300,https://www.yad2.co.il/realestate/item/tel-aviv-area/hl80ze4v,528,28
2450000,https://www.yad2.co.il/realestate/item/tel-aviv-area/wbylzoil,68,4.0,55,0.041633,תל אביב יפו,נווה שאנן,,32.058348,34.7797947,2026-09-10T17:46:36+00:00,2026-08-23 11:05:47,,,8500,https://www.yad2.co.il/realestate/item/tel-aviv-area/ek3oizxh,593,1
1730000,https://www.yad2.co.il/realestate/item/center-and-sharon/voxyyn6n,65,3.0,55,0.041618,פתח תקווה,אחדות,אסף שמחוני,32.0747524,34.8908937,2026-09-10T14:02:29+00:00,2026-06-25 17:43:34,,,6000,https://www.yad2.co.il/realestate/item/center-and-sharon/6f0twz97,583,1
1760000,https://www.yad2.co.il/realestate/item/center-and-sharon/f0tph94o,75,3.0,25,0.041591,בני ברק,הר שלום,רבי עקיבא 66,32.0859623,34.8327316,2026-09-10T13:56:32+00:00,2026-08-17 15:46:10,,,6100,https://www.yad2.co.il/realestate/item/center-and-sharon/dxxgn592,437,1
1950000,https://www.yad2.co.il/realestate/item/center-and-sharon/1skslwoc,83,4.0,15,0.041538,פתח תקווה,עין גנים,אחד העם,32.0848306,34.8945493,2026-09-10T14:34:12+00:00,2026-08-12 18:24:21,,,6750,https://www.yad2.co.il/realestate/item/center-and-sharon/4fftoqwe,255,3
1950000,https://www.yad2.co.il/realestate/item/center-and-sharon/nrpbdhej,84,3.5,15,0.041538,פתח תקווה,המרכז השקט / מרכז העיר,הרב קטרוני,32.083896,34.889165,2026-09-10T14:02:53+00:00,2025-03-30 00:35:47,,,6750,https://www.yad2.co.il/realestate/item/center-and-sharon/4fftoqwe,421,3
1850000,https://www.yad2.co.il/realestate/item/center-and-sharon/ju3piq6c,85,3.5,25,0.041514,בני ברק,גבעת רוקח,הראשונים,32.0910925,34.8274101,2026-09-10T13:56:53+00:00,2026-07-27 19:34:47,,,6400,https://www.yad2.co.il/realestate/item/center-and-sharon/qt7smkmc,170,1
1879000,https://www.yad2.co.il/realestate/item/center-and-sharon/a1fnc2qr,78,3.0,0,0.041511,פתח תקווה,,צבי הירש קלישר,32.0768886,34.8955403,2026-09-10T14:33:27+00:00,2026-07-16 12:08:42,,,6500,https://www.yad2.co.il/realestate/item/center-and-sharon/mu5fecv6,0,2
1880000,https://www.yad2.co.il/realestate/item/tel-aviv-area/w8fr1fiu,63,3.0,70,0.041489,רמת גן,גני מרום,שדרות הרב לוין,32.0695342,34.8375296,2026-09-10T19:22:51+00:00,2026-02-17 09:48:50,,,6500,https://www.yad2.co.il/realestate/item/tel-aviv-area/p8ltzcwx,79,1
1750000,https://www.yad2.co.il/realestate/item/tel-aviv-area/g71bmotu,68,3.0,15,0.041486,רמת גן,נחלת גנים,"רש""י 5",32.0898598,34.8192608,2026-09-10T19:22:30+00:00,2026-07-27 09:53:16,297,,6050,https://www.yad2.co.il/realestate/item/tel-aviv-area/3k2bg36k,0,1
2460000,https://www.yad2.co.il/realestate/item/center-and-sharon/bb6m3dsl,108,4.0,55,0.041463,קרית אונו,שיכון רסקו,דרך לוי אשכול 35,32.0581072,34.8580937,2026-09-10T17:37:40+00:00,2026-06-08 14:58:10,,,8500,https://www.yad2.co.il/realestate/item/center-and-sharon/tosv9i2i,327,7
2460000,https://www.yad2.co.il/realestate/item/tel-aviv-area/mddg9ev8,115,4.5,70,0.041463,תל אביב יפו,נווה אליעזר וכפר שלם מזרח,תקוע 5,32.0477225,34.808504,2026-09-10T17:46:36+00:00,2026-03-29 17:08:01,,,8500,https://www.yad2.co.il/realestate/item/tel-aviv-area/rvpm9lxv,286,1
2460000,https://www.yad2.co.il/realestate/item/tel-aviv-area/qjidfgsu,42,2.0,15,0.041463,תל אביב יפו,פלורנטין,,32.0577595,34.7686424,2026-09-10T17:46:36+00:00,2026-04-14 17:10:15,,,8500,https://www.yad2.co.il/realestate/item/tel-aviv-area/qhoitl5t,389,4
2200000,https://www.yad2.co.il/realestate/item/tel-aviv-area/012mfdls,80,3.0,0,0.041455,תל אביב יפו,"נווה גולן, יפו ג'",עירית 18,32.0351001,34.7501452,2026-09-10T17:43:59+00:00,2026-08-03 19:21:03,,,7600,https://www.yad2.co.il/realestate/item/tel-aviv-area/my1lejmu,159,3
1850000,https://www.yad2.co.il/realestate/item/center-and-sharon/552on1w6,80,3.5,15,0.041449,פתח תקווה,לב המושבה / מרכז העיר,פרץ נפתלי,32.0935799,34.8881179,2026-09-10T14:03:39+00:00,2026-04-27 12:02:17,,,6390,https://www.yad2.co.il/realestate/item/center-and-sharon/rcvy40i3,403,1
1850000,https://www.yad2.co.il/realestate/item/center-and-sharon/l6ct2dvw,85,3.0,15,0.041449,פתח תקווה,לב המושבה / מרכז העיר,יעקב משה ברוידה,32.0871038,34.8848259,2026-09-10T14:32:51+00:00,2026-07-22 06:54:50,,,6390,https://www.yad2.co.il/realestate/item/center-and-sharon/rcvy40i3,384,1
1850000,https://www.yad2.co.il/realestate/item/center-and-sharon/pq4bm6ij,85,3.5,100,0.041449,פתח תקווה,,,32.0877639,34.8859985,2026-09-10T14:32:51+00:00,2026-01-11 13:35:53,,,6390,https://www.yad2.co.il/realestate/item/center-and-sharon/rcvy40i3,290,1
2245000,https://www.yad2.co.il/realestate/item/tel-aviv-area/mgbq0qer,60,3.0,40,0.041425,תל אביב יפו,"גבעת הרצל, אזור המלאכה יפו",בר יוחאי 8,32.0535123,34.7714726,2026-09-10T17:44:21+00:00,2026-09-06 13:56:11,,,7750,https://www.yad2.co.il/realestate/item/tel-aviv-area/949fs688,421,3
2000000,https://www.yad2.co.il/realestate/item/center-and-sharon/khxvuzgl,100,4.0,15,0.0414,פתח תקווה,לב המושבה / מרכז העיר,פרומקין,32.0926478,34.8845633,2026-09-10T14:32:51+00:00,2025-11-07 19:29:42,,,6900,https://www.yad2.co.il/realestate/item/center-and-sharon/5qgo6rh5,470,8
1999999,https://www.yad2.co.il/realestate/item/center-and-sharon/qi0e02bw,102,4.0,15,0.0414,פתח תקווה,שיפר,יהושע שטמפפר,32.0949396,34.8924103,2026-09-10T14:35:20+00:00,2026-06-16 23:22:42,,,6900,https://www.yad2.co.il/realestate/item/center-and-sharon/w6ab8mhy,0,2
1740000,https://www.yad2.co.il/realestate/item/center-and-sharon/3bysvkz1,65,3.0,55,0.041379,פתח תקווה,שעריה,קהילת פינסק 5,32.0744284,34.8976776,2026-09-10T14:02:29+00:00,2026-09-08 18:24:50,,,6000,https://www.yad2.co.il/realestate/item/center-and-sharon/g5x06h11,112,1
2030000,https://www.yad2.co.il/realestate/item/center-and-sharon/irxbngxi,100,4.0,0,0.041379,פתח תקווה,כפר אברהם,יהושע שטמפפר,32.0964632,34.8949777,2026-09-10T14:35:43+00:00,2025-11-05 12:42:09,,,7000,https://www.yad2.co.il/realestate/item/center-and-sharon/7cp7a487,139,3
2030000,https://www.yad2.co.il/realestate/item/center-and-sharon/tcowcdg8,98,3.0,0,0.041379,פתח תקווה,שיפר,השופט ברנדייס,32.097719,34.8907485,2026-09-10T14:03:39+00:00,2026-07-19 13:26:36,,,7000,https://www.yad2.co.il/realestate/item/center-and-sharon/ae0xxa2k,209,3
1990000,https://www.yad2.co.il/realestate/item/tel-aviv-area/1t1b8wzw,37,2.0,0,0.041307,תל אביב יפו,פלורנטין,העלייה 62,32.0555244,34.772455,2026-09-10T17:42:27+00:00,2026-01-08 17:40:52,,,6850,https://www.yad2.co.il/realestate/item/tel-aviv-area/ot8tidcw,526,2
1890000,https://www.yad2.co.il/realestate/item/tel-aviv-area/ct9oov0x,67,3.0,55,0.04127,גבעתיים,פועלי הרכבת,המעלות,32.076035,34.8177126,2026-09-10T19:21:42+00:00,2026-07-17 19:29:06,,,6500,https://www.yad2.co.il/realestate/item/tel-aviv-area/gcptw7y6,453,12
1890000,https://www.yad2.co.il/realestate/item/center-and-sharon/p48szbly,69,3.0,0,0.04127,פתח תקווה,המרכז השקט / מרכז העיר,זאב ברנדה,32.0807293,34.8852882,2026-09-10T14:33:50+00:00,2026-08-13 17:50:56,208,,6500,https://www.yad2.co.il/realestate/item/center-and-sharon/uvvjsaqt,339,1
1890000,https://www.yad2.co.il/realestate/item/center-and-sharon/un2nbthn,120,4.5,25,0.04127,פתח תקווה,עין גנים,"רמב""ם",32.0887418,34.8907933,2026-09-10T14:33:50+00:00,2026-08-09 16:28:03,,,6500,https://www.yad2.co.il/realestate/item/center-and-sharon/2ev1jafk,530,4
1890000,https://www.yad2.co.il/realestate/item/tel-aviv-area/yr3guc01,67,2.0,40,0.04127,גבעתיים,שינקין,שיינקין,32.074032,34.8100563,2026-09-10T19:21:42+00:00,2026-02-27 12:52:57,,,6500,https://www.yad2.co.il/realestate/item/tel-aviv-area/8fbxyepd,0,2
1890000,https://www.yad2.co.il/realestate/item/center-and-sharon/zb6u13wy,83,4.0,15,0.04127,פתח תקווה,המרכז השקט / מרכז העיר,רוטשילד 93,32.0817963,34.8835091,2026-09-10T14:33:50+00:00,2026-01-25 12:35:48,,,6500,https://www.yad2.co.il/realestate/item/center-and-sharon/700v1hfq,392,3
1950000,https://www.yad2.co.il/realestate/item/tel-aviv-area/bryrls6y,65,3.0,100,0.041231,תל אביב יפו,נווה חן,מעפילי אגוז 42,32.0516482,34.8114612,2026-09-10T17:42:04+00:00,2026-05-19 21:20:39,,,6700,https://www.yad2.co.il/realestate/item/tel-aviv-area/jcic2shj,461,1
1950000,https://www.yad2.co.il/realestate/item/tel-aviv-area/fi5msi54,63,2.5,25,0.041231,גבעתיים,שינקין,שיינקין,32.074032,34.8100563,2026-09-10T19:21:42+00:00,2025-11-05 11:40:28,,,6700,https://www.yad2.co.il/realestate/item/tel-aviv-area/sxgp586k,422,10
1950000,https://www.yad2.co.il/realestate/item/tel-aviv-area/i16j2yr9,70,3.0,55,0.041231,גבעתיים,שינקין,שיינקין,32.074032,34.8100563,2026-09-10T14:00:06+00:00,2026-01-20 08:14:26,,,6700,https://www.yad2.co.il/realestate/item/tel-aviv-area/sxgp586k,422,19
2300000,https://www.yad2.co.il/realestate/item/tel-aviv-area/lvdbnc75,78,3.0,55,0.041217,רמת גן,אזור הבילויים,שרה אהרונסון,32.0611741,34.8248628,2026-09-11T06:07:10+00:00,2026-08-24 11:53:17,140,,7900,https://www.yad2.co.il/realestate/item/tel-aviv-area/1yl0i83n,458,3
1980000,https://www.yad2.co.il/realestate/item/tel-aviv-area/aj1aypas,65,3.0,40,0.041212,תל אביב יפו,"נווה ברבור, כפר שלם מערב",דרך ההגנה 126,32.053361,34.802179,2026-09-10T17:42:27+00:00,2026-08-28 18:21:55,,,6800,https://www.yad2.co.il/realestate/item/tel-aviv-area/ty83uiv1,367,3
1750000,https://www.yad2.co.il/realestate/item/center-and-sharon/041ddp6k,75,3.0,70,0.041143,פתח תקווה,לב המושבה / מרכז העיר,,32.0871038,34.8848259,2026-09-10T14:02:53+00:00,2024-10-10 14:26:54,,,6000,https://www.yad2.co.il/realestate/item/center-and-sharon/u6hiefko,554,1
1750000,https://www.yad2.co.il/realestate/item/center-and-sharon/3axeh048,55,3.0,70,0.041143,פתח תקווה,אחדות,אסף שמחוני 27,32.0749111,34.8953456,2026-09-10T14:02:53+00:00,2026-08-23 15:03:12,,,6000,https://www.yad2.co.il/realestate/item/center-and-sharon/6f0twz97,552,1
1750000,https://www.yad2.co.il/realestate/item/center-and-sharon/49n6kqwh,75,3.0,70,0.041143,פתח תקווה,לב המושבה / מרכז העיר,ההסתדרות,32.0860715,34.8866536,2026-09-10T14:02:53+00:00,2024-09-12 12:26:40,,,6000,https://www.yad2.co.il/realestate/item/center-and-sharon/u6hiefko,541,1
2450000,https://www.yad2.co.il/realestate/item/tel-aviv-area/l7aa6rga,104,4.0,0,0.041143,תל אביב יפו,נווה אליעזר וכפר שלם מזרח,"מח""ל",32.0490898,34.8065685,2026-09-10T17:46:36+00:00,2026-08-19 18:20:44,,,8400,https://www.yad2.co.il/realestate/item/tel-aviv-area/pe0ze4cc,321,4
1750000,https://www.yad2.co.il/realestate/item/center-and-sharon/y2nnteyk,60,3.0,40,0.041143,פתח תקווה,אחדות,מיכל לייב כץ,32.0713287,34.8904569,2026-09-10T14:02:53+00:00,2026-02-03 18:13:39,,,6000,https://www.yad2.co.il/realestate/item/center-and-sharon/6f0twz97,342,1
2480000,https://www.yad2.co.il/realestate/item/center-and-sharon/2lvv9v2d,100,4.0,0,0.041129,קרית אונו,,,32.0581072,34.8580937,2026-09-10T17:37:40+00:00,2026-08-16 01:28:39,,,8500,https://www.yad2.co.il/realestate/item/center-and-sharon/tosv9i2i,327,5
1780000,https://www.yad2.co.il/realestate/item/center-and-sharon/rrpi51cj,75,3.0,25,0.041124,בני ברק,קרית הרצוג,הרב נורוק 9,32.0873899,34.8324376,2026-09-10T13:56:32+00:00,2025-10-20 18:48:39,,,6100,https://www.yad2.co.il/realestate/item/center-and-sharon/dxxgn592,482,1
2190000,https://www.yad2.co.il/realestate/item/tel-aviv-area/wym8liqt,85,3.5,0,0.041096,תל אביב יפו,נווה חן,מעפילי אגוז,32.0548271,34.8083226,2026-09-10T17:43:59+00:00,2026-05-14 15:28:37,,,7500,https://www.yad2.co.il/realestate/item/tel-aviv-area/oe9c91fs,0,5
1899000,https://www.yad2.co.il/realestate/item/tel-aviv-area/6x6p3zug,70,3.0,55,0.041074,רמת גן,שכונת הלל,"מל""ל",32.0799095,34.8209334,2026-09-10T19:22:51+00:00,2026-06-06 21:53:05,,,6500,https://www.yad2.co.il/realestate/item/tel-aviv-area/d1kfw6ge,110,9
1899000,https://www.yad2.co.il/realestate/item/tel-aviv-area/89w1va2j,55,2.0,55,0.041074,גבעתיים,"הל""ה",כצנלסון,32.0772285,34.8140494,2026-09-10T19:21:42+00:00,2026-04-15 10:23:24,,,6500,https://www.yad2.co.il/realestate/item/tel-aviv-area/8fbxyepd,518,4
1899000,https://www.yad2.co.il/realestate/item/tel-aviv-area/ga8wldl8,85,3.0,55,0.041074,רמת גן,"שכונת בן גוריון, מרכז העיר ג'",דרך בן גוריון,32.0986661,34.8272,2026-09-10T19:22:51+00:00,2026-06-07 01:08:24,,,6500,https://www.yad2.co.il/realestate/item/tel-aviv-area/ivu1goq2,0,1
1899000,https://www.yad2.co.il/realestate/item/tel-aviv-area/nktcr3uj,68,3.0,70,0.041074,רמת גן,"שכונת בן גוריון, מרכז העיר ג'",יוסף הגלילי,32.0882183,34.8194666,2026-09-10T19:22:51+00:00,2026-05-16 13:06:29,,,6500,https://www.yad2.co.il/realestate/item/tel-aviv-area/rywujatz,473,4
2250000,https://www.yad2.co.il/realestate/item/tel-aviv-area/pu3s9nvs,84,3.0,0,0.041067,תל אביב יפו,לבנה,דרך חיים ברלב 176,32.046689,34.799899,2026-09-10T17:44:43+00:00,2026-08-30 15:50:48,,,7700,https://www.yad2.co.il/realestate/item/tel-aviv-area/74105l9j,537,5
1900000,https://www.yad2.co.il/realestate/item/tel-aviv-area/7mf8a8uf,50,2.0,25,0.041053,תל אביב יפו,שפירא,שדרות חכמי ישראל 25,32.0512017,34.7753437,2026-09-10T17:41:41+00:00,2026-08-30 22:26:57,,,6500,https://www.yad2.co.il/realestate/item/tel-aviv-area/6f43bwuc,420,5
1900000,https://www.yad2.co.il/realestate/item/tel-aviv-area/aw0hgvmx,63,3.0,25,0.041053,רמת גן,יד לבנים,עוזיאל,32.0738777,34.8231251,2026-09-10T19:22:51+00:00,2026-09-09 21:17:59,,,6500,https://www.yad2.co.il/realestate/item/tel-aviv-area/55s3w9vv,550,2
1900000,https://www.yad2.co.il/realestate/item/tel-aviv-area/cykc602z,60,3.0,70,0.041053,תל אביב יפו,שפירא,חובות הלבבות,32.0524544,34.7760024,2026-09-10T17:41:41+00:00,2026-07-12 15:35:07,,,6500,https://www.yad2.co.il/realestate/item/tel-aviv-area/s831cm95,599,2
1900000,https://www.yad2.co.il/realestate/item/tel-aviv-area/h5cqat7s,60,3.0,40,0.041053,תל אביב יפו,נווה שאנן,דרך שלמה 125,32.054864,34.776193,2026-09-10T17:41:41+00:00,2026-01-27 13:44:41,,,6500,https://www.yad2.co.il/realestate/item/tel-aviv-area/vuxfpshr,515,4
1900000,https://www.yad2.co.il/realestate/item/tel-aviv-area/ms33ylav,58,2.5,25,0.041053,רמת גן,נגבה,טרומן,32.0684107,34.8231516,2026-09-10T19:22:51+00:00,2025-11-13 10:56:18,,,6500,https://www.yad2.co.il/realestate/item/tel-aviv-area/p0jrmdkz,147,2
1990000,https://www.yad2.co.il/realestate/item/center-and-sharon/jenz5c2k,90,4.0,15,0.041005,פתח תקווה,לב המושבה / מרכז העיר,אוסישקין,32.0901831,34.8892991,2026-09-10T14:03:39+00:00,2025-09-19 08:53:02,,,6800,https://www.yad2.co.il/realestate/item/center-and-sharon/14n8cy07,211,5
2400000,https://www.yad2.co.il/realestate/item/tel-aviv-area/6o3pnlfp,90,4.0,0,0.041,תל אביב יפו,"נווה גולן, יפו ג'",פיקוס,32.0350984,34.7513801,2026-09-10T17:45:50+00:00,2025-12-04 17:14:01,,,8200,https://www.yad2.co.il/realestate/item/tel-aviv-area/i4jrvt16,107,1
2430000,https://www.yad2.co.il/realestate/item/tel-aviv-area/9sah13ie,54,2.0,0,0.040988,תל אביב יפו,נווה שאנן,,32.058348,34.7797947,2026-09-10T17:46:13+00:00,2026-09-07 15:33:10,,,8300,https://www.yad2.co.il/realestate/item/tel-aviv-area/dxubytxe,550,3
2050000,https://www.yad2.co.il/realestate/item/center-and-sharon/3kosl6k1,102,4.0,0,0.040976,פתח תקווה,מחנה יהודה,הנרייטה סולד,32.0766111,34.8933795,2026-09-10T14:35:43+00:00,2026-05-26 17:14:40,,,7000,https://www.yad2.co.il/realestate/item/center-and-sharon/5gum4h6q,320,3
2050000,https://www.yad2.co.il/realestate/item/tel-aviv-area/8z5frpvg,60,2.5,40,0.040976,תל אביב יפו,נווה שאנן,נווה שאנן,32.058371,34.7801023,2026-09-10T17:42:50+00:00,2026-04-29 19:02:42,,,7000,https://www.yad2.co.il/realestate/item/tel-aviv-area/039x5hjr,556,7
2050000,https://www.yad2.co.il/realestate/item/center-and-sharon/9igajjmi,90,3.5,0,0.040976,פתח תקווה,,,32.0877639,34.8859985,2026-09-10T14:35:43+00:00,2026-08-24 12:20:58,,,7000,https://www.yad2.co.il/realestate/item/center-and-sharon/8edpnode,133,5
2050000,https://www.yad2.co.il/realestate/item/tel-aviv-area/bldh9uiu,63,3.0,55,0.040976,תל אביב יפו,נווה שאנן,דרך שלמה 123,32.054884,34.776068,2026-09-10T17:42:50+00:00,2026-09-09 12:13:58,,,7000,https://www.yad2.co.il/realestate/item/tel-aviv-area/u17nb9qu,571,5
2050000,https://www.yad2.co.il/realestate/item/center-and-sharon/gmrbv60l,90,3.5,25,0.040976,בני ברק,קרית הרצוג,הרב קובלסקי 12,32.0873899,34.8324376,2026-09-10T13:57:37+00:00,,,,7000,https://www.yad2.co.il/realestate/item/center-and-sharon/airpfwg1,0,2
2050000,https://www.yad2.co.il/realestate/item/center-and-sharon/lkdv7lzq,76,4.0,40,0.040976,בני ברק,מרכז העיר,"ביל""ו 20",32.0913905,34.8341024,2026-09-10T13:57:37+00:00,2026-08-09 13:25:03,,,7000,https://www.yad2.co.il/realestate/item/center-and-sharon/airpfwg1,472,1
2050000,https://www.yad2.co.il/realestate/item/center-and-sharon/w3x0ci4i,100,4.0,0,0.040976,פתח תקווה,,,32.0877639,34.8859985,2026-09-10T14:36:05+00:00,2026-07-15 17:03:46,,,7000,https://www.yad2.co.il/realestate/item/center-and-sharon/8edpnode,133,4
2050000,https://www.yad2.co.il/realestate/item/center-and-sharon/zpy75igx,100,4.0,15,0.040976,פתח תקווה,המרכז השקט / מרכז העיר,חיים כהן 5,32.0805929,34.8818906,2026-09-10T14:36:05+00:00,2026-07-08 22:15:30,,,7000,https://www.yad2.co.il/realestate/item/center-and-sharon/4p1b7wa1,531,5
2490000,https://www.yad2.co.il/realestate/item/tel-aviv-area/3lh0gf0a,95,3.5,0,0.040964,תל אביב יפו,לבנה,בושם 61,32.0445154,34.8011983,2026-09-10T17:46:36+00:00,2026-06-24 16:08:01,,,8500,https://www.yad2.co.il/realestate/item/tel-aviv-area/g2txztck,531,5
2490000,https://www.yad2.co.il/realestate/item/tel-aviv-area/cyjo1fff,62,2.0,15,0.040964,תל אביב יפו,פלורנטין,,32.0577595,34.7686424,2026-09-10T17:46:36+00:00,2026-04-26 11:58:35,,,8500,https://www.yad2.co.il/realestate/item/tel-aviv-area/qhoitl5t,389,3
2490000,https://www.yad2.co.il/realestate/item/tel-aviv-area/is2zn3z6,90,3.0,25,0.040964,רמת גן,תל יהודה,חורגין 10,32.0736439,34.819844,2026-09-11T06:11:41+00:00,2026-05-18 12:38:10,,,8500,https://www.yad2.co.il/realestate/item/tel-aviv-area/3oz8saov,522,16
2490000,https://www.yad2.co.il/realestate/item/tel-aviv-area/r952ogqy,90,3.5,25,0.040964,רמת גן,נגבה,בר יוחאי 8,32.0643721,34.824988,2026-09-11T06:12:02+00:00,,,,8500,https://www.yad2.co.il/realestate/item/tel-aviv-area/ogwvf2v8,481,15
2199000,https://www.yad2.co.il/realestate/item/tel-aviv-area/ytq5s0qn,95,4.0,15,0.040928,גבעתיים,תל גנים,הרב הרצוג,32.061674,34.818635,2026-09-10T14:00:06+00:00,2026-08-23 11:20:02,113,,7500,https://www.yad2.co.il/realestate/item/tel-aviv-area/m73qj419,533,1
1950000,https://www.yad2.co.il/realestate/item/tel-aviv-area/i0zp4v22,70,3.0,55,0.040923,תל אביב יפו,"יפו ד', גבעת התמרים",נרדור,32.0343742,34.7576718,2026-09-10T17:42:04+00:00,2025-11-02 11:05:42,,,6650,https://www.yad2.co.il/realestate/item/tel-aviv-area/oyo5f9y6,591,1
1760000,https://www.yad2.co.il/realestate/item/center-and-sharon/7atc6o6a,70,3.0,70,0.040909,פתח תקווה,כפר גנים א,בנימין יהלום,32.0833992,34.8775822,2026-09-10T16:58:59+00:00,2026-02-08 17:30:15,,,6000,https://www.yad2.co.il/realestate/item/center-and-sharon/u6hiefko,512,1
2200000,https://www.yad2.co.il/realestate/item/tel-aviv-area/enmpcqa9,75,3.5,0,0.040909,תל אביב יפו,נווה חן,מעפילי אגוז 5,32.0548271,34.8083226,2026-09-10T17:43:59+00:00,2024-11-23 21:08:36,,,7500,https://www.yad2.co.il/realestate/item/tel-aviv-area/oe9c91fs,0,4
2200000,https://www.yad2.co.il/realestate/item/center-and-sharon/uyzc7vuj,85,4.0,0,0.040909,בני ברק,פרדס כץ,דרך זאב ז'בוטינסקי,32.092321,34.834218,2026-09-10T13:58:20+00:00,2026-05-24 12:37:01,,,7500,https://www.yad2.co.il/realestate/item/center-and-sharon/a0pjwa8c,573,8
2290000,https://www.yad2.co.il/realestate/item/tel-aviv-area/hyvqvj18,78,3.5,70,0.040873,גבעתיים,שינקין,שיינקין 50,32.0757453,34.8137547,2026-09-10T14:00:06+00:00,2026-08-09 19:58:56,319,,7800,https://www.yad2.co.il/realestate/item/tel-aviv-area/gxva49hw,248,21
2290000,https://www.yad2.co.il/realestate/item/center-and-sharon/rbcozqxt,95,4.0,25,0.040873,בני ברק,מרכז העיר,"רד""ק",32.0989938,34.8284984,2026-09-10T13:58:42+00:00,2026-07-06 11:20:51,,,7800,https://www.yad2.co.il/realestate/item/tel-aviv-area/n94rhiu5,128,1
2290000,https://www.yad2.co.il/realestate/item/center-and-sharon/ss3fb13s,100,3.5,25,0.040873,בני ברק,הר שלום,מנחם,32.087687,34.8249765,2026-09-10T13:58:42+00:00,2026-07-12 11:01:25,248,,7800,https://www.yad2.co.il/realestate/item/tel-aviv-area/4k79uqnc,587,2
1850000,https://www.yad2.co.il/realestate/item/center-and-sharon/mmhetkq2,80,4.0,15,0.040865,פתח תקווה,תקומה / קרית חזני,השלושה,32.0922955,34.8965124,2026-09-10T14:32:51+00:00,2026-09-06 12:23:20,,,6300,https://www.yad2.co.il/realestate/item/center-and-sharon/tpa2t30c,498,1
2350000,https://www.yad2.co.il/realestate/item/tel-aviv-area/9uv76ixd,86,4.0,0,0.040851,רמת גן,"נווה יהושע, ערמונים",נווה יהושע,32.0602597,34.8322006,2026-09-11T06:07:32+00:00,2026-06-28 12:27:01,,,8000,https://www.yad2.co.il/realestate/item/tel-aviv-area/wu6zdijg,572,7
2350000,https://www.yad2.co.il/realestate/item/tel-aviv-area/a0883qa9,75,3.0,55,0.040851,תל אביב יפו,"מכללת תל אביב יפו, דקר",שדרות ירושלים 153,32.0501194,34.7588418,2026-09-10T17:45:29+00:00,2026-06-03 17:39:40,,,8000,https://www.yad2.co.il/realestate/item/tel-aviv-area/g139um55,0,4
2350000,https://www.yad2.co.il/realestate/item/tel-aviv-area/cyu4aurv,100,4.0,40,0.040851,רמת גן,"נווה יהושע, ערמונים",אריה בן אליעזר,32.0638552,34.8329584,2026-09-11T06:07:32+00:00,2026-06-10 13:54:41,,,8000,https://www.yad2.co.il/realestate/item/tel-aviv-area/an8mcj1c,0,6
1985000,https://www.yad2.co.il/realestate/item/center-and-sharon/4ueyf2k4,90,4.0,15,0.040806,פתח תקווה,המרכז השקט / מרכז העיר,,32.0863708,34.8925421,2026-09-10T14:34:56+00:00,2026-09-02 15:55:22,,,6750,https://www.yad2.co.il/realestate/item/center-and-sharon/4fftoqwe,0,11
2500000,https://www.yad2.co.il/realestate/item/tel-aviv-area/0e89eecf,77,3.0,100,0.0408,רמת גן,שכונת הראשונים,,32.0686867,34.8246812,2026-09-11T06:12:23+00:00,2026-09-08 21:48:30,,,8500,https://www.yad2.co.il/realestate/item/tel-aviv-area/ogwvf2v8,572,8
2500000,https://www.yad2.co.il/realestate/item/tel-aviv-area/210hkq9t,112,4.0,0,0.0408,רמת גן,,שדרות הרב לוין,32.0695342,34.8375296,2026-09-11T06:12:23+00:00,2026-06-29 17:46:01,,,8500,https://www.yad2.co.il/realestate/item/tel-aviv-area/aoe34gw1,514,4
2000000,https://www.yad2.co.il/realestate/item/center-and-sharon/94vvx4wd,103,4.0,15,0.0408,פתח תקווה,לב המושבה / מרכז העיר,אוסישקין,32.0901831,34.8892991,2026-09-10T14:35:20+00:00,2026-07-01 17:25:49,,,6800,https://www.yad2.co.il/realestate/item/center-and-sharon/14n8cy07,211,6
2500000,https://www.yad2.co.il/realestate/item/tel-aviv-area/akj1ck07,46,2.0,25,0.0408,תל אביב יפו,"לב תל אביב, לב העיר צפון",שדרות רוטשילד 109,32.0637943,34.7743261,2026-09-10T17:46:59+00:00,2026-09-10 14:36:25,,,8500,https://www.yad2.co.il/realestate/item/tel-aviv-area/wjgubdmy,333,6
2500000,https://www.yad2.co.il/realestate/item/tel-aviv-area/gyhbw0y7,60,2.0,0,0.0408,תל אביב יפו,"גני שרונה, קרית הממשלה",גרציאני יצחק,32.0677293,34.7852084,2026-09-10T17:46:59+00:00,2026-04-24 20:34:52,,,8500,https://www.yad2.co.il/realestate/item/tel-aviv-area/2gvvtk6v,239,3
2295000,https://www.yad2.co.il/realestate/item/tel-aviv-area/zmozby1t,92,4.0,0,0.040784,תל אביב יפו,נווה חן,"מח""ל",32.050829,34.811691,2026-09-10T17:44:43+00:00,2026-08-09 12:23:19,,,7800,https://www.yad2.co.il/realestate/item/tel-aviv-area/mu8vr0fi,266,7
2060000,https://www.yad2.co.il/realestate/item/center-and-sharon/550v1c1g,77,3.5,0,0.040777,בני ברק,"הפועל המזרחי ה', שיכון ה'",רבי לוי יצחק מברדיצ'ב,32.0873899,34.8324376,2026-09-10T13:57:37+00:00,2025-11-13 08:44:29,,,7000,https://www.yad2.co.il/realestate/item/center-and-sharon/nod1ni5i,0,3
2060000,https://www.yad2.co.il/realestate/item/center-and-sharon/en4r0ka5,88,3.0,0,0.040777,פתח תקווה,עין גנים,"אצ""ל 1",32.0912878,34.8925833,2026-09-10T14:36:05+00:00,2026-06-07 15:08:10,,,7000,https://www.yad2.co.il/realestate/item/center-and-sharon/55k35crk,441,3
1915000,https://www.yad2.co.il/realestate/item/center-and-sharon/pwi7d76g,74,3.0,0,0.040731,פתח תקווה,מחנה יהודה,צבי הירש קלישר,32.0768886,34.8955403,2026-09-10T14:34:12+00:00,2026-08-21 11:20:10,,,6500,https://www.yad2.co.il/realestate/item/center-and-sharon/mu5fecv6,0,1
2490000,https://www.yad2.co.il/realestate/item/center-and-sharon/btfc7q5t,100,4.5,15,0.040723,בני ברק,הר שלום,הרב אברהם יצחק הכהן קוק 53,32.0848964,34.827605,2026-09-10T13:59:43+00:00,2026-08-31 14:17:52,,,8450,https://www.yad2.co.il/realestate/item/tel-aviv-area/2zv0tea0,371,2
2450000,https://www.yad2.co.il/realestate/item/tel-aviv-area/8c50e80l,103,4.0,0,0.040653,רמת גן,עליות,סנהדרין,32.0775816,34.8260652,2026-09-11T06:10:36+00:00,2026-06-14 20:50:33,,,8300,https://www.yad2.co.il/realestate/item/tel-aviv-area/707on5m9,347,10
1920000,https://www.yad2.co.il/realestate/item/center-and-sharon/a4a0610r,70,3.0,0,0.040625,פתח תקווה,מחנה יהודה,אברהם טביב 18,32.0792456,34.8925047,2026-09-10T14:34:12+00:00,2026-04-25 22:52:17,,,6500,https://www.yad2.co.il/realestate/item/center-and-sharon/mu5fecv6,388,1
2070000,https://www.yad2.co.il/realestate/item/center-and-sharon/13l1weq6,90,4.0,25,0.04058,בני ברק,גבעת סוקולוב,הרב קוטלר,32.0863722,34.8333501,2026-09-10T13:57:37+00:00,2026-05-24 12:33:27,,,7000,https://www.yad2.co.il/realestate/item/center-and-sharon/airpfwg1,142,4
1890000,https://www.yad2.co.il/realestate/item/center-and-sharon/716k423v,90,3.0,15,0.040571,פתח תקווה,לב המושבה / מרכז העיר,חיים עוזר,32.0874262,34.8871775,2026-09-10T14:33:27+00:00,2026-03-24 12:37:09,,,6390,https://www.yad2.co.il/realestate/item/center-and-sharon/rcvy40i3,342,1
1890000,https://www.yad2.co.il/realestate/item/center-and-sharon/b0f7xnhq,84,3.5,15,0.040571,פתח תקווה,,,32.0877639,34.8859985,2026-09-10T14:35:43+00:00,2026-07-12 12:21:51,,,6390,https://www.yad2.co.il/realestate/item/center-and-sharon/rcvy40i3,290,1
1790000,https://www.yad2.co.il/realestate/item/tel-aviv-area/yi5imlc3,57,3.0,40,0.040559,רמת גן,נחלת גנים,"רש""י",32.0926411,34.8177327,2026-09-10T19:22:30+00:00,2025-05-18 15:12:49,,,6050,https://www.yad2.co.il/realestate/item/tel-aviv-area/3k2bg36k,341,1
2220000,https://www.yad2.co.il/realestate/item/center-and-sharon/wo0n5vse,94,4.0,0,0.040541,בני ברק,יסודות,שדרות איינשטיין 10,32.0873899,34.8324376,2026-09-10T13:58:20+00:00,2026-07-05 06:50:49,,,7500,https://www.yad2.co.il/realestate/item/center-and-sharon/a0pjwa8c,0,9
1999000,https://www.yad2.co.il/realestate/item/center-and-sharon/7bxuoufz,100,4.0,15,0.04052,פתח תקווה,המרכז השקט / מרכז העיר,הרצל 73,32.0852837,34.8869244,2026-09-10T14:35:20+00:00,2026-04-21 09:21:31,,,6750,https://www.yad2.co.il/realestate/item/center-and-sharon/4fftoqwe,543,4
2430000,https://www.yad2.co.il/realestate/item/tel-aviv-area/cm63zoqn,102,4.0,15,0.040494,רמת גן,אזור הבילויים,שרה אהרונסון,32.0611741,34.8248628,2026-09-11T06:10:14+00:00,2026-01-06 17:58:04,,,8200,https://www.yad2.co.il/realestate/item/tel-aviv-area/lfedtqas,458,12
1780000,https://www.yad2.co.il/realestate/item/center-and-sharon/zuomfrey,65,3.5,25,0.040449,בני ברק,הר שלום,דרך זאב ז'בוטינסקי 4,32.0848964,34.827605,2026-09-10T13:56:32+00:00,2026-08-06 01:49:09,,,6000,https://www.yad2.co.il/realestate/item/tel-aviv-area/1m6chmgc,274,1
1870000,https://www.yad2.co.il/realestate/item/tel-aviv-area/3vb0wpvu,60,2.5,70,0.040428,רמת גן,שכונת הלל,חיבת ציון,32.0792674,34.8227921,2026-09-10T19:22:51+00:00,2026-08-18 10:30:41,,,6300,https://www.yad2.co.il/realestate/item/tel-aviv-area/awnxg0z3,268,5
1870000,https://www.yad2.co.il/realestate/item/tel-aviv-area/cek42zjx,60,2.0,70,0.040428,רמת גן,שכונת הלל,חיבת ציון 3,32.0794457,34.8201876,2026-09-10T19:22:51+00:00,2026-08-20 12:27:58,,,6300,https://www.yad2.co.il/realestate/item/tel-aviv-area/t0uss8xy,513,2
1870000,https://www.yad2.co.il/realestate/item/tel-aviv-area/hu5kic4c,60,2.0,25,0.040428,רמת גן,שכונת הלל,חיבת ציון 3,32.0794457,34.8201876,2026-09-10T19:22:51+00:00,2026-08-24 07:29:25,,,6300,https://www.yad2.co.il/realestate/item/tel-aviv-area/t0uss8xy,513,2
2345000,https://www.yad2.co.il/realestate/item/tel-aviv-area/jbv3kjkd,78,3.0,0,0.040426,רמת גן,אזור הבילויים,שרה אהרונסון 40,32.0611741,34.8248628,2026-09-11T06:07:10+00:00,2026-08-23 15:23:28,384,,7900,https://www.yad2.co.il/realestate/item/tel-aviv-area/1yl0i83n,458,3
2079000,https://www.yad2.co.il/realestate/item/center-and-sharon/s20vu3k4,91,4.0,15,0.040404,פתח תקווה,רמת ורבר,ברל כצנלסון,32.0862419,34.8753866,2026-09-10T14:03:39+00:00,2026-08-31 12:36:55,,,7000,https://www.yad2.co.il/realestate/item/center-and-sharon/7lklznkt,589,4
1990000,https://www.yad2.co.il/realestate/item/tel-aviv-area/06t0z82w,45,2.0,25,0.040402,תל אביב יפו,נווה שאנן,י.ל. פרץ 37,32.058348,34.7797947,2026-09-10T17:42:27+00:00,2026-07-19 12:59:51,,,6700,https://www.yad2.co.il/realestate/item/tel-aviv-area/mhgu134o,483,3
2020000,https://www.yad2.co.il/realestate/item/center-and-sharon/q6sdg7fg,105,4.0,70,0.040396,פתח תקווה,המרכז השקט / מרכז העיר,רוטשילד,32.0817963,34.8835091,2026-09-10T14:35:20+00:00,2026-08-30 11:18:35,,,6800,https://www.yad2.co.il/realestate/item/center-and-sharon/rf1vnvm0,275,4
2050000,https://www.yad2.co.il/realestate/item/tel-aviv-area/ipwptbo2,71,3.5,25,0.04039,רמת גן,נגבה,הירדן,32.070046,34.829165,2026-09-11T06:02:07+00:00,2025-12-28 16:52:02,,,6900,https://www.yad2.co.il/realestate/item/tel-aviv-area/4q8mphli,449,6
2080000,https://www.yad2.co.il/realestate/item/center-and-sharon/0jsw6trf,100,4.0,0,0.040385,פתח תקווה,לב המושבה / מרכז העיר,רוטשילד,32.088419,34.8811436,2026-09-10T14:36:05+00:00,2025-08-14 18:44:40,,,7000,https://www.yad2.co.il/realestate/item/center-and-sharon/8edpnode,376,4
2230000,https://www.yad2.co.il/realestate/item/center-and-sharon/v0eckts4,85,3.5,25,0.040359,בני ברק,הר שלום,התנאים,32.0848964,34.827605,2026-09-10T13:58:20+00:00,2025-10-19 13:17:50,,,7500,https://www.yad2.co.il/realestate/item/center-and-sharon/wpkmm1pr,533,3
2350000,https://www.yad2.co.il/realestate/item/tel-aviv-area/qwqm7v0l,78,3.0,55,0.04034,רמת גן,אזור הבילויים,שרה אהרונסון,32.0611741,34.8248628,2026-09-11T06:07:54+00:00,2026-08-24 11:27:19,,,7900,https://www.yad2.co.il/realestate/item/tel-aviv-area/1yl0i83n,458,3
2500000,https://www.yad2.co.il/realestate/item/tel-aviv-area/w79h4emo,84,3.5,0,0.04032,רמת גן,נחלת גנים,הלפיד 1,32.0918075,34.8213994,2026-09-11T06:12:42+00:00,2026-06-22 18:25:12,,,8400,https://www.yad2.co.il/realestate/item/tel-aviv-area/34ta1kfv,426,1
1790000,https://www.yad2.co.il/realestate/item/center-and-sharon/74pmaxgn,79,3.5,15,0.040223,פתח תקווה,רמת ורבר,משה שרת,32.0880566,34.8728499,2026-09-10T14:03:15+00:00,2026-07-28 08:23:22,,,6000,https://www.yad2.co.il/realestate/item/center-and-sharon/286ug5vj,244,1
1790000,https://www.yad2.co.il/realestate/item/center-and-sharon/agrahw4c,65,3.0,25,0.040223,בני ברק,,טבריה,32.0868094,34.8240754,2026-09-10T13:56:32+00:00,2026-07-29 14:29:08,,,6000,https://www.yad2.co.il/realestate/item/tel-aviv-area/1m6chmgc,334,3
1790000,https://www.yad2.co.il/realestate/item/tel-aviv-area/csynu5zq,55,2.0,40,0.040223,רמת גן,,שדרות ירושלים,32.074659,34.8233137,2026-09-10T19:22:30+00:00,2026-08-23 13:01:47,174,,6000,https://www.yad2.co.il/realestate/item/tel-aviv-area/qau32qb7,570,1
1790000,https://www.yad2.co.il/realestate/item/center-and-sharon/mk8n7qju,70,3.0,100,0.040223,פתח תקווה,,יוסף שפרינצק,32.071846,34.892341,2026-09-10T14:03:15+00:00,2025-07-29 13:27:02,,,6000,https://www.yad2.co.il/realestate/item/center-and-sharon/6f0twz97,235,1
1790000,https://www.yad2.co.il/realestate/item/tel-aviv-area/s1op4xtd,85,4.0,25,0.040223,תל אביב יפו,,גואל,32.0527061,34.7877501,2026-09-10T17:40:56+00:00,2026-05-20 15:01:25,,,6000,https://www.yad2.co.il/realestate/item/tel-aviv-area/v3ig77cz,513,1
1790000,https://www.yad2.co.il/realestate/item/center-and-sharon/wxo7vcpv,70,3.0,100,0.040223,פתח תקווה,אחדות,בנימין מינץ,32.0713955,34.8917197,2026-09-10T14:03:15+00:00,2026-04-04 21:33:37,,,6000,https://www.yad2.co.il/realestate/item/center-and-sharon/6f0twz97,241,1
1820000,https://www.yad2.co.il/realestate/item/center-and-sharon/3sh8b6jr,85,3.0,25,0.04022,בני ברק,גבעת רוקח,דרך זאב ז'בוטינסקי 36,32.0873899,34.8324376,2026-09-10T13:56:32+00:00,2026-05-19 12:57:09,,,6100,https://www.yad2.co.il/realestate/item/center-and-sharon/dxxgn592,482,1
1850000,https://www.yad2.co.il/realestate/item/tel-aviv-area/lrrj23c8,60,3.5,25,0.040216,תל אביב יפו,"התקוה, בית יעקב, נווה צה""ל",,32.0524776,34.7903462,2026-09-10T17:41:18+00:00,2025-09-03 12:18:57,,,6200,https://www.yad2.co.il/realestate/item/tel-aviv-area/oy6a6fut,234,1
1880000,https://www.yad2.co.il/realestate/item/tel-aviv-area/kqbkccbd,65,2.0,70,0.040213,גבעתיים,שינקין,המעלות,32.0735001,34.8168151,2026-09-10T14:00:06+00:00,2026-02-27 11:13:32,,,6300,https://www.yad2.co.il/realestate/item/tel-aviv-area/t0uss8xy,303,3
1940000,https://www.yad2.co.il/realestate/item/center-and-sharon/pqbvellz,100,4.0,15,0.040206,פתח תקווה,עין גנים,עין גנים,32.0819149,34.8994736,2026-09-10T14:34:12+00:00,2025-12-23 10:42:23,,,6500,https://www.yad2.co.il/realestate/item/center-and-sharon/71fh7tr9,214,6
1970000,https://www.yad2.co.il/realestate/item/tel-aviv-area/y6i3k446,90,4.0,55,0.040197,תל אביב יפו,ניר אביב,צלילי חנינא,32.0477941,34.8121579,2026-09-10T17:42:04+00:00,2025-12-02 13:01:30,,,6599,https://www.yad2.co.il/realestate/item/tel-aviv-area/cpsef0ko,66,1
2090000,https://www.yad2.co.il/realestate/item/center-and-sharon/0t4oes7j,127,4.0,55,0.040191,פתח תקווה,לב המושבה / מרכז העיר,רוטשילד 78,32.0868549,34.8813568,2026-09-10T14:36:05+00:00,2026-07-06 16:48:39,,,7000,https://www.yad2.co.il/realestate/item/center-and-sharon/hjqs45ve,399,1
2090000,https://www.yad2.co.il/realestate/item/center-and-sharon/ks7bzoej,80,3.0,0,0.040191,פתח תקווה,תקומה / קרית חזני,זרח ברנט 8,32.0933455,34.8939739,2026-09-10T14:36:05+00:00,2026-06-28 09:30:35,,,7000,https://www.yad2.co.il/realestate/item/center-and-sharon/55k35crk,405,5
2090000,https://www.yad2.co.il/realestate/item/center-and-sharon/yhzw7o9d,100,4.0,15,0.040191,פתח תקווה,כפר גנים א,לוחמי הגטו 3,32.0830235,34.876175,2026-09-10T14:36:05+00:00,2026-07-30 11:05:23,,,7000,https://www.yad2.co.il/realestate/item/center-and-sharon/7lklznkt,326,7
2330000,https://www.yad2.co.il/realestate/item/center-and-sharon/v7cv8u9e,108,4.0,25,0.040172,בני ברק,תל גיבורים,שדרות הרב יוסף חיים 8,32.0942476,34.8284279,2026-09-10T13:59:03+00:00,2026-05-31 19:33:03,,,7800,https://www.yad2.co.il/realestate/item/tel-aviv-area/n94rhiu5,505,2
2390000,https://www.yad2.co.il/realestate/item/tel-aviv-area/4db9x4b8,105,4.0,15,0.040167,רמת גן,"נווה יהושע, ערמונים",אריה בן אליעזר,32.0638552,34.8329584,2026-09-11T06:08:47+00:00,2026-06-28 18:02:55,,,8000,https://www.yad2.co.il/realestate/item/tel-aviv-area/an8mcj1c,0,6
2390000,https://www.yad2.co.il/realestate/item/tel-aviv-area/99vclrcq,86,3.5,15,0.040167,רמת גן,"נווה רם, שיכון מזרחי",מטולה,32.0643563,34.8291748,2026-09-11T06:08:47+00:00,2026-07-26 09:25:21,,,8000,https://www.yad2.co.il/realestate/item/tel-aviv-area/an8mcj1c,361,8
2390000,https://www.yad2.co.il/realestate/item/tel-aviv-area/cgoigmmx,93,4.0,40,0.040167,רמת גן,תל יהודה,רוחמה,32.0718962,34.8206711,2026-09-11T06:08:47+00:00,2026-08-18 10:35:13,,,8000,https://www.yad2.co.il/realestate/item/tel-aviv-area/s4hw3mq1,563,8
2450000,https://www.yad2.co.il/realestate/item/tel-aviv-area/ocfo44ar,100,4.0,0,0.040163,תל אביב יפו,קרית שלום,משגב עם 16,32.041282,34.774647,2026-09-10T17:46:36+00:00,2025-11-16 22:47:27,,,8200,https://www.yad2.co.il/realestate/item/tel-aviv-area/f7k5i3l2,244,1
2050000,https://www.yad2.co.il/realestate/item/tel-aviv-area/twfhhed9,58,2.0,0,0.040098,תל אביב יפו,נווה שאנן,פין 1,32.058348,34.7797947,2026-09-10T17:42:50+00:00,2026-07-05 18:20:43,,,6850,https://www.yad2.co.il/realestate/item/tel-aviv-area/ot8tidcw,415,4
1949000,https://www.yad2.co.il/realestate/item/tel-aviv-area/tjauisbh,29,1.5,55,0.040021,תל אביב יפו,הצפון הישן - החלק הדרומי,פינסקר,32.0768437,34.7728656,2026-09-10T17:42:04+00:00,2026-03-09 16:22:57,,,6500,https://www.yad2.co.il/realestate/item/tel-aviv-area/0lrlz0dn,347,1
1949000,https://www.yad2.co.il/realestate/item/center-and-sharon/zlpuqbdp,120,3.0,25,0.040021,בני ברק,פרדס כץ,הרב דנגור,32.0958426,34.8320152,2026-09-10T13:57:15+00:00,2026-06-24 17:08:34,,,6500,https://www.yad2.co.il/realestate/item/tel-aviv-area/ivu1goq2,552,1
2099000,https://www.yad2.co.il/realestate/item/center-and-sharon/gwhdfliq,121,4.0,15,0.040019,פתח תקווה,,אליעזר בן יהודה 15,32.0804973,34.8825029,2026-09-10T14:36:37+00:00,2026-07-23 15:34:01,,,7000,https://www.yad2.co.il/realestate/item/center-and-sharon/4p1b7wa1,560,3
2399000,https://www.yad2.co.il/realestate/item/center-and-sharon/a42y0ib2,140,5.0,25,0.040017,בני ברק,פרדס כץ,הרב ברוט 16,32.0939361,34.8345334,2026-09-10T13:59:23+00:00,2026-08-04 14:44:04,362,,8000,https://www.yad2.co.il/realestate/item/center-and-sharon/rec239dg,576,1
2100000,https://www.yad2.co.il/realestate/item/center-and-sharon/00ylswrr,105,4.0,0,0.04,פתח תקווה,לב המושבה / מרכז העיר,יהודה הלוי,32.0885053,34.8897141,2026-09-10T14:36:37+00:00,2026-09-02 16:09:55,,,7000,https://www.yad2.co.il/realestate/item/center-and-sharon/8edpnode,486,3
2400000,https://www.yad2.co.il/realestate/item/tel-aviv-area/0g5z2ucg,120,5.0,15,0.04,רמת גן,"נווה יהושע, ערמונים",אריה בן אליעזר,32.0638552,34.8329584,2026-09-11T06:09:31+00:00,2026-03-15 15:08:34,,,8000,https://www.yad2.co.il/realestate/item/tel-aviv-area/97xkdtdr,0,6
2025000,https://www.yad2.co.il/realestate/item/center-and-sharon/1udmn1go,105,4.0,15,0.04,פתח תקווה,המרכז השקט / מרכז העיר,,32.0863708,34.8925421,2026-09-10T14:35:43+00:00,2025-08-18 11:15:23,,,6750,https://www.yad2.co.il/realestate/item/center-and-sharon/4fftoqwe,0,11
1800000,https://www.yad2.co.il/realestate/item/center-and-sharon/229tqsoq,80,4.0,25,0.04,פתח תקווה,,יוסף שפרינצק,32.071846,34.892341,2026-09-10T14:03:15+00:00,2026-03-03 14:04:17,,,6000,https://www.yad2.co.il/realestate/item/center-and-sharon/6f0twz97,235,1
2100000,https://www.yad2.co.il/realestate/item/center-and-sharon/2mwuky2s,90,3.5,25,0.04,בני ברק,גבעת סוקולוב,סוקולוב 17,32.0874806,34.8338406,2026-09-10T13:57:59+00:00,2026-09-10 01:48:02,,,7000,https://www.yad2.co.il/realestate/item/center-and-sharon/airpfwg1,133,2
2100000,https://www.yad2.co.il/realestate/item/center-and-sharon/4twz11f2,105,4.0,0,0.04,פתח תקווה,קרול,יהודה לייב פינסקר,32.0978514,34.8813969,2026-09-10T14:36:37+00:00,2026-07-15 12:15:03,,,7000,https://www.yad2.co.il/realestate/item/center-and-sharon/4iaca85r,272,1
1800000,https://www.yad2.co.il/realestate/item/tel-aviv-area/9v6kmcnm,27,1.0,25,0.04,תל אביב יפו,הצפון הישן - החלק הצפוני,יחזקאל 3,32.092759,34.777511,2026-09-10T17:40:56+00:00,2026-06-02 10:27:15,,,6000,https://www.yad2.co.il/realestate/item/tel-aviv-area/ldvumgxa,433,2
2400000,https://www.yad2.co.il/realestate/item/tel-aviv-area/a8gxrcpw,93,4.0,70,0.04,רמת גן,אזור הבילויים,הירדן,32.0617567,34.8283401,2026-09-11T06:09:52+00:00,2026-06-30 11:44:54,,,8000,https://www.yad2.co.il/realestate/item/tel-aviv-area/uxqb575e,334,9
2400000,https://www.yad2.co.il/realestate/item/tel-aviv-area/b2vdm1su,100,4.5,15,0.04,רמת גן,רמת עמידר,סיירת דוכיפת,32.0660922,34.8363747,2026-09-11T06:09:52+00:00,2026-06-10 09:51:22,,,8000,https://www.yad2.co.il/realestate/item/tel-aviv-area/97xkdtdr,407,13
2490000,https://www.yad2.co.il/realestate/item/tel-aviv-area/bgf4fpcg,100,4.0,0,0.04,רמת גן,עליות,סנהדרין,32.0775816,34.8260652,2026-09-11T06:11:19+00:00,2026-06-14 19:58:04,,,8300,https://www.yad2.co.il/realestate/item/tel-aviv-area/707on5m9,347,10
1950000,https://www.yad2.co.il/realestate/item/tel-aviv-area/ccmtysia,27,1.5,25,0.04,תל אביב יפו,הצפון הישן - החלק הדרומי,לכיש 10,32.0801965,34.7791094,2026-09-10T17:42:04+00:00,2026-09-10 00:55:48,,,6500,https://www.yad2.co.il/realestate/item/tel-aviv-area/0lrlz0dn,363,1
2250000,https://www.yad2.co.il/realestate/item/tel-aviv-area/figw1ueu,77,4.0,0,0.04,תל אביב יפו,נווה חן,מעפילי אגוז 9,32.0516482,34.8114612,2026-09-10T17:44:21+00:00,2024-06-18 14:34:37,,,7500,https://www.yad2.co.il/realestate/item/tel-aviv-area/oe9c91fs,461,5
1950000,https://www.yad2.co.il/realestate/item/tel-aviv-area/g9qpitrh,80,4.0,70,0.04,תל אביב יפו,נווה אליעזר וכפר שלם מזרח,צביה לובטקין 32,32.049012,34.8072715,2026-09-10T17:42:04+00:00,2026-04-29 16:12:03,,,6500,https://www.yad2.co.il/realestate/item/tel-aviv-area/lqrxjnlj,502,3
1950000,https://www.yad2.co.il/realestate/item/tel-aviv-area/gearmflf,36,2.0,0,0.04,תל אביב יפו,פלורנטין,אברבנאל,32.0551821,34.7669213,2026-09-10T17:42:04+00:00,2026-02-27 10:43:10,,,6500,https://www.yad2.co.il/realestate/item/tel-aviv-area/6xupd4ua,329,1
2190000,https://www.yad2.co.il/realestate/item/tel-aviv-area/ha1qseup,54,2.0,0,0.04,תל אביב יפו,פלורנטין,דרך שלמה,32.0548994,34.7659365,2026-09-10T17:43:59+00:00,2026-06-04 12:57:51,,,7300,https://www.yad2.co.il/realestate/item/tel-aviv-area/cfyt44kl,556,4
2100000,https://www.yad2.co.il/realestate/item/tel-aviv-area/k45pzhf0,61,3.0,40,0.04,תל אביב יפו,נווה שאנן,,32.058348,34.7797947,2026-09-10T17:43:14+00:00,2026-02-25 18:40:07,,,7000,https://www.yad2.co.il/realestate/item/tel-aviv-area/039x5hjr,536,3
1800000,https://www.yad2.co.il/realestate/item/tel-aviv-area/m1mtck57,42,2.0,0,0.04,תל אביב יפו,נווה שאנן,עין הקורא 16,32.0574416,34.7815374,2026-09-10T17:40:56+00:00,2026-02-19 15:29:54,,,6000,https://www.yad2.co.il/realestate/item/tel-aviv-area/cnpvvylg,193,1
1950000,https://www.yad2.co.il/realestate/item/center-and-sharon/n4d23y1i,91,4.0,40,0.04,פתח תקווה,בר יהודה,חיים ארלוזורוב 55,32.0853855,34.8684266,2026-09-10T14:34:34+00:00,2026-09-03 13:55:51,,,6500,https://www.yad2.co.il/realestate/item/center-and-sharon/n4nxf1jn,423,2
2100000,https://www.yad2.co.il/realestate/item/center-and-sharon/nv50bwmr,100,4.0,25,0.04,בני ברק,קרית הרצוג,הרב נורוק 9,32.0873899,34.8324376,2026-09-10T13:57:59+00:00,2026-08-11 16:53:42,,,7000,https://www.yad2.co.il/realestate/item/center-and-sharon/airpfwg1,0,2
2100000,https://www.yad2.co.il/realestate/item/center-and-sharon/ok0buxdz,98,4.0,0,0.04,פתח תקווה,לב המושבה / מרכז העיר,יהודה הלוי 10,32.0885053,34.8897141,2026-09-10T14:36:37+00:00,2026-08-12 18:39:03,,,7000,https://www.yad2.co.il/realestate/item/center-and-sharon/8edpnode,486,3
2490000,https://www.yad2.co.il/realestate/item/tel-aviv-area/quro89sz,92,4.0,0,0.04,רמת גן,"מרום נווה, רמת יצחק",שדרות ירושלים,32.074659,34.8233137,2026-09-11T06:12:02+00:00,2026-04-15 09:31:32,,,8300,https://www.yad2.co.il/realestate/item/tel-aviv-area/707on5m9,484,11
1800000,https://www.yad2.co.il/realestate/item/center-and-sharon/s58f8ajp,70,3.0,40,0.04,פתח תקווה,מחנה יהודה,צבי הירש קלישר,32.0768886,34.8955403,2026-09-10T16:58:39+00:00,2026-05-05 11:13:47,,,6000,https://www.yad2.co.il/realestate/item/center-and-sharon/g5x06h11,235,1
2250000,https://www.yad2.co.il/realestate/item/tel-aviv-area/ut3neki5,79,4.0,15,0.04,רמת גן,"נווה יהושע, ערמונים",,32.0686867,34.8246812,2026-09-11T06:05:43+00:00,2026-07-28 10:43:35,,,7500,https://www.yad2.co.il/realestate/item/tel-aviv-area/8aj0n7s0,0,4
2490000,https://www.yad2.co.il/realestate/item/tel-aviv-area/x9e5uyxl,50,2.0,0,0.04,תל אביב יפו,"לב תל אביב, לב העיר צפון",החשמל,32.0617775,34.7766516,2026-09-10T17:46:59+00:00,2026-01-07 00:00:08,,,8300,https://www.yad2.co.il/realestate/item/tel-aviv-area/dxubytxe,70,4
2250250,https://www.yad2.co.il/realestate/item/tel-aviv-area/u0uyp7j0,70,3.0,0,0.039996,רמת גן,שכונת גפן,הרימון 8,32.0880619,34.809051,2026-09-11T06:05:43+00:00,2026-07-02 14:06:14,645,,7500,https://www.yad2.co.il/realestate/item/tel-aviv-area/253o4of5,459,1
1895000,https://www.yad2.co.il/realestate/item/tel-aviv-area/q0dcn1pv,60,2.0,100,0.039894,רמת גן,תל יהודה,דרך בן גוריון 195,32.073291,34.818463,2026-09-10T19:22:51+00:00,2026-06-03 10:07:08,,,6300,https://www.yad2.co.il/realestate/item/tel-aviv-area/t0uss8xy,380,3
2350000,https://www.yad2.co.il/realestate/item/tel-aviv-area/5exn1rqc,108,3.5,0,0.03983,תל אביב יפו,נווה חן,מעפילי אגוז,32.0548271,34.8083226,2026-09-10T17:45:29+00:00,2026-07-12 14:09:49,,,7800,https://www.yad2.co.il/realestate/item/tel-aviv-area/mu8vr0fi,280,3
2230000,https://www.yad2.co.il/realestate/item/tel-aviv-area/cu6i3k6s,73,3.0,0,0.039821,רמת גן,"נווה יהושע, ערמונים",נווה יהושע,32.0602597,34.8322006,2026-09-11T06:05:00+00:00,2026-05-31 14:33:33,,,7400,https://www.yad2.co.il/realestate/item/tel-aviv-area/yslj2y9d,106,2
2110000,https://www.yad2.co.il/realestate/item/center-and-sharon/st4hlr52,112,4.0,0,0.03981,פתח תקווה,,,32.0877639,34.8859985,2026-09-10T14:36:37+00:00,2026-08-04 12:33:05,,,7000,https://www.yad2.co.il/realestate/item/center-and-sharon/8edpnode,133,5
2080000,https://www.yad2.co.il/realestate/item/tel-aviv-area/edi0mslm,65,3.0,70,0.039808,רמת גן,קרית בורוכוב,,32.0686867,34.8246812,2026-09-11T06:02:29+00:00,2026-06-18 13:02:45,,,6900,https://www.yad2.co.il/realestate/item/tel-aviv-area/5d2evt11,0,6
2050000,https://www.yad2.co.il/realestate/item/center-and-sharon/0j2b4vw9,115,4.5,15,0.039805,פתח תקווה,המרכז השקט / מרכז העיר,סנדר חדד,32.0849555,34.8797474,2026-09-10T14:35:43+00:00,2026-05-04 01:48:02,,,6800,https://www.yad2.co.il/realestate/item/center-and-sharon/rf1vnvm0,587,8
2050000,https://www.yad2.co.il/realestate/item/center-and-sharon/1rxwbz6o,95,4.0,15,0.039805,פתח תקווה,המרכז השקט / מרכז העיר,חפץ מרדכי,32.0833126,34.8802216,2026-09-10T14:35:43+00:00,2025-01-28 09:16:57,,,6800,https://www.yad2.co.il/realestate/item/center-and-sharon/rf1vnvm0,399,6
2050000,https://www.yad2.co.il/realestate/item/tel-aviv-area/v07y3i2u,65,3.0,15,0.039805,תל אביב יפו,"נווה ברבור, כפר שלם מערב",דרך ההגנה 126,32.053361,34.802179,2026-09-10T17:42:50+00:00,2026-08-25 20:00:00,,,6800,https://www.yad2.co.il/realestate/item/tel-aviv-area/ty83uiv1,367,3
1990000,https://www.yad2.co.il/realestate/item/center-and-sharon/aif3t20b,92,3.5,15,0.039799,פתח תקווה,המרכז השקט / מרכז העיר,סלומון 2,32.0849815,34.8820259,2026-09-10T14:34:56+00:00,2026-09-06 14:32:11,,,6600,https://www.yad2.co.il/realestate/item/center-and-sharon/hxusscze,586,3
1890000,https://www.yad2.co.il/realestate/item/center-and-sharon/ntkjfrbh,110,4.0,15,0.039683,פתח תקווה,המרכז השקט / מרכז העיר,שרה אהרונסון,32.0863085,34.8888196,2026-09-10T14:33:50+00:00,2026-04-29 11:32:40,,,6250,https://www.yad2.co.il/realestate/item/center-and-sharon/ypq4tgvr,338,3
2480000,https://www.yad2.co.il/realestate/item/center-and-sharon/y0blc91g,130,5.5,25,0.039677,בני ברק,קרית הרצוג,הרב קובלסקי 7,32.0873899,34.8324376,2026-09-10T13:59:43+00:00,2026-08-23 21:32:30,,,8200,https://www.yad2.co.il/realestate/item/center-and-sharon/fivq0j04,308,1
2420000,https://www.yad2.co.il/realestate/item/tel-aviv-area/oxzjqfe9,110,4.0,100,0.039669,רמת גן,אזור הבילויים,הירדן,32.0617567,34.8283401,2026-09-11T06:10:14+00:00,2026-08-18 15:23:54,,,8000,https://www.yad2.co.il/realestate/item/tel-aviv-area/uxqb575e,334,11
2390000,https://www.yad2.co.il/realestate/item/tel-aviv-area/payqdu7w,78,3.0,0,0.039665,רמת גן,אזור הבילויים,שרה אהרונסון,32.0611741,34.8248628,2026-09-11T06:09:09+00:00,2026-08-23 14:35:27,149,,7900,https://www.yad2.co.il/realestate/item/tel-aviv-area/1yl0i83n,458,3
2090000,https://www.yad2.co.il/realestate/item/center-and-sharon/ditewt2i,81,3.5,0,0.039617,פתח תקווה,המרכז השקט / מרכז העיר,חפץ חיים,32.0833052,34.8872075,2026-09-10T14:36:05+00:00,2026-09-08 16:01:42,,,6900,https://www.yad2.co.il/realestate/item/center-and-sharon/bq7i3df2,0,2
2090000,https://www.yad2.co.il/realestate/item/tel-aviv-area/nq2ngj2y,65,3.5,25,0.039617,רמת גן,שכונת הלל,,32.0686867,34.8246812,2026-09-11T06:02:51+00:00,2026-08-18 15:08:21,,,6900,https://www.yad2.co.il/realestate/item/tel-aviv-area/4q8mphli,0,7
2090000,https://www.yad2.co.il/realestate/item/tel-aviv-area/q2jjj8x7,70,3.0,70,0.039617,רמת גן,,,32.0686867,34.8246812,2026-09-11T06:02:51+00:00,2026-08-02 13:25:11,,,6900,https://www.yad2.co.il/realestate/item/tel-aviv-area/5d2evt11,0,6
2000000,https://www.yad2.co.il/realestate/item/center-and-sharon/163co2d8,78,3.0,15,0.0396,בני ברק,הר שלום,אהרון דב פוקס,32.0848964,34.827605,2026-09-10T13:57:15+00:00,2025-02-11 11:58:02,,,6600,https://www.yad2.co.il/realestate/item/tel-aviv-area/5n2zgzoo,582,1
2000000,https://www.yad2.co.il/realestate/item/center-and-sharon/4kxsssok,75,3.0,15,0.0396,בני ברק,הר שלום,הרב אברהם יצחק הכהן קוק,32.0848964,34.827605,2026-09-10T13:57:15+00:00,2026-08-23 19:35:10,,,6600,https://www.yad2.co.il/realestate/item/tel-aviv-area/5n2zgzoo,582,1
2000000,https://www.yad2.co.il/realestate/item/center-and-sharon/b3zyk4av,75,3.0,15,0.0396,בני ברק,הר שלום,אהרון דב פוקס,32.0848964,34.827605,2026-09-10T13:57:37+00:00,2026-07-08 14:49:52,,,6600,https://www.yad2.co.il/realestate/item/tel-aviv-area/5n2zgzoo,582,1
2000000,https://www.yad2.co.il/realestate/item/center-and-sharon/mm0ypb53,83,3.5,25,0.0396,בני ברק,הר שלום,טבריה,32.0868094,34.8240754,2026-09-10T13:57:37+00:00,2026-05-17 11:33:33,,,6600,https://www.yad2.co.il/realestate/item/tel-aviv-area/iu735xl0,306,2
2000000,https://www.yad2.co.il/realestate/item/center-and-sharon/s7nacbyi,97,4.0,0,0.0396,בני ברק,"הפועל המזרחי ה', שיכון ה'","ד""ר ברויאר",32.0901502,34.8417776,2026-09-10T13:57:37+00:00,2026-07-21 13:57:58,227,,6600,https://www.yad2.co.il/realestate/item/center-and-sharon/6qln2ltv,593,2
1970000,https://www.yad2.co.il/realestate/item/center-and-sharon/7npi82py,90,4.0,15,0.039594,פתח תקווה,המרכז השקט / מרכז העיר,רוטשילד,32.0817963,34.8835091,2026-09-10T14:34:34+00:00,2026-09-07 13:35:36,,,6500,https://www.yad2.co.il/realestate/item/center-and-sharon/700v1hfq,392,4
1850000,https://www.yad2.co.il/realestate/item/tel-aviv-area/3aeq6ijl,40,2.0,25,0.039568,רמת גן,חרוזים,יהודית,32.0886416,34.8040736,2026-09-10T19:22:30+00:00,2026-05-06 10:57:44,,,6100,https://www.yad2.co.il/realestate/item/tel-aviv-area/400r3pgj,348,1
1850000,https://www.yad2.co.il/realestate/item/tel-aviv-area/pi5ee45i,50,2.0,25,0.039568,רמת גן,בורסה,זיסמן שלום 14,32.0844075,34.7994744,2026-09-10T19:22:30+00:00,2025-07-23 15:25:19,,,6100,https://www.yad2.co.il/realestate/item/tel-aviv-area/400r3pgj,308,1
2125000,https://www.yad2.co.il/realestate/item/center-and-sharon/o5ufi2ja,100,4.0,15,0.039529,פתח תקווה,המרכז השקט / מרכז העיר,חיים כהן,32.0805031,34.88092,2026-09-10T14:36:57+00:00,2026-05-18 21:18:44,,,7000,https://www.yad2.co.il/realestate/item/center-and-sharon/4p1b7wa1,473,7
2490000,https://www.yad2.co.il/realestate/item/tel-aviv-area/p0lj5gp8,63,3.0,0,0.039518,רמת גן,קרית בורוכוב,כנפי נשרים,32.0705357,34.8202066,2026-09-11T06:11:41+00:00,2026-08-04 10:15:32,,,8200,https://www.yad2.co.il/realestate/item/tel-aviv-area/mnbw284n,469,2
2050000,https://www.yad2.co.il/realestate/item/center-and-sharon/gua6iq3x,80,4.0,15,0.039512,פתח תקווה,המרכז השקט / מרכז העיר,חנה סנש,32.0851665,34.8922386,2026-09-10T14:35:20+00:00,2026-05-12 14:43:14,,,6750,https://www.yad2.co.il/realestate/item/center-and-sharon/4fftoqwe,137,4
2400000,https://www.yad2.co.il/realestate/item/tel-aviv-area/tsmfxqxv,71,3.0,0,0.0395,תל אביב יפו,קרית שלום,נס הרים,32.0455253,34.7768507,2026-09-10T17:46:13+00:00,2025-04-03 16:28:35,,,7900,https://www.yad2.co.il/realestate/item/tel-aviv-area/vbyidvtd,254,2
1975000,https://www.yad2.co.il/realestate/item/center-and-sharon/wwolempq,60,3.0,25,0.039494,פתח תקווה,לב המושבה / מרכז העיר,"ביל""ו",32.0871772,34.8805872,2026-09-10T14:35:20+00:00,2025-10-12 12:53:11,,,6500,https://www.yad2.co.il/realestate/item/center-and-sharon/kxppdw08,514,1
1900000,https://www.yad2.co.il/realestate/item/center-and-sharon/1gx63n5a,103,4.0,15,0.039474,פתח תקווה,המרכז השקט / מרכז העיר,חפץ חיים 20,32.0833052,34.8872075,2026-09-10T14:33:50+00:00,2026-09-09 10:28:20,,,6250,https://www.yad2.co.il/realestate/item/center-and-sharon/ypq4tgvr,555,2
2280000,https://www.yad2.co.il/realestate/item/tel-aviv-area/32za0a1r,86,4.0,70,0.039474,רמת גן,"נווה רם, שיכון מזרחי",,32.0686867,34.8246812,2026-09-11T06:06:06+00:00,2026-05-11 12:07:19,,,7500,https://www.yad2.co.il/realestate/item/tel-aviv-area/8aj0n7s0,0,6
1900000,https://www.yad2.co.il/realestate/item/center-and-sharon/d3u3tgny,103,4.0,15,0.039474,פתח תקווה,המרכז השקט / מרכז העיר,חפץ חיים,32.0833052,34.8872075,2026-09-10T14:33:50+00:00,2026-06-28 12:20:15,,,6250,https://www.yad2.co.il/realestate/item/center-and-sharon/ypq4tgvr,555,2
2280000,https://www.yad2.co.il/realestate/item/center-and-sharon/lvhxvbg5,90,4.0,0,0.039474,בני ברק,פרדס כץ,דרך זאב ז'בוטינסקי 107,32.092321,34.834218,2026-09-10T13:58:42+00:00,2026-06-02 16:43:43,,,7500,https://www.yad2.co.il/realestate/item/center-and-sharon/a0pjwa8c,573,8
2250000,https://www.yad2.co.il/realestate/item/tel-aviv-area/33x9p2k4,72,3.0,0,0.039467,רמת גן,"נווה יהושע, ערמונים",הכבאים,32.0636201,34.8346353,2026-09-11T06:05:21+00:00,2026-09-01 12:44:55,73,,7400,https://www.yad2.co.il/realestate/item/tel-aviv-area/yslj2y9d,432,2
2250000,https://www.yad2.co.il/realestate/item/tel-aviv-area/lqq0ay4i,72,3.0,0,0.039467,רמת גן,"נווה יהושע, ערמונים",הררי,32.0583973,34.8313924,2026-09-11T06:05:43+00:00,2025-08-19 15:38:31,,,7400,https://www.yad2.co.il/realestate/item/tel-aviv-area/yslj2y9d,278,2
2099000,https://www.yad2.co.il/realestate/item/tel-aviv-area/yjbxk8c9,66,3.0,100,0.039447,רמת גן,"שכונת יהלום, מרכז העיר ב",הרצל,32.0819823,34.8166592,2026-09-11T06:02:51+00:00,2026-06-20 11:10:22,,,6900,https://www.yad2.co.il/realestate/item/tel-aviv-area/9ciaki0a,574,8
2099000,https://www.yad2.co.il/realestate/item/tel-aviv-area/z051e99d,82,3.0,25,0.039447,רמת גן,נגבה,הירדן 42,32.0696189,34.8287456,2026-09-11T06:03:13+00:00,2026-09-07 09:31:36,,,6900,https://www.yad2.co.il/realestate/item/tel-aviv-area/5d2evt11,397,5
2130000,https://www.yad2.co.il/realestate/item/center-and-sharon/m8vh8vb1,90,4.0,55,0.039437,פתח תקווה,כפר גנים ב,הנשיאים,32.0782752,34.8799161,2026-09-10T16:59:21+00:00,2025-09-14 10:42:15,,,7000,https://www.yad2.co.il/realestate/item/center-and-sharon/4p1b7wa1,214,3
2100000,https://www.yad2.co.il/realestate/item/center-and-sharon/0s2j5bn1,96,4.0,15,0.039429,פתח תקווה,לב המושבה / מרכז העיר,"רמב""ם 14",32.0907916,34.8898866,2026-09-10T14:36:37+00:00,2026-07-10 08:46:16,,,6900,https://www.yad2.co.il/realestate/item/center-and-sharon/w6ab8mhy,519,6
2085000,https://www.yad2.co.il/realestate/item/tel-aviv-area/les92zkz,50,2.0,0,0.039424,תל אביב יפו,נווה שאנן,,32.058348,34.7797947,2026-09-10T17:43:14+00:00,2023-06-21 12:40:06,,,6850,https://www.yad2.co.il/realestate/item/tel-aviv-area/ot8tidcw,415,4
2070000,https://www.yad2.co.il/realestate/item/center-and-sharon/un8adyo4,120,4.5,70,0.03942,פתח תקווה,לב המושבה / מרכז העיר,נורדאו,32.0870371,34.8855817,2026-09-10T14:36:05+00:00,2026-07-17 00:36:45,,,6800,https://www.yad2.co.il/realestate/item/center-and-sharon/14n8cy07,487,6
1980000,https://www.yad2.co.il/realestate/item/tel-aviv-area/1u8wbnjg,80,4.0,55,0.039394,תל אביב יפו,ניר אביב,ליבנה 9,32.048033,34.8115181,2026-09-10T17:42:27+00:00,2025-10-21 12:47:25,,,6500,https://www.yad2.co.il/realestate/item/tel-aviv-area/lqrxjnlj,472,3
1980000,https://www.yad2.co.il/realestate/item/center-and-sharon/3xrekppt,50,3.0,70,0.039394,פתח תקווה,לב המושבה / מרכז העיר,,32.0871038,34.8848259,2026-09-10T14:34:34+00:00,2026-02-11 10:06:35,,,6500,https://www.yad2.co.il/realestate/item/center-and-sharon/kxppdw08,133,1
1980000,https://www.yad2.co.il/realestate/item/tel-aviv-area/c8ixatos,67,3.0,25,0.039394,רמת גן,"שכונת בן גוריון, מרכז העיר ג'",יוסף הגלילי,32.0882183,34.8194666,2026-09-10T19:22:51+00:00,2026-04-05 19:34:14,,,6500,https://www.yad2.co.il/realestate/item/tel-aviv-area/rywujatz,473,4
1980000,https://www.yad2.co.il/realestate/item/center-and-sharon/d7eou7v9,50,3.0,70,0.039394,פתח תקווה,לב המושבה / מרכז העיר,,32.0871038,34.8848259,2026-09-10T14:34:34+00:00,2026-02-10 13:16:13,,,6500,https://www.yad2.co.il/realestate/item/center-and-sharon/kxppdw08,133,1
1980000,https://www.yad2.co.il/realestate/item/tel-aviv-area/ir72uvgy,71,2.5,55,0.039394,רמת גן,"שכונת בן גוריון, מרכז העיר ג'",,32.0686867,34.8246812,2026-09-10T19:22:51+00:00,2026-07-09 13:22:04,,,6500,https://www.yad2.co.il/realestate/item/tel-aviv-area/p0jrmdkz,0,4
1980000,https://www.yad2.co.il/realestate/item/tel-aviv-area/pcrrpcdm,65,3.0,25,0.039394,תל אביב יפו,נווה חן,מעפילי אגוז,32.0548271,34.8083226,2026-09-10T17:42:27+00:00,2025-07-09 17:00:35,,,6500,https://www.yad2.co.il/realestate/item/tel-aviv-area/ggjwziw5,409,2
1980000,https://www.yad2.co.il/realestate/item/tel-aviv-area/q5296a6y,73,2.5,25,0.039394,רמת גן,שכונת גפן,פני הגבעה 3,32.0881352,34.8099653,2026-09-10T19:22:51+00:00,2026-09-05 20:29:50,84,,6500,https://www.yad2.co.il/realestate/item/tel-aviv-area/di5qia3l,578,7
1980000,https://www.yad2.co.il/realestate/item/center-and-sharon/jlmepo1a,91,4.0,40,0.039388,פתח תקווה,המרכז השקט / מרכז העיר,ביאליק 18,32.081697,34.8883513,2026-09-10T14:34:34+00:00,2026-04-27 09:39:08,,,6499,https://www.yad2.co.il/realestate/item/center-and-sharon/7q5tj1um,492,2
1950000,https://www.yad2.co.il/realestate/item/center-and-sharon/5e0lxsf4,92,3.5,0,0.039385,פתח תקווה,צמרת גנים / עין גנים דרום,אלעזר פרידמן 1,32.0819648,34.9013308,2026-09-10T14:34:12+00:00,2026-08-25 13:35:52,,,6400,https://www.yad2.co.il/realestate/item/center-and-sharon/jbgcnrom,360,1
1950000,https://www.yad2.co.il/realestate/item/center-and-sharon/6hw2fdjw,114,4.0,55,0.039385,פתח תקווה,עין גנים,דוד פוחס,32.0878696,34.8945415,2026-09-10T14:34:12+00:00,2026-04-27 23:12:35,,,6400,https://www.yad2.co.il/realestate/item/center-and-sharon/b27emqi3,392,1
1890000,https://www.yad2.co.il/realestate/item/tel-aviv-area/1434ejdh,62,3.0,15,0.039365,תל אביב יפו,ניר אביב,צלילי חנינא 3,32.0477941,34.8121579,2026-09-10T17:41:18+00:00,2026-01-16 10:50:09,,,6200,https://www.yad2.co.il/realestate/item/tel-aviv-area/wxcpz0qa,210,2
2500000,https://www.yad2.co.il/realestate/item/center-and-sharon/aqdeyyul,110,5.0,25,0.03936,בני ברק,הר שלום,הרב הרצוג,32.0848964,34.827605,2026-09-10T13:59:43+00:00,2026-07-16 17:18:14,,,8200,https://www.yad2.co.il/realestate/item/center-and-sharon/fivq0j04,465,1
2500000,https://www.yad2.co.il/realestate/item/tel-aviv-area/ezf7klqs,38,1.5,25,0.03936,תל אביב יפו,"לב תל אביב, לב העיר צפון",שדרות רוטשילד,32.067792,34.778052,2026-09-10T17:46:59+00:00,2026-09-10 14:42:47,,,8200,https://www.yad2.co.il/realestate/item/tel-aviv-area/py4jkjj4,597,6
2500000,https://www.yad2.co.il/realestate/item/center-and-sharon/ofu51fu3,194,4.0,70,0.03936,פתח תקווה,תקומה / קרית חזני,חיסין 3,32.091249,34.8978324,2026-09-10T17:00:48+00:00,2025-11-25 09:21:46,,,8200,https://www.yad2.co.il/realestate/item/center-and-sharon/ot6f76k3,490,1
1860000,https://www.yad2.co.il/realestate/item/center-and-sharon/gd0ycsa4,80,3.0,25,0.039355,בני ברק,"הפועל המזרחי ה', שיכון ה'",רבי לוי יצחק מברדיצ'ב,32.0873899,34.8324376,2026-09-10T13:56:53+00:00,2026-05-12 23:23:49,,,6100,https://www.yad2.co.il/realestate/item/center-and-sharon/dxxgn592,482,1
1830000,https://www.yad2.co.il/realestate/item/center-and-sharon/49tv93pf,70,3.0,25,0.039344,בני ברק,הר שלום,אהרון דב פוקס 10,32.0848964,34.827605,2026-09-10T13:56:32+00:00,2026-08-24 22:34:20,132,,6000,https://www.yad2.co.il/realestate/item/tel-aviv-area/1m6chmgc,274,1
2440000,https://www.yad2.co.il/realestate/item/tel-aviv-area/d9r6yy56,65,3.0,25,0.039344,תל אביב יפו,"צהלון, שיכוני חסכון",אלברט קיוסו 11,32.049225,34.754804,2026-09-10T17:46:13+00:00,2026-01-08 07:58:05,,,8000,https://www.yad2.co.il/realestate/item/tel-aviv-area/g139um55,393,4
1950000,https://www.yad2.co.il/realestate/item/center-and-sharon/23ww9coo,84,3.5,15,0.039323,פתח תקווה,לב המושבה / מרכז העיר,איכילוב,32.0862243,34.8843031,2026-09-10T14:34:12+00:00,2026-05-28 11:37:25,,,6390,https://www.yad2.co.il/realestate/item/center-and-sharon/rcvy40i3,492,1
2060000,https://www.yad2.co.il/realestate/item/center-and-sharon/suycpsja,93,4.0,15,0.03932,פתח תקווה,,הרב קטרוני,32.081773,34.889972,2026-09-10T14:36:05+00:00,2025-07-31 10:18:36,,,6750,https://www.yad2.co.il/realestate/item/center-and-sharon/4fftoqwe,566,5
2290000,https://www.yad2.co.il/realestate/item/tel-aviv-area/jmx8cl9g,77,4.0,40,0.039301,רמת גן,נגבה,"הרא""ה 221",32.07044,34.824296,2026-09-11T06:06:28+00:00,2026-05-23 21:24:12,,,7500,https://www.yad2.co.il/realestate/item/tel-aviv-area/8aj0n7s0,198,4
2200000,https://www.yad2.co.il/realestate/item/tel-aviv-area/r4jugcae,72,3.0,55,0.039273,רמת גן,"שכונת בן גוריון, מרכז העיר ג'",מבוא זאב 5,32.0886659,34.8175545,2026-09-11T06:05:00+00:00,2026-09-06 09:55:13,,,7200,https://www.yad2.co.il/realestate/item/tel-aviv-area/njndng7w,524,8
2140000,https://www.yad2.co.il/realestate/item/tel-aviv-area/o1ru9fic,90,2.0,40,0.039252,תל אביב יפו,"צפון יפו, המושבה האמריקאית-גרמנית",,32.052493,34.7620775,2026-09-10T17:43:36+00:00,2026-07-23 17:59:52,220,,7000,https://www.yad2.co.il/realestate/item/tel-aviv-area/90tqab56,493,1
2050000,https://www.yad2.co.il/realestate/item/tel-aviv-area/4bfpanup,50,2.0,25,0.03922,תל אביב יפו,נווה שאנן,איגר עקיבא 8,32.058348,34.7797947,2026-09-10T17:42:50+00:00,2026-08-26 11:26:36,,,6700,https://www.yad2.co.il/realestate/item/tel-aviv-area/mhgu134o,483,4
2050000,https://www.yad2.co.il/realestate/item/tel-aviv-area/laxs5hej,60,2.5,0,0.03922,רמת גן,רמת עמידר,ההגנה,32.069327,34.8347992,2026-09-11T06:02:07+00:00,2026-09-01 14:01:43,,,6700,https://www.yad2.co.il/realestate/item/tel-aviv-area/lnzmgtch,380,1
1990000,https://www.yad2.co.il/realestate/item/center-and-sharon/9mqvu8xh,78,3.0,0,0.039196,פתח תקווה,מחנה יהודה,"חב""ד",32.0794439,34.8969658,2026-09-10T14:34:56+00:00,2026-07-22 17:39:30,,,6500,https://www.yad2.co.il/realestate/item/center-and-sharon/mu5fecv6,314,1
1990000,https://www.yad2.co.il/realestate/item/tel-aviv-area/9nry00c4,58,2.0,25,0.039196,תל אביב יפו,שפירא,שדרות חכמי ישראל 25,32.0512017,34.7753437,2026-09-10T17:42:27+00:00,2026-02-18 11:16:11,,,6500,https://www.yad2.co.il/realestate/item/tel-aviv-area/6f43bwuc,420,5
1990000,https://www.yad2.co.il/realestate/item/tel-aviv-area/b2atmbgt,47,2.0,70,0.039196,גבעתיים,שינקין,כצנלסון 90,32.0772285,34.8140494,2026-09-10T14:00:06+00:00,2026-08-06 23:59:10,382,,6500,https://www.yad2.co.il/realestate/item/tel-aviv-area/8fbxyepd,518,1
1990000,https://www.yad2.co.il/realestate/item/tel-aviv-area/btitqs7q,48,2.0,25,0.039196,גבעתיים,שינקין,שיינקין,32.074032,34.8100563,2026-09-10T19:21:42+00:00,2025-03-31 16:49:05,,,6500,https://www.yad2.co.il/realestate/item/tel-aviv-area/8fbxyepd,0,1
1990000,https://www.yad2.co.il/realestate/item/center-and-sharon/kq65gpkc,95,4.0,0,0.039196,פתח תקווה,רמת ורבר,בורוכוב 14,32.0865222,34.8763557,2026-09-10T14:34:56+00:00,2026-06-11 23:20:47,,,6500,https://www.yad2.co.il/realestate/item/center-and-sharon/oec4i11o,0,1
1990000,https://www.yad2.co.il/realestate/item/tel-aviv-area/mey3nirb,65,3.0,40,0.039196,תל אביב יפו,שפירא,האסיף 18,32.048616,34.783432,2026-09-10T17:42:27+00:00,2026-06-17 09:41:17,,,6500,https://www.yad2.co.il/realestate/item/tel-aviv-area/nrqwlk2z,371,1
1990000,https://www.yad2.co.il/realestate/item/tel-aviv-area/q3u5xikz,75,3.5,70,0.039196,תל אביב יפו,ניר אביב,ליבנה 6,32.048033,34.8115181,2026-09-10T17:42:27+00:00,2026-04-06 14:30:02,,,6500,https://www.yad2.co.il/realestate/item/tel-aviv-area/lqrxjnlj,472,3
1990000,https://www.yad2.co.il/realestate/item/tel-aviv-area/x6zovnlr,69,3.0,25,0.039196,תל אביב יפו,"צהלון, שיכוני חסכון",שבטי ישראל,32.0444773,34.7538042,2026-09-10T17:42:27+00:00,2025-02-16 16:20:42,,,6500,https://www.yad2.co.il/realestate/item/tel-aviv-area/oyq8z6jp,570,1
2450000,https://www.yad2.co.il/realestate/item/center-and-sharon/94kd11u2,120,4,25,0.039184,פתח תקווה,עמישב,שלום צלח 9,32.0749397,34.9104553,2026-09-10T17:00:25+00:00,,,,8000,https://www.yad2.co.il/realestate/item/center-and-sharon/jirnikrh,233,1
2450000,https://www.yad2.co.il/realestate/item/center-and-sharon/djpnakna,160,4.0,25,0.039184,פתח תקווה,,יוסף שפרינצק,32.071846,34.892341,2026-09-10T17:00:25+00:00,2026-08-21 09:51:47,301,,8000,https://www.yad2.co.il/realestate/item/center-and-sharon/4c6w8ykh,482,2
1900000,https://www.yad2.co.il/realestate/item/tel-aviv-area/bbbsfwba,65,3.0,15,0.039158,תל אביב יפו,ניר אביב,צלילי חנינא 3,32.0477941,34.8121579,2026-09-10T17:41:41+00:00,2026-08-20 11:48:30,,,6200,https://www.yad2.co.il/realestate/item/tel-aviv-area/wxcpz0qa,210,2
1870000,https://www.yad2.co.il/realestate/item/center-and-sharon/6iu8yfs4,75,3.0,25,0.039144,בני ברק,קרית הרצוג,,32.0873899,34.8324376,2026-09-10T13:56:53+00:00,2026-05-07 18:39:18,,,6100,https://www.yad2.co.il/realestate/item/center-and-sharon/dxxgn592,482,1
1840000,https://www.yad2.co.il/realestate/item/center-and-sharon/fs8ad67u,85,3.0,25,0.03913,בני ברק,הר שלום,סמטת רחל,32.0848964,34.827605,2026-09-10T13:56:53+00:00,2026-09-01 15:23:16,,,6000,https://www.yad2.co.il/realestate/item/tel-aviv-area/1m6chmgc,274,3
2300000,https://www.yad2.co.il/realestate/item/center-and-sharon/v9o2puu8,90,4.0,0,0.03913,בני ברק,גבעת רוקח,רבנו אשר,32.0893751,34.8280345,2026-09-10T13:59:03+00:00,2025-06-22 01:40:50,,,7500,https://www.yad2.co.il/realestate/item/center-and-sharon/a0pjwa8c,470,8
1995000,https://www.yad2.co.il/realestate/item/tel-aviv-area/ke67fywu,70,4.0,55,0.039098,תל אביב יפו,ניר אביב,ליבנה 6,32.048033,34.8115181,2026-09-10T17:42:27+00:00,2025-02-10 23:28:16,,,6500,https://www.yad2.co.il/realestate/item/tel-aviv-area/lqrxjnlj,472,3
2150000,https://www.yad2.co.il/realestate/item/tel-aviv-area/fxw3caqe,40,2.0,25,0.03907,תל אביב יפו,"לב תל אביב, לב העיר צפון",,32.0852997,34.7818064,2026-09-10T17:43:36+00:00,2025-07-15 18:32:52,,,7000,https://www.yad2.co.il/realestate/item/tel-aviv-area/orj3j25l,0,4
2150000,https://www.yad2.co.il/realestate/item/center-and-sharon/il4ogglw,93,3.5,0,0.03907,פתח תקווה,,יהודה הלוי,32.0885053,34.8897141,2026-09-10T14:36:57+00:00,2026-08-22 22:41:32,,,7000,https://www.yad2.co.il/realestate/item/center-and-sharon/8edpnode,486,3
2150000,https://www.yad2.co.il/realestate/item/tel-aviv-area/j2t1z6et,76,3.0,0,0.03907,תל אביב יפו,לבנה,בושם 8,32.044519,34.808227,2026-09-10T17:43:36+00:00,2026-04-26 10:21:06,,,7000,https://www.yad2.co.il/realestate/item/tel-aviv-area/5vbsy07l,554,2
2090000,https://www.yad2.co.il/realestate/item/tel-aviv-area/6bwnmvj3,85,4.0,70,0.039043,תל אביב יפו,"נווה עופר, תל כביר",מנחם ארבר,32.0430002,34.7671703,2026-09-10T17:43:14+00:00,2026-06-30 16:51:26,,,6800,https://www.yad2.co.il/realestate/item/tel-aviv-area/vu0z7rjz,477,4
2090000,https://www.yad2.co.il/realestate/item/center-and-sharon/djh04ksb,99,3.5,15,0.039043,פתח תקווה,המרכז השקט / מרכז העיר,רוטשילד 125,32.0759351,34.88563,2026-09-10T14:36:05+00:00,2026-07-13 18:13:12,,,6800,https://www.yad2.co.il/realestate/item/center-and-sharon/rf1vnvm0,583,3
2090000,https://www.yad2.co.il/realestate/item/center-and-sharon/gzp16yhb,110,4.0,15,0.039043,פתח תקווה,המרכז השקט / מרכז העיר,אליעזר בן יהודה,32.0815018,34.8819111,2026-09-10T14:36:05+00:00,2026-06-17 10:11:26,,,6800,https://www.yad2.co.il/realestate/item/center-and-sharon/rf1vnvm0,178,2
2090000,https://www.yad2.co.il/realestate/item/center-and-sharon/qhmlvg61,110,4.0,15,0.039043,פתח תקווה,המרכז השקט / מרכז העיר,אליעזר בן יהודה,32.0815018,34.8819111,2026-09-10T14:36:05+00:00,2026-08-19 12:27:04,,,6800,https://www.yad2.co.il/realestate/item/center-and-sharon/rf1vnvm0,178,2
2090000,https://www.yad2.co.il/realestate/item/center-and-sharon/zi0w24g6,112,4.0,15,0.039043,פתח תקווה,,רוטשילד 127,32.0759351,34.88563,2026-09-10T14:36:37+00:00,2026-09-08 09:58:56,,,6800,https://www.yad2.co.il/realestate/item/center-and-sharon/rf1vnvm0,583,3
2290000,https://www.yad2.co.il/realestate/item/tel-aviv-area/4ur4a2d8,90,4.0,15,0.039039,תל אביב יפו,"נווה ברבור, כפר שלם מערב",דרך ההגנה 150,32.053361,34.802179,2026-09-10T17:44:43+00:00,2026-07-30 18:30:54,,,7450,https://www.yad2.co.il/realestate/item/tel-aviv-area/mto1z57o,0,1
2290000,https://www.yad2.co.il/realestate/item/tel-aviv-area/86ee6vd5,92,4.0,15,0.039039,תל אביב יפו,"נווה ברבור, כפר שלם מערב",דרך ההגנה 132,32.053361,34.802179,2026-09-10T17:44:43+00:00,2026-04-19 15:34:26,,,7450,https://www.yad2.co.il/realestate/item/tel-aviv-area/mto1z57o,0,1
1999000,https://www.yad2.co.il/realestate/item/center-and-sharon/77wk86fa,100,4.0,0,0.03902,פתח תקווה,המרכז השקט / מרכז העיר,הרמן צבי שפירא,32.0820064,34.8862659,2026-09-10T16:57:55+00:00,2026-05-19 18:04:06,,,6500,https://www.yad2.co.il/realestate/item/center-and-sharon/gbkpl94n,301,1
2000000,https://www.yad2.co.il/realestate/item/center-and-sharon/a8yhzspw,83,3.0,25,0.039,בני ברק,הר שלום,טבריה,32.0868094,34.8240754,2026-09-10T13:57:37+00:00,2026-08-14 13:55:01,,,6500,https://www.yad2.co.il/realestate/item/tel-aviv-area/cepetr48,584,1
2000000,https://www.yad2.co.il/realestate/item/center-and-sharon/h9cmil2z,90,3.0,0,0.039,פתח תקווה,מחנה יהודה,יחיאל מיכל פינס,32.0808793,34.8932135,2026-09-10T14:35:20+00:00,2026-08-28 10:32:31,,,6500,https://www.yad2.co.il/realestate/item/center-and-sharon/mu5fecv6,495,1
2000000,https://www.yad2.co.il/realestate/item/center-and-sharon/p7rcb7kn,50,3.0,70,0.039,פתח תקווה,המרכז השקט / מרכז העיר,הרב קטרוני,32.083896,34.889165,2026-09-10T14:03:39+00:00,2026-04-23 04:44:03,,,6500,https://www.yad2.co.il/realestate/item/center-and-sharon/kxppdw08,523,1
2340000,https://www.yad2.co.il/realestate/item/tel-aviv-area/lr1lhlbn,59,2.0,70,0.038974,תל אביב יפו,"גבעת הרצל, אזור המלאכה יפו",דרך שלמה 94,32.054759,34.773991,2026-09-10T17:45:05+00:00,2026-09-07 17:09:46,,,7600,https://www.yad2.co.il/realestate/item/tel-aviv-area/rj8r1t31,581,13
2250000,https://www.yad2.co.il/realestate/item/tel-aviv-area/gzcgo18k,80,4.0,15,0.038933,תל אביב יפו,,מחרוזת 8,32.033604,34.753137,2026-09-10T17:44:21+00:00,2026-05-11 22:49:47,,,7300,https://www.yad2.co.il/realestate/item/tel-aviv-area/thdeinnm,267,1
1850000,https://www.yad2.co.il/realestate/item/center-and-sharon/1qgs9zoi,63,2.5,25,0.038919,בני ברק,הר שלום,טבריה 28,32.0868094,34.8240754,2026-09-10T13:56:53+00:00,2026-07-24 12:53:01,,,6000,https://www.yad2.co.il/realestate/item/tel-aviv-area/1m6chmgc,334,2
1850000,https://www.yad2.co.il/realestate/item/center-and-sharon/2q812xoz,74,3.5,0,0.038919,פתח תקווה,,הענבל,32.0769155,34.9084869,2026-09-10T14:03:39+00:00,2026-03-11 18:38:59,,,6000,https://www.yad2.co.il/realestate/item/center-and-sharon/rk16jf6k,477,1
1850000,https://www.yad2.co.il/realestate/item/center-and-sharon/mgt0r48l,65,3.0,25,0.038919,בני ברק,,רבי עקיבא 31,32.0861981,34.830705,2026-09-10T13:56:53+00:00,2025-11-26 15:45:44,,,6000,https://www.yad2.co.il/realestate/item/center-and-sharon/1kidzi9k,575,2
1850000,https://www.yad2.co.il/realestate/item/center-and-sharon/pol0zl76,66,3.0,25,0.038919,בני ברק,הר שלום,יחזקאל 1,32.0878225,34.8263486,2026-09-10T13:56:53+00:00,2026-06-30 09:50:12,,,6000,https://www.yad2.co.il/realestate/item/tel-aviv-area/1m6chmgc,456,2
1850000,https://www.yad2.co.il/realestate/item/tel-aviv-area/rzzglmoy,54,2.5,40,0.038919,תל אביב יפו,"צהלון, שיכוני חסכון","שדרות הבעש""ט",32.0380001,34.7550056,2026-09-10T17:41:18+00:00,2025-07-31 16:38:17,,,6000,https://www.yad2.co.il/realestate/item/tel-aviv-area/vjbbhbmc,514,1
1850000,https://www.yad2.co.il/realestate/item/tel-aviv-area/sivdoicl,75,3.0,55,0.038919,רמת גן,חרוזים,ביאליק,32.0883795,34.804138,2026-09-10T19:22:30+00:00,2026-02-20 08:48:06,,,6000,https://www.yad2.co.il/realestate/item/tel-aviv-area/2q5wubna,407,2
1850000,https://www.yad2.co.il/realestate/item/tel-aviv-area/sk6tbor2,53,2.5,40,0.038919,תל אביב יפו,שפירא,לוינסקי 138,32.0554636,34.7825146,2026-09-10T17:41:18+00:00,2026-09-01 14:48:30,,,6000,https://www.yad2.co.il/realestate/item/tel-aviv-area/b0pioy5c,359,1
2130000,https://www.yad2.co.il/realestate/item/center-and-sharon/0yixtmx2,86,4.0,0,0.038873,פתח תקווה,לב המושבה / מרכז העיר,המכבים,32.0945445,34.8899098,2026-09-10T14:36:57+00:00,2026-03-23 21:16:14,,,6900,https://www.yad2.co.il/realestate/item/center-and-sharon/zer4ga5w,517,2
2130000,https://www.yad2.co.il/realestate/item/center-and-sharon/tk80tfbp,90,4.5,0,0.038873,פתח תקווה,שיפר,השופט ברנדייס,32.097719,34.8907485,2026-09-10T14:34:34+00:00,2026-06-22 18:29:47,,,6900,https://www.yad2.co.il/realestate/item/center-and-sharon/zer4ga5w,348,2
2100000,https://www.yad2.co.il/realestate/item/center-and-sharon/i7ibhco0,115,4.0,55,0.038857,פתח תקווה,לב המושבה / מרכז העיר,יהושע שטמפפר 24,32.0911439,34.887369,2026-09-10T14:36:37+00:00,2026-08-27 14:15:53,,,6800,https://www.yad2.co.il/realestate/item/center-and-sharon/14n8cy07,0,2
2100000,https://www.yad2.co.il/realestate/item/center-and-sharon/op4ihu5v,95,4.0,0,0.038857,פתח תקווה,,,32.0877639,34.8859985,2026-09-10T14:36:37+00:00,2026-03-19 11:30:17,,,6800,https://www.yad2.co.il/realestate/item/center-and-sharon/cskktuuk,427,1
2350000,https://www.yad2.co.il/realestate/item/tel-aviv-area/b8zvs159,52,3.0,0,0.038809,רמת גן,,בועז,32.0801795,34.8070506,2026-09-11T06:07:32+00:00,2026-08-13 10:58:29,,,7600,https://www.yad2.co.il/realestate/item/tel-aviv-area/couaqpqv,0,1
2350000,https://www.yad2.co.il/realestate/item/center-and-sharon/fowgbpz2,75,3.0,0,0.038809,בני ברק,הר שלום,רבי יהושע 19,32.0856515,34.8282682,2026-09-10T13:59:03+00:00,2026-08-02 14:09:51,,,7600,https://www.yad2.co.il/realestate/item/tel-aviv-area/txtnbm36,466,3
2350000,https://www.yad2.co.il/realestate/item/tel-aviv-area/ph1jmi64,70,3.0,100,0.038809,תל אביב יפו,,דרך ההגנה 148,32.0568286,34.8037066,2026-09-10T17:45:29+00:00,2026-06-02 21:38:46,,,7600,https://www.yad2.co.il/realestate/item/tel-aviv-area/nmtbtpy5,577,3
2320000,https://www.yad2.co.il/realestate/item/center-and-sharon/h2ruueom,90,4.0,25,0.038793,בני ברק,הר שלום,הרב הרצוג,32.0848964,34.827605,2026-09-10T13:59:03+00:00,2025-12-15 15:02:41,,,7500,https://www.yad2.co.il/realestate/item/center-and-sharon/wpkmm1pr,533,3
2090000,https://www.yad2.co.il/realestate/item/center-and-sharon/0obpqptw,97,4.0,15,0.038756,פתח תקווה,מחנה יהודה,גלין,32.0846016,34.8955351,2026-09-10T14:36:05+00:00,2026-04-28 14:05:29,,,6750,https://www.yad2.co.il/realestate/item/center-and-sharon/4fftoqwe,344,11
1860000,https://www.yad2.co.il/realestate/item/center-and-sharon/s0r7jbvw,85,3.0,0,0.03871,פתח תקווה,הדר גנים,הרב פינצי 6,32.075991,34.9057036,2026-09-10T14:33:27+00:00,2026-08-13 23:01:23,632,,6000,https://www.yad2.co.il/realestate/item/center-and-sharon/rk16jf6k,274,1
2450000,https://www.yad2.co.il/realestate/item/tel-aviv-area/g4our7v3,65,2.0,15,0.038694,רמת גן,בורסה,זיסמן שלום,32.0841454,34.8002927,2026-09-11T06:10:36+00:00,2026-02-22 14:39:28,,,7900,https://www.yad2.co.il/realestate/item/tel-aviv-area/qrwtgc16,399,6
2080000,https://www.yad2.co.il/realestate/item/tel-aviv-area/ez5gexxy,62,2.5,40,0.038654,גבעתיים,שינקין,שיינקין,32.074032,34.8100563,2026-09-10T19:21:42+00:00,2025-11-25 17:36:47,,,6700,https://www.yad2.co.il/realestate/item/tel-aviv-area/sxgp586k,422,9
2050000,https://www.yad2.co.il/realestate/item/center-and-sharon/bzb830fg,97,4.0,15,0.038634,פתח תקווה,לב המושבה / מרכז העיר,"ביל""ו",32.0871772,34.8805872,2026-09-10T14:35:43+00:00,2026-05-05 10:47:13,,,6600,https://www.yad2.co.il/realestate/item/center-and-sharon/hxusscze,536,3
2020000,https://www.yad2.co.il/realestate/item/center-and-sharon/slijtnxl,93,3.0,0,0.038614,פתח תקווה,המרכז השקט / מרכז העיר,סלומון,32.084652,34.8812147,2026-09-10T14:35:20+00:00,2026-08-13 17:16:04,,,6500,https://www.yad2.co.il/realestate/item/center-and-sharon/uvvjsaqt,584,1
2100000,https://www.yad2.co.il/realestate/item/center-and-sharon/cm84vr96,100,4.0,15,0.038571,פתח תקווה,המרכז השקט / מרכז העיר,הרצל 40,32.0857515,34.892346,2026-09-10T14:36:37+00:00,2025-12-24 16:13:35,,,6750,https://www.yad2.co.il/realestate/item/center-and-sharon/4fftoqwe,71,12
2100000,https://www.yad2.co.il/realestate/item/center-and-sharon/o7s3licm,95,4.0,15,0.038571,פתח תקווה,עין גנים,הלפרין 5,32.0861291,34.894773,2026-09-10T14:36:37+00:00,2026-07-14 11:33:48,,,6750,https://www.yad2.co.il/realestate/item/center-and-sharon/4fftoqwe,212,11
2490000,https://www.yad2.co.il/realestate/item/tel-aviv-area/2zojno8l,90,3.5,25,0.038554,רמת גן,נגבה,,32.0700135,34.8306576,2026-09-11T06:11:19+00:00,2026-07-28 12:45:12,,,8000,https://www.yad2.co.il/realestate/item/tel-aviv-area/37nfrjhv,582,2
2490000,https://www.yad2.co.il/realestate/item/tel-aviv-area/up6x4omk,90,4.0,15,0.038554,רמת גן,"נווה רם, שיכון מזרחי",פרופס 9,32.0667767,34.8293641,2026-09-11T06:12:02+00:00,2026-08-29 19:35:51,,,8000,https://www.yad2.co.il/realestate/item/tel-aviv-area/an8mcj1c,469,10
2490000,https://www.yad2.co.il/realestate/item/tel-aviv-area/xh580dfr,103,4.0,15,0.038554,רמת גן,"נווה רם, שיכון מזרחי",אבן עזרא,32.0692729,34.8313519,2026-09-11T06:12:02+00:00,2026-09-10 09:33:29,,,8000,https://www.yad2.co.il/realestate/item/tel-aviv-area/9ms6qj70,173,13
1930000,https://www.yad2.co.il/realestate/item/center-and-sharon/p7u32jaj,84,3.0,0,0.038549,פתח תקווה,,הרב פינצי,32.0877639,34.8859985,2026-09-10T14:34:12+00:00,2026-07-09 19:26:13,,,6200,https://www.yad2.co.il/realestate/item/center-and-sharon/z8i4k6z0,560,2
1990000,https://www.yad2.co.il/realestate/item/center-and-sharon/z0l35k4f,88,3.0,15,0.038533,פתח תקווה,,,32.0877639,34.8859985,2026-09-10T14:03:15+00:00,2026-06-21 07:02:04,,,6390,https://www.yad2.co.il/realestate/item/center-and-sharon/rcvy40i3,290,1
2180000,https://www.yad2.co.il/realestate/item/tel-aviv-area/90k1iuwb,86,3.0,15,0.038532,רמת גן,"נווה רם, שיכון מזרחי",ישורון,32.0682837,34.830094,2026-09-11T06:03:56+00:00,2026-07-23 13:37:47,,,7000,https://www.yad2.co.il/realestate/item/tel-aviv-area/ipmb2jxi,512,5
2180000,https://www.yad2.co.il/realestate/item/center-and-sharon/hqygzx6y,90,4.0,25,0.038532,בני ברק,"הפועל המזרחי ג', שיכון ג'",א.ד. גורדון,32.0873899,34.8324376,2026-09-10T13:58:20+00:00,2026-08-18 20:23:00,146,,7000,https://www.yad2.co.il/realestate/item/center-and-sharon/airpfwg1,0,2
2180000,https://www.yad2.co.il/realestate/item/center-and-sharon/m4iavezo,80,3.5,0,0.038532,פתח תקווה,קרית הרב סלומון,"הגר""א",32.0977974,34.8976943,2026-09-10T16:57:29+00:00,2025-11-17 16:44:23,,,7000,https://www.yad2.co.il/realestate/item/center-and-sharon/ae0xxa2k,453,4
2180000,https://www.yad2.co.il/realestate/item/tel-aviv-area/tmz6k8x2,87,3.0,70,0.038532,רמת גן,"נווה רם, שיכון מזרחי",תפארת ישראל,32.0675567,34.8292565,2026-09-11T06:04:17+00:00,2026-08-02 12:56:09,,,7000,https://www.yad2.co.il/realestate/item/tel-aviv-area/ipmb2jxi,449,4
1900000,https://www.yad2.co.il/realestate/item/center-and-sharon/acriwlga,75,3.0,25,0.038526,בני ברק,הר שלום,רבי עקיבא,32.0859623,34.8327316,2026-09-10T13:56:53+00:00,2026-08-19 18:58:46,,,6100,https://www.yad2.co.il/realestate/item/center-and-sharon/dxxgn592,437,1
1900000,https://www.yad2.co.il/realestate/item/center-and-sharon/uo5ajgeo,70,3,25,0.038526,בני ברק,,"חיד""א 27",32.0914898,34.8375913,2026-09-10T13:57:15+00:00,,,,6100,https://www.yad2.co.il/realestate/item/center-and-sharon/dxxgn592,588,1
2430000,https://www.yad2.co.il/realestate/item/tel-aviv-area/7hcygr9n,86,3.0,0,0.038519,רמת גן,עליות,"הרא""ה",32.0787796,34.825397,2026-09-11T06:10:14+00:00,2026-09-03 10:50:21,,,7800,https://www.yad2.co.il/realestate/item/tel-aviv-area/vo4ogtvq,81,7
2430000,https://www.yad2.co.il/realestate/item/tel-aviv-area/qcydpbzr,83,3.0,100,0.038519,רמת גן,יד לבנים,קרסקי,32.0786971,34.8238553,2026-09-11T06:10:14+00:00,2026-08-05 14:36:54,,,7800,https://www.yad2.co.il/realestate/item/tel-aviv-area/vo4ogtvq,219,7
2150000,https://www.yad2.co.il/realestate/item/center-and-sharon/30vvlkrn,110,4.0,15,0.038512,פתח תקווה,לב המושבה / מרכז העיר,ארתור רופין,32.0913857,34.8787314,2026-09-10T14:36:57+00:00,2025-08-15 13:34:51,,,6900,https://www.yad2.co.il/realestate/item/center-and-sharon/5qgo6rh5,316,7
2150000,https://www.yad2.co.il/realestate/item/center-and-sharon/tuiy19yl,110,4.0,15,0.038512,פתח תקווה,לב המושבה / מרכז העיר,ארתור רופין,32.0913857,34.8787314,2026-09-10T14:36:57+00:00,2025-10-29 19:21:58,,,6900,https://www.yad2.co.il/realestate/item/center-and-sharon/5qgo6rh5,316,7
2150000,https://www.yad2.co.il/realestate/item/tel-aviv-area/ugxlyxgv,70,2.5,40,0.038512,רמת גן,"שכונת חשמונאים, מרכז העיר א",ארלוזורוב,32.0808285,34.8120596,2026-09-11T06:03:34+00:00,2026-01-11 16:36:34,,,6900,https://www.yad2.co.il/realestate/item/tel-aviv-area/9ciaki0a,129,11
2150000,https://www.yad2.co.il/realestate/item/center-and-sharon/w7d2hl4z,110,4.0,15,0.038512,פתח תקווה,לב המושבה / מרכז העיר,ארתור רופין,32.0913857,34.8787314,2026-09-10T14:36:57+00:00,2025-07-30 14:45:02,,,6900,https://www.yad2.co.il/realestate/item/center-and-sharon/5qgo6rh5,316,7
2150000,https://www.yad2.co.il/realestate/item/tel-aviv-area/xarv7c5p,70,2.5,40,0.038512,רמת גן,"שכונת חשמונאים, מרכז העיר א",ארלוזורוב 45,32.0808285,34.8120596,2026-09-11T06:03:56+00:00,2026-05-01 14:41:40,,,6900,https://www.yad2.co.il/realestate/item/tel-aviv-area/9ciaki0a,129,11
1870000,https://www.yad2.co.il/realestate/item/center-and-sharon/0hxwayn1,66,3.0,25,0.038503,בני ברק,הר שלום,יחזקאל,32.0878225,34.8263486,2026-09-10T13:56:53+00:00,2026-05-26 01:31:50,,,6000,https://www.yad2.co.il/realestate/item/tel-aviv-area/1m6chmgc,456,2
1870000,https://www.yad2.co.il/realestate/item/tel-aviv-area/a04dpqad,52,2.0,100,0.038503,רמת גן,יד לבנים,עוזיאל 14,32.0744511,34.8231268,2026-09-10T19:22:51+00:00,2025-07-22 21:28:58,,,6000,https://www.yad2.co.il/realestate/item/tel-aviv-area/qau32qb7,552,1
1870000,https://www.yad2.co.il/realestate/item/tel-aviv-area/sgahkua8,58,2.0,70,0.038503,רמת גן,"שכונת יהלום, מרכז העיר ב",האשל 20,32.0825704,34.8182505,2026-09-10T19:22:51+00:00,2025-12-10 12:05:45,,,6000,https://www.yad2.co.il/realestate/item/tel-aviv-area/bgw5bwno,259,1
2120000,https://www.yad2.co.il/realestate/item/center-and-sharon/mppzjmch,105,4.0,70,0.038491,פתח תקווה,,,32.0877639,34.8859985,2026-09-10T14:36:57+00:00,2025-11-26 10:42:30,,,6800,https://www.yad2.co.il/realestate/item/center-and-sharon/cskktuuk,427,2
2370000,https://www.yad2.co.il/realestate/item/center-and-sharon/9gyfdoz2,100,3.5,10,0.038481,קרית אונו,,,32.0581072,34.8580937,2026-09-10T17:01:45+00:00,2026-08-17T17:31:18,,,7600,https://www.yad2.co.il/realestate/item/center-and-sharon/dsnth5tc,484,14
2030000,https://www.yad2.co.il/realestate/item/center-and-sharon/r6r1uf5w,90,4.0,0,0.038424,פתח תקווה,תקומה / קרית חזני,הרב עוזיאל,32.0929377,34.8987463,2026-09-10T14:35:43+00:00,2026-02-16 17:23:22,,,6500,https://www.yad2.co.il/realestate/item/center-and-sharon/2ge2nhv3,571,1
2250000,https://www.yad2.co.il/realestate/item/tel-aviv-area/2amfvi23,85,3.0,40,0.0384,רמת גן,חרוזים,ביאליק,32.0883795,34.804138,2026-09-11T06:05:21+00:00,2026-04-28 18:50:27,,,7200,https://www.yad2.co.il/realestate/item/tel-aviv-area/uk9k1axd,214,2
1875000,https://www.yad2.co.il/realestate/item/center-and-sharon/647j84lg,87,4.0,55,0.0384,פתח תקווה,מחנה יהודה,אברהם טביב 25,32.0792456,34.8925047,2026-09-10T14:33:27+00:00,2026-07-07 10:54:25,,,6000,https://www.yad2.co.il/realestate/item/center-and-sharon/fy8a199r,316,1
2500000,https://www.yad2.co.il/realestate/item/tel-aviv-area/dqe4pl4q,58,3.0,100,0.0384,תל אביב יפו,פלורנטין,הרב יצחק ידידיה פרנקל,32.0572049,34.769254,2026-09-10T17:46:59+00:00,2025-05-19 08:36:05,,,8000,https://www.yad2.co.il/realestate/item/tel-aviv-area/w7ex4bva,361,4
2500000,https://www.yad2.co.il/realestate/item/tel-aviv-area/ln3dvc99,100,4.0,15,0.0384,רמת גן,,מנדל מתתיהו,32.0687419,34.8332505,2026-09-11T06:12:23+00:00,2026-08-19 17:23:04,,,8000,https://www.yad2.co.il/realestate/item/tel-aviv-area/9ms6qj70,350,15
2500000,https://www.yad2.co.il/realestate/item/center-and-sharon/t9v6badb,84,4.0,55,0.0384,קרית אונו,שיכון רסקו,דרך לוי אשכול 35,32.0581072,34.8580937,2026-09-10T17:38:19+00:00,2026-08-20 14:09:07,,,8000,https://www.yad2.co.il/realestate/item/center-and-sharon/cukc1vea,398,1
2190000,https://www.yad2.co.il/realestate/item/center-and-sharon/ddeyqxco,95,4.0,0,0.038356,פתח תקווה,שיפר,יוסף ספיר,32.0973596,34.8932458,2026-09-10T16:57:55+00:00,2026-01-18 10:43:37,,,7000,https://www.yad2.co.il/realestate/item/center-and-sharon/7cp7a487,174,3
2190000,https://www.yad2.co.il/realestate/item/center-and-sharon/ifirrf90,78,3.0,0,0.038356,פתח תקווה,לב המושבה / מרכז העיר,המכבים 3,32.0945445,34.8899098,2026-09-10T16:57:55+00:00,2026-08-14 18:21:17,,,7000,https://www.yad2.co.il/realestate/item/center-and-sharon/55k35crk,0,6
2190000,https://www.yad2.co.il/realestate/item/center-and-sharon/khkd8c5g,88,3.5,15,0.038356,פתח תקווה,כפר גנים א,לוחמי הגטו,32.0811628,34.8757708,2026-09-10T16:57:55+00:00,2026-07-30 09:27:23,,,7000,https://www.yad2.co.il/realestate/item/center-and-sharon/4p1b7wa1,554,4
2190000,https://www.yad2.co.il/realestate/item/center-and-sharon/q1p9we47,101,3.5,0,0.038356,פתח תקווה,לב המושבה / מרכז העיר,,32.0871038,34.8848259,2026-09-10T16:57:55+00:00,2026-03-24 13:09:13,,,7000,https://www.yad2.co.il/realestate/item/center-and-sharon/8edpnode,0,4
2190000,https://www.yad2.co.il/realestate/item/tel-aviv-area/tl1kfr24,88,4.0,70,0.038356,תל אביב יפו,"נווה גולן, יפו ג'",פיקוס,32.0350984,34.7513801,2026-09-10T17:43:59+00:00,2026-07-05 13:30:06,,,7000,https://www.yad2.co.il/realestate/item/tel-aviv-area/qmb6d590,107,1
2190000,https://www.yad2.co.il/realestate/item/tel-aviv-area/x1rm2een,92,3.0,15,0.038356,רמת גן,"נווה יהושע, ערמונים",הירדן 83,32.0696189,34.8287456,2026-09-11T06:04:38+00:00,2026-08-17 10:32:38,,,7000,https://www.yad2.co.il/realestate/item/tel-aviv-area/ipmb2jxi,397,6
2190000,https://www.yad2.co.il/realestate/item/tel-aviv-area/x4lbvrmc,85,3.0,15,0.038356,רמת גן,"נווה רם, שיכון מזרחי",תפארת ישראל,32.0675567,34.8292565,2026-09-11T06:04:38+00:00,2026-06-16 17:05:40,,,7000,https://www.yad2.co.il/realestate/item/tel-aviv-area/ipmb2jxi,449,4
1940000,https://www.yad2.co.il/realestate/item/tel-aviv-area/wal1rpsx,70,3.0,55,0.038351,תל אביב יפו,ניר אביב,הרצפלד 8,32.0454017,34.812061,2026-09-10T17:42:04+00:00,2025-10-23 16:43:55,,,6200,https://www.yad2.co.il/realestate/item/tel-aviv-area/wxcpz0qa,393,2
2145000,https://www.yad2.co.il/realestate/item/tel-aviv-area/9ny83uf0,70,3.0,0,0.038322,תל אביב יפו,,מעפילי אגוז 66,32.0548271,34.8083226,2026-09-10T17:43:36+00:00,2026-05-20 21:56:43,,,6850,https://www.yad2.co.il/realestate/item/tel-aviv-area/t1u6xs7p,461,2
2145000,https://www.yad2.co.il/realestate/item/tel-aviv-area/ylfn5358,70,3.0,0,0.038322,תל אביב יפו,נווה חן,דרך הטייסים,32.054438,34.810845,2026-09-10T17:43:36+00:00,2026-05-20 21:44:01,,,6850,https://www.yad2.co.il/realestate/item/tel-aviv-area/t1u6xs7p,316,2
2380000,https://www.yad2.co.il/realestate/item/center-and-sharon/sk5h0aw2,103,4,55,0.038319,קרית אונו,קיראון,"צה""ל 63",32.0498237,34.8623144,2026-09-10T17:01:45+00:00,2026-03-10T15:22:22,,,7600,https://www.yad2.co.il/realestate/item/center-and-sharon/v77tnduz,313,1
2130000,https://www.yad2.co.il/realestate/item/center-and-sharon/hscupctm,120,4.5,15,0.03831,פתח תקווה,המרכז השקט / מרכז העיר,הרמן צבי שפירא,32.0820064,34.8862659,2026-09-10T14:36:57+00:00,2026-06-18 15:38:47,,,6800,https://www.yad2.co.il/realestate/item/center-and-sharon/rf1vnvm0,497,3
2099000,https://www.yad2.co.il/realestate/item/tel-aviv-area/ry8nokue,55,2.0,0,0.038304,רמת גן,עליות,,32.0784541,34.8261649,2026-09-11T06:02:51+00:00,2026-06-06 22:07:38,,,6700,https://www.yad2.co.il/realestate/item/tel-aviv-area/k9nfecqe,0,1
1880000,https://www.yad2.co.il/realestate/item/center-and-sharon/0qix2n5s,85,4.0,25,0.038298,בני ברק,פרדס כץ,,32.0952765,34.8394409,2026-09-10T13:56:53+00:00,2026-06-14 10:15:44,,,6000,https://www.yad2.co.il/realestate/item/center-and-sharon/t1flt1s4,346,1
2350000,https://www.yad2.co.il/realestate/item/center-and-sharon/1a6yp87x,100,4.0,25,0.038298,קרית אונו,קיראון,איריס 1,32.0501021,34.8618107,2026-09-10T17:01:45+00:00,2026-05-16 19:05:29,,,7500,https://www.yad2.co.il/realestate/item/center-and-sharon/uic7jdpb,351,10
1880000,https://www.yad2.co.il/realestate/item/center-and-sharon/5hy9xol0,90,3.5,70,0.038298,פתח תקווה,לב המושבה / מרכז העיר,פרופ' שור,32.0941574,34.8877781,2026-09-10T14:33:27+00:00,2026-04-28 18:45:35,,,6000,https://www.yad2.co.il/realestate/item/center-and-sharon/5ejlw859,326,1
2350000,https://www.yad2.co.il/realestate/item/tel-aviv-area/fpwmyxnd,77,2.0,40,0.038298,תל אביב יפו,"גבעת הרצל, אזור המלאכה יפו",אבולעפיה,32.0532945,34.7694371,2026-09-10T17:45:29+00:00,2026-06-15 19:16:10,,,7500,https://www.yad2.co.il/realestate/item/tel-aviv-area/6zw8brvi,314,2
2350000,https://www.yad2.co.il/realestate/item/center-and-sharon/hjduonco,110,4.0,0,0.038298,בני ברק,,,32.0873899,34.8324376,2026-09-10T13:59:03+00:00,2025-11-04 08:47:38,30,,7500,https://www.yad2.co.il/realestate/item/center-and-sharon/4zclxlk3,0,5
2350000,https://www.yad2.co.il/realestate/item/center-and-sharon/lmzoa81t,85,4.0,0,0.038298,בני ברק,"הפועל המזרחי ה', שיכון ה'",הרב יעבץ,32.0873899,34.8324376,2026-09-10T13:59:03+00:00,2026-05-20 09:33:48,,,7500,https://www.yad2.co.il/realestate/item/center-and-sharon/a0pjwa8c,0,9
1880000,https://www.yad2.co.il/realestate/item/center-and-sharon/o0k2bp5o,95,4.0,15,0.038298,פתח תקווה,המרכז השקט / מרכז העיר,חפץ חיים,32.0833052,34.8872075,2026-09-10T14:33:27+00:00,2026-08-21 10:54:26,,,6000,https://www.yad2.co.il/realestate/item/center-and-sharon/wea7id9i,222,2
1880000,https://www.yad2.co.il/realestate/item/center-and-sharon/oh1s6gv7,105,4.0,25,0.038298,פתח תקווה,עין גנים,עין גנים,32.0819149,34.8994736,2026-09-10T14:33:27+00:00,2026-08-19 22:43:58,,,6000,https://www.yad2.co.il/realestate/item/center-and-sharon/fy8a199r,412,1
1880000,https://www.yad2.co.il/realestate/item/center-and-sharon/pudvcf7x,85,3.5,25,0.038298,בני ברק,פרדס כץ,ביאליק,32.0945811,34.8367273,2026-09-10T13:56:53+00:00,2026-08-12 14:34:01,148,,6000,https://www.yad2.co.il/realestate/item/center-and-sharon/t1flt1s4,112,1
2350000,https://www.yad2.co.il/realestate/item/center-and-sharon/upkrv1fo,95,4.0,0,0.038298,בני ברק,נחלת שמעון,הרב חי טייב,32.0873899,34.8324376,2026-09-10T13:59:03+00:00,2026-07-13 09:33:04,,,7500,https://www.yad2.co.il/realestate/item/center-and-sharon/a0pjwa8c,0,9
2350000,https://www.yad2.co.il/realestate/item/center-and-sharon/vl1bvfzr,85,4.0,0,0.038298,בני ברק,,השניים,32.0873899,34.8324376,2026-09-10T13:59:03+00:00,2025-12-04 14:21:18,,,7500,https://www.yad2.co.il/realestate/item/center-and-sharon/4zclxlk3,0,1
2195000,https://www.yad2.co.il/realestate/item/center-and-sharon/4hknnkmo,105,4.0,0,0.038269,פתח תקווה,לב המושבה / מרכז העיר,"ביל""ו",32.0871772,34.8805872,2026-09-10T14:03:15+00:00,2026-09-07 15:08:20,,,7000,https://www.yad2.co.il/realestate/item/center-and-sharon/8edpnode,399,6
2195000,https://www.yad2.co.il/realestate/item/center-and-sharon/85roqh6v,100,4.0,0,0.038269,פתח תקווה,תקומה / קרית חזני,יחיאל צ'לנוב,32.0939059,34.8944483,2026-09-10T16:57:55+00:00,2025-11-02 09:37:39,,,7000,https://www.yad2.co.il/realestate/item/center-and-sharon/7cp7a487,426,3
2450000,https://www.yad2.co.il/realestate/item/tel-aviv-area/8a3vxqm0,85,3.0,0,0.038204,רמת גן,,"הרא""ה",32.0834224,34.8240766,2026-09-11T06:10:36+00:00,2026-04-21 13:58:21,,,7800,https://www.yad2.co.il/realestate/item/tel-aviv-area/vo4ogtvq,586,7
2450000,https://www.yad2.co.il/realestate/item/tel-aviv-area/ewduqcum,90,4.0,0,0.038204,תל אביב יפו,נווה חן,מעפילי אגוז 84,32.054943,34.809449,2026-09-10T17:46:13+00:00,2026-07-08 12:11:13,,,7800,https://www.yad2.co.il/realestate/item/tel-aviv-area/mu8vr0fi,249,6
2450000,https://www.yad2.co.il/realestate/item/tel-aviv-area/kke3ab0v,87,3.5,70,0.038204,רמת גן,יד לבנים,חיבת ציון 22,32.0793699,34.8199518,2026-09-11T06:10:36+00:00,2026-08-06 00:01:04,301,,7800,https://www.yad2.co.il/realestate/item/tel-aviv-area/gxva49hw,491,21
2450000,https://www.yad2.co.il/realestate/item/tel-aviv-area/qc9wetj8,80,4.0,70,0.038204,גבעתיים,שינקין,אפנר,32.0746239,34.8127793,2026-09-10T14:00:29+00:00,2026-06-06 20:47:19,,,7800,https://www.yad2.co.il/realestate/item/tel-aviv-area/gxva49hw,377,8
2200000,https://www.yad2.co.il/realestate/item/center-and-sharon/f3o820lx,114,4.0,0,0.038182,פתח תקווה,,מנחם רצון 30,32.0812517,34.8962296,2026-09-10T16:57:55+00:00,2026-07-01 09:56:03,,,7000,https://www.yad2.co.il/realestate/item/center-and-sharon/5gum4h6q,522,5
2200000,https://www.yad2.co.il/realestate/item/center-and-sharon/oulw74q3,80,3.5,0,0.038182,בני ברק,גבעת רוקח,,32.0873899,34.8324376,2026-09-10T13:58:20+00:00,2026-07-27 16:39:49,,,7000,https://www.yad2.co.il/realestate/item/center-and-sharon/nod1ni5i,0,6
1950000,https://www.yad2.co.il/realestate/item/tel-aviv-area/0fvz7pt0,65,3.0,15,0.038154,תל אביב יפו,נווה חן,"מח""ל",32.050829,34.811691,2026-09-10T17:42:04+00:00,2026-05-20 21:37:01,,,6200,https://www.yad2.co.il/realestate/item/tel-aviv-area/wxcpz0qa,298,1
2360000,https://www.yad2.co.il/realestate/item/tel-aviv-area/qk5lhtg8,70,3.0,0,0.038136,רמת גן,"שכונת יהלום, מרכז העיר ב",הרצל,32.0819823,34.8166592,2026-09-11T06:08:15+00:00,2025-11-04 19:13:05,,,7500,https://www.yad2.co.il/realestate/item/tel-aviv-area/253o4of5,530,1
1890000,https://www.yad2.co.il/realestate/item/center-and-sharon/5qw45bug,78,3.0,0,0.038095,פתח תקווה,"שיכון מפ""ם",הוברמן,32.0753587,34.8877951,2026-09-10T14:33:27+00:00,2026-05-14 16:51:22,,,6000,https://www.yad2.co.il/realestate/item/center-and-sharon/sdeiefqj,497,1
1890000,https://www.yad2.co.il/realestate/item/center-and-sharon/atggl0b8,95,3.5,25,0.038095,פתח תקווה,המרכז השקט / מרכז העיר,הרמן צבי שפירא 22,32.082972,34.8854199,2026-09-10T14:33:27+00:00,2026-06-02 15:10:19,,,6000,https://www.yad2.co.il/realestate/item/center-and-sharon/21ula1tx,463,1
1890000,https://www.yad2.co.il/realestate/item/center-and-sharon/rg6xykba,80,3.0,15,0.038095,פתח תקווה,לב המושבה / מרכז העיר,מוהליבר,32.0874338,34.8851188,2026-09-10T14:34:34+00:00,2026-07-10 14:06:42,,,6000,https://www.yad2.co.il/realestate/item/center-and-sharon/u6hiefko,598,1
2300000,https://www.yad2.co.il/realestate/item/tel-aviv-area/k8020bug,70,3.0,0,0.038087,רמת גן,יד לבנים,לוחמי סיני,32.0766639,34.8241755,2026-09-11T06:06:49+00:00,2026-05-14 12:43:38,,,7300,https://www.yad2.co.il/realestate/item/tel-aviv-area/idhtsgt0,133,4
2080000,https://www.yad2.co.il/realestate/item/tel-aviv-area/pqociz43,57,2.5,40,0.038077,גבעתיים,שינקין,כצנלסון,32.0772285,34.8140494,2026-09-10T14:00:06+00:00,2026-05-29 10:26:54,,,6600,https://www.yad2.co.il/realestate/item/tel-aviv-area/8vx3xdxd,468,7
2490000,https://www.yad2.co.il/realestate/item/center-and-sharon/am2daomo,76,3.0,40,0.038072,פתח תקווה,לב המושבה / מרכז העיר,"ביל""ו",32.0871772,34.8805872,2026-09-10T14:33:50+00:00,2026-08-26 11:03:06,,,7900,https://www.yad2.co.il/realestate/item/center-and-sharon/kd3b0nx1,514,1
2049000,https://www.yad2.co.il/realestate/item/center-and-sharon/rzlb03mh,90,4.0,55,0.038067,פתח תקווה,,"צה""ל 70",32.0826216,34.8696459,2026-09-10T14:35:43+00:00,2026-07-26 09:43:28,,,6500,https://www.yad2.co.il/realestate/item/center-and-sharon/ew05pp5s,44,1
2049000,https://www.yad2.co.il/realestate/item/center-and-sharon/tb8fwfi9,82,3.0,0,0.038067,פתח תקווה,,הנרייטה סולד,32.0765792,34.8967801,2026-09-10T14:35:43+00:00,2026-08-04 18:12:23,,,6500,https://www.yad2.co.il/realestate/item/center-and-sharon/mu5fecv6,122,2
2050000,https://www.yad2.co.il/realestate/item/center-and-sharon/2nvlusqm,92,4.0,15,0.038049,פתח תקווה,המרכז השקט / מרכז העיר,זאב ברנדה,32.0807293,34.8852882,2026-09-10T14:35:43+00:00,2026-06-29 21:06:43,,,6500,https://www.yad2.co.il/realestate/item/center-and-sharon/700v1hfq,556,4
2050000,https://www.yad2.co.il/realestate/item/tel-aviv-area/74znmqgz,63,3.0,25,0.038049,תל אביב יפו,נווה שאנן,ראש פינה,32.0582954,34.7812983,2026-09-10T17:42:50+00:00,2024-09-12 15:20:38,,,6500,https://www.yad2.co.il/realestate/item/tel-aviv-area/vuxfpshr,142,2
2050000,https://www.yad2.co.il/realestate/item/center-and-sharon/i11i5w6z,110,3.5,0,0.038049,פתח תקווה,המרכז השקט / מרכז העיר,שמואל סלנט,32.078926,34.889789,2026-09-10T14:35:43+00:00,2026-06-14 16:34:21,,,6500,https://www.yad2.co.il/realestate/item/center-and-sharon/gbkpl94n,472,2
2050000,https://www.yad2.co.il/realestate/item/tel-aviv-area/iqqulzor,63,2.5,40,0.038049,רמת גן,"שכונת בן גוריון, מרכז העיר ג'",שדרות למדן,32.0686867,34.8246812,2026-09-11T06:02:07+00:00,2026-07-23 09:11:14,,,6500,https://www.yad2.co.il/realestate/item/tel-aviv-area/p0jrmdkz,0,3
2050000,https://www.yad2.co.il/realestate/item/tel-aviv-area/kmc01okz,62,3.0,25,0.038049,תל אביב יפו,קרית שלום,רינגלבלום,32.0411111,34.7802269,2026-09-10T17:42:50+00:00,2026-06-23 13:46:35,,,6500,https://www.yad2.co.il/realestate/item/tel-aviv-area/9c8xcek1,0,7
2050000,https://www.yad2.co.il/realestate/item/tel-aviv-area/qnvqeeea,56,3.5,40,0.038049,תל אביב יפו,נווה שאנן,שדרות הר ציון,32.0554988,34.7756256,2026-09-10T17:42:50+00:00,2026-04-28 20:15:43,,,6500,https://www.yad2.co.il/realestate/item/tel-aviv-area/vuxfpshr,505,3
2050000,https://www.yad2.co.il/realestate/item/tel-aviv-area/v3ydz36r,60,3.0,70,0.038049,רמת גן,"נווה יהושע, ערמונים",,32.0686867,34.8246812,2026-09-11T06:02:07+00:00,2026-07-22 15:29:53,,,6500,https://www.yad2.co.il/realestate/item/tel-aviv-area/p0jrmdkz,0,3
2050000,https://www.yad2.co.il/realestate/item/tel-aviv-area/v7z5mwnu,80,4.0,55,0.038049,תל אביב יפו,נווה אליעזר וכפר שלם מזרח,צביה לובטקין 34,32.049012,34.8072715,2026-09-10T17:42:50+00:00,2026-08-11 10:53:32,,,6500,https://www.yad2.co.il/realestate/item/tel-aviv-area/lqrxjnlj,502,3
2495000,https://www.yad2.co.il/realestate/item/tel-aviv-area/safop62v,97,4.0,0,0.037996,רמת גן,"נווה יהושע, ערמונים",החולה,32.0623637,34.833849,2026-09-11T06:12:02+00:00,2025-09-09 12:52:48,,,7900,https://www.yad2.co.il/realestate/item/tel-aviv-area/wcr6l8tb,281,7
2180000,https://www.yad2.co.il/realestate/item/tel-aviv-area/d6ilbnf9,80,3.0,70,0.037982,רמת גן,נגבה,שלומציון,32.069252,34.8260642,2026-09-11T06:03:56+00:00,2026-02-22 14:05:03,,,6900,https://www.yad2.co.il/realestate/item/tel-aviv-area/5d2evt11,145,8
2180000,https://www.yad2.co.il/realestate/item/tel-aviv-area/orfbj8yb,68,3.0,70,0.037982,רמת גן,שכונת הראשונים,לאן,32.0825355,34.8083603,2026-09-11T06:04:17+00:00,2025-01-22 15:59:45,,,6900,https://www.yad2.co.il/realestate/item/tel-aviv-area/9ciaki0a,283,7
2150000,https://www.yad2.co.il/realestate/item/center-and-sharon/9y9tn0nz,103,4.0,15,0.037953,פתח תקווה,,,32.0877639,34.8859985,2026-09-10T14:33:50+00:00,2026-07-29 15:58:06,,,6800,https://www.yad2.co.il/realestate/item/center-and-sharon/14n8cy07,397,4
2150000,https://www.yad2.co.il/realestate/item/center-and-sharon/pw7iswvp,100,4.0,0,0.037953,פתח תקווה,כפר גנים ב,יצחק בן צבי,32.0732339,34.8859501,2026-09-10T14:36:57+00:00,2025-11-16 13:28:16,,,6800,https://www.yad2.co.il/realestate/item/center-and-sharon/7iaygaut,389,3
2150000,https://www.yad2.co.il/realestate/item/center-and-sharon/uon9ox15,93,3.5,55,0.037953,פתח תקווה,,,32.0877639,34.8859985,2026-09-10T14:02:29+00:00,2026-05-06 14:30:04,,,6800,https://www.yad2.co.il/realestate/item/center-and-sharon/14n8cy07,397,2
1899000,https://www.yad2.co.il/realestate/item/center-and-sharon/7794kvxt,75,3.0,25,0.037915,בני ברק,הר שלום,הרב הרצוג 10,32.0848964,34.827605,2026-09-10T13:56:53+00:00,2026-04-12 12:26:03,,,6000,https://www.yad2.co.il/realestate/item/tel-aviv-area/1m6chmgc,274,3
2090000,https://www.yad2.co.il/realestate/item/center-and-sharon/dp657q22,82,3.5,15,0.037895,פתח תקווה,רמת ורבר,,32.0868577,34.8736128,2026-09-10T14:36:05+00:00,2026-04-11 19:14:42,,,6600,https://www.yad2.co.il/realestate/item/center-and-sharon/hxusscze,333,2
2090000,https://www.yad2.co.il/realestate/item/tel-aviv-area/ndpla9ce,90,4.0,15,0.037889,תל אביב יפו,ניר אביב,צלילי חנינא 3,32.0477941,34.8121579,2026-09-10T17:43:14+00:00,2025-01-19 22:22:02,,,6599,https://www.yad2.co.il/realestate/item/tel-aviv-area/cpsef0ko,66,1
2440000,https://www.yad2.co.il/realestate/item/tel-aviv-area/66jcwiqi,60,2.0,25,0.037869,תל אביב יפו,הצפון החדש -החלק הצפוני,,32.0936079,34.7891218,2026-09-10T17:46:13+00:00,2026-08-09 21:31:55,189,,7700,https://www.yad2.co.il/realestate/item/tel-aviv-area/cctwqy25,261,10
2060000,https://www.yad2.co.il/realestate/item/center-and-sharon/zaeb49dc,80,3.0,0,0.037864,פתח תקווה,המרכז השקט / מרכז העיר,הרמן צבי שפירא,32.0820064,34.8862659,2026-09-10T16:59:42+00:00,2026-08-23 15:21:18,,,6500,https://www.yad2.co.il/realestate/item/center-and-sharon/uvvjsaqt,169,1
2220000,https://www.yad2.co.il/realestate/item/tel-aviv-area/j8likldn,90,4.0,55,0.037838,תל אביב יפו,"יפו ד', גבעת התמרים",מחרוזת,32.0335751,34.751653,2026-09-10T17:44:21+00:00,2025-06-24 11:14:28,,,7000,https://www.yad2.co.il/realestate/item/tel-aviv-area/9fxqu5x4,580,1
1999000,https://www.yad2.co.il/realestate/item/center-and-sharon/a8ezxjq1,119,4.5,15,0.037819,פתח תקווה,כפר גנים ב,הנשיאים,32.0782752,34.8799161,2026-09-10T14:36:37+00:00,2026-03-22 13:32:32,,,6300,https://www.yad2.co.il/realestate/item/center-and-sharon/pk43y83d,365,1
2190000,https://www.yad2.co.il/realestate/item/center-and-sharon/04jlbbus,97,4.0,15,0.037808,פתח תקווה,שיפר,הרב משה בלוי 15,32.0961353,34.8922281,2026-09-10T16:57:29+00:00,2026-09-07 11:23:39,,,6900,https://www.yad2.co.il/realestate/item/center-and-sharon/w6ab8mhy,134,2
2190000,https://www.yad2.co.il/realestate/item/tel-aviv-area/3q87ycx2,42,2.0,15,0.037808,רמת גן,בורסה,זיסמן שלום,32.0841454,34.8002927,2026-09-11T06:04:17+00:00,2025-11-25 13:53:41,,,6900,https://www.yad2.co.il/realestate/item/tel-aviv-area/7kqetvd1,101,3
2190000,https://www.yad2.co.il/realestate/item/tel-aviv-area/5ucocprs,60,2.5,70,0.037808,רמת גן,"שכונת חשמונאים, מרכז העיר א",המעגל,32.0827374,34.8129491,2026-09-11T06:04:17+00:00,2026-04-19 16:53:53,,,6900,https://www.yad2.co.il/realestate/item/tel-aviv-area/9ciaki0a,292,6
2190000,https://www.yad2.co.il/realestate/item/tel-aviv-area/92f3i9xs,70,3.0,55,0.037808,רמת גן,יד לבנים,עוזיאל 24,32.0738777,34.8231251,2026-09-11T06:04:17+00:00,2026-08-13 07:18:34,,,6900,https://www.yad2.co.il/realestate/item/tel-aviv-area/5d2evt11,596,7
2190000,https://www.yad2.co.il/realestate/item/tel-aviv-area/dskao9zi,42,2.0,15,0.037808,רמת גן,בורסה,זיסמן שלום,32.0841454,34.8002927,2026-09-11T06:04:17+00:00,2025-11-25 13:55:46,,,6900,https://www.yad2.co.il/realestate/item/tel-aviv-area/7kqetvd1,101,3
2190000,https://www.yad2.co.il/realestate/item/tel-aviv-area/kv64yory,72,3.0,70,0.037808,רמת גן,"שכונת חשמונאים, מרכז העיר א",ביאליק,32.0849863,34.8122928,2026-09-11T06:04:38+00:00,2026-09-08 13:41:00,,,6900,https://www.yad2.co.il/realestate/item/tel-aviv-area/9ciaki0a,475,12
2222222,https://www.yad2.co.il/realestate/item/center-and-sharon/we4kfwgs,140,4.0,0,0.0378,פתח תקווה,עין גנים,פרישמן,32.091458,34.8903869,2026-09-10T14:34:34+00:00,2026-09-02 15:27:37,,,7000,https://www.yad2.co.il/realestate/item/center-and-sharon/5zh17xal,304,1
2480000,https://www.yad2.co.il/realestate/item/tel-aviv-area/e0wm9nix,100,4.0,40,0.037742,גבעתיים,פועלי הרכבת,סירקין,32.0788393,34.8168037,2026-09-10T19:21:42+00:00,2026-07-26 16:15:43,,,7800,https://www.yad2.co.il/realestate/item/tel-aviv-area/gxva49hw,298,14
2099000,https://www.yad2.co.il/realestate/item/tel-aviv-area/2cq2zybm,80,3.0,55,0.037732,רמת גן,"שכונת בן גוריון, מרכז העיר ג'",שדרת התמרים,32.0894788,34.8215071,2026-09-11T06:02:51+00:00,2026-01-17 17:07:36,,,6600,https://www.yad2.co.il/realestate/item/tel-aviv-area/i7fnslkp,396,2
2290000,https://www.yad2.co.il/realestate/item/tel-aviv-area/qcr3r7jt,87,3.0,55,0.037729,רמת גן,יד לבנים,,32.0771293,34.8226476,2026-09-11T06:06:28+00:00,2025-12-15 16:54:33,,,7200,https://www.yad2.co.il/realestate/item/tel-aviv-area/e6enw549,327,15
2180000,https://www.yad2.co.il/realestate/item/tel-aviv-area/yv6j4w1p,70,3.0,0,0.037706,תל אביב יפו,,מעפילי אגוז 66,32.0548271,34.8083226,2026-09-10T17:43:36+00:00,2026-02-19 14:23:37,,,6850,https://www.yad2.co.il/realestate/item/tel-aviv-area/t1u6xs7p,461,2
1990000,https://www.yad2.co.il/realestate/item/center-and-sharon/f43e5h3a,95,3.5,15,0.037688,פתח תקווה,המרכז השקט / מרכז העיר,אחד העם 3,32.0840613,34.886523,2026-09-10T14:34:56+00:00,2026-04-03 15:50:30,,,6250,https://www.yad2.co.il/realestate/item/center-and-sharon/ypq4tgvr,580,2
2150000,https://www.yad2.co.il/realestate/item/center-and-sharon/c8ts30xf,93,4.0,70,0.037674,פתח תקווה,המרכז השקט / מרכז העיר,שבדיה,32.0863708,34.8925421,2026-09-10T14:36:57+00:00,2025-02-26 15:59:55,,,6750,https://www.yad2.co.il/realestate/item/center-and-sharon/4fftoqwe,0,11
2230000,https://www.yad2.co.il/realestate/item/center-and-sharon/392tfym5,100,4.0,0,0.037668,בני ברק,יסודות,שדרות איינשטיין,32.0873899,34.8324376,2026-09-10T13:58:20+00:00,2026-06-03 11:51:10,,,7000,https://www.yad2.co.il/realestate/item/center-and-sharon/airpfwg1,0,2
2230000,https://www.yad2.co.il/realestate/item/center-and-sharon/5g4x0xok,110,4.0,15,0.037668,פתח תקווה,כפר גנים א,דגל ראובן,32.0818299,34.8755239,2026-09-10T16:58:17+00:00,2026-04-23 10:06:13,,,7000,https://www.yad2.co.il/realestate/item/center-and-sharon/7lklznkt,206,7
2230000,https://www.yad2.co.il/realestate/item/center-and-sharon/7ctj8daq,100,4.0,15,0.037668,פתח תקווה,כפר גנים א,דגל ראובן 30,32.0820782,34.8747856,2026-09-10T16:58:17+00:00,2026-06-30 12:47:18,,,7000,https://www.yad2.co.il/realestate/item/center-and-sharon/7lklznkt,158,7
2230000,https://www.yad2.co.il/realestate/item/center-and-sharon/f4i0uq0s,118,4.0,0,0.037668,פתח תקווה,לב המושבה / מרכז העיר,רוטשילד,32.088419,34.8811436,2026-09-10T16:58:17+00:00,2026-03-01 21:06:13,,,7000,https://www.yad2.co.il/realestate/item/center-and-sharon/8edpnode,376,4
2230000,https://www.yad2.co.il/realestate/item/center-and-sharon/hvww1oyt,110,4.0,15,0.037668,פתח תקווה,כפר גנים א,דגל ראובן,32.0818299,34.8755239,2026-09-10T16:58:17+00:00,2026-05-19 17:02:45,,,7000,https://www.yad2.co.il/realestate/item/center-and-sharon/7lklznkt,206,7
2230000,https://www.yad2.co.il/realestate/item/center-and-sharon/q97kxb40,110,4.0,15,0.037668,פתח תקווה,כפר גנים א,דגל ראובן,32.0818299,34.8755239,2026-09-10T16:58:17+00:00,2026-05-19 17:00:06,,,7000,https://www.yad2.co.il/realestate/item/center-and-sharon/7lklznkt,206,7
2390000,https://www.yad2.co.il/realestate/item/tel-aviv-area/ehn3ir58,92,4.0,0,0.037657,תל אביב יפו,נווה אליעזר וכפר שלם מזרח,"מח""ל 51",32.0490898,34.8065685,2026-09-10T17:45:50+00:00,2025-11-17 12:19:33,,,7500,https://www.yad2.co.il/realestate/item/tel-aviv-area/j9a3qebw,548,2
2390000,https://www.yad2.co.il/realestate/item/center-and-sharon/hnn9pso7,100,4.5,25,0.037657,קרית אונו,קיראון,"צה""ל 103",32.0498259,34.8640235,2026-09-10T17:01:45+00:00,2026-06-04T16:55:53,,,7500,https://www.yad2.co.il/realestate/item/center-and-sharon/uic7jdpb,169,8
2390000,https://www.yad2.co.il/realestate/item/tel-aviv-area/mf00efw1,65,2.0,0,0.037657,תל אביב יפו,יד אליהו,וינגייט 1,32.0599702,34.7907114,2026-09-10T17:45:50+00:00,2026-05-05 10:42:33,,,7500,https://www.yad2.co.il/realestate/item/tel-aviv-area/9plikwr2,445,1
2390000,https://www.yad2.co.il/realestate/item/tel-aviv-area/xqtd5yob,65,2.0,0,0.037657,תל אביב יפו,יד אליהו,וינגייט 3,32.060363,34.789448,2026-09-10T17:45:50+00:00,2026-05-04 15:05:38,,,7500,https://www.yad2.co.il/realestate/item/tel-aviv-area/9plikwr2,532,1
2200000,https://www.yad2.co.il/realestate/item/tel-aviv-area/8r9v6ksd,70,4.0,40,0.037636,רמת גן,,,32.0686867,34.8246812,2026-09-11T06:04:38+00:00,2026-09-01 10:33:32,,,6900,https://www.yad2.co.il/realestate/item/tel-aviv-area/4q8mphli,0,3
2200000,https://www.yad2.co.il/realestate/item/tel-aviv-area/gx2foz8f,70,3.0,70,0.037636,רמת גן,שכונת גפן,דרך זאב ז'בוטינסקי,32.085076,34.810272,2026-09-11T06:05:00+00:00,2026-07-05 16:28:44,,,6900,https://www.yad2.co.il/realestate/item/tel-aviv-area/9ciaki0a,463,11
2200000,https://www.yad2.co.il/realestate/item/center-and-sharon/xbm7q8fb,107,4.0,15,0.037636,פתח תקווה,קרול,רוטשילד,32.0941058,34.8801536,2026-09-10T16:58:17+00:00,2025-06-11 17:16:05,,,6900,https://www.yad2.co.il/realestate/item/center-and-sharon/5qgo6rh5,27,6
2075000,https://www.yad2.co.il/realestate/item/center-and-sharon/qm317de6,120,4.0,0,0.03759,פתח תקווה,המרכז השקט / מרכז העיר,שמואל סלנט,32.078926,34.889789,2026-09-10T14:36:05+00:00,2025-09-02 09:38:24,,,6500,https://www.yad2.co.il/realestate/item/center-and-sharon/gbkpl94n,472,2
1980000,https://www.yad2.co.il/realestate/item/tel-aviv-area/7w6iuta7,60,3.0,55,0.037576,תל אביב יפו,,שדרות ששת הימים 8,32.0464093,34.8100152,2026-09-10T17:42:27+00:00,2026-08-03 19:52:43,,,6200,https://www.yad2.co.il/realestate/item/tel-aviv-area/wxcpz0qa,234,3
2300000,https://www.yad2.co.il/realestate/item/tel-aviv-area/lsouh0na,86,3.0,25,0.037565,גבעתיים,שינקין,המעלות,32.0735001,34.8168151,2026-09-10T14:00:29+00:00,2026-01-04 13:19:50,,,7200,https://www.yad2.co.il/realestate/item/tel-aviv-area/e6enw549,359,21
2300000,https://www.yad2.co.il/realestate/item/tel-aviv-area/sud7eo5a,65,2.5,25,0.037565,רמת גן,נחלת גנים,,32.0932945,34.8196188,2026-09-11T06:07:10+00:00,2026-05-21 09:02:47,,,7200,https://www.yad2.co.il/realestate/item/tel-aviv-area/njndng7w,372,2
2190000,https://www.yad2.co.il/realestate/item/tel-aviv-area/bnczrb8o,55,2.0,0,0.037534,תל אביב יפו,נווה שאנן,יסוד המעלה,32.0578114,34.7811698,2026-09-10T17:43:36+00:00,2026-09-03 13:43:51,,,6850,https://www.yad2.co.il/realestate/item/tel-aviv-area/ot8tidcw,556,3
2190000,https://www.yad2.co.il/realestate/item/center-and-sharon/gxlm0wjh,100,4.0,0,0.037534,פתח תקווה,עין גנים,,32.0878696,34.8945415,2026-09-10T16:57:55+00:00,2026-09-07 13:38:49,,,6850,https://www.yad2.co.il/realestate/item/center-and-sharon/4y0kuspl,523,2
2239000,https://www.yad2.co.il/realestate/item/center-and-sharon/lyww9vdr,90,3.5,0,0.037517,פתח תקווה,לב המושבה / מרכז העיר,,32.0871038,34.8848259,2026-09-10T16:58:17+00:00,2026-09-08 15:16:56,,,7000,https://www.yad2.co.il/realestate/item/center-and-sharon/8edpnode,0,4
2399000,https://www.yad2.co.il/realestate/item/tel-aviv-area/nf0d2oeq,70,4.0,55,0.037516,גבעתיים,שינקין,שיינקין,32.074032,34.8100563,2026-09-10T19:21:42+00:00,2024-07-07 15:48:50,,,7500,https://www.yad2.co.il/realestate/item/tel-aviv-area/ouiprkxf,508,6
2080000,https://www.yad2.co.il/realestate/item/center-and-sharon/27avt0sp,89,4.0,15,0.0375,פתח תקווה,צמרת גנים / עין גנים דרום,הצנחנים 25,32.0824272,34.8975444,2026-09-10T14:36:05+00:00,2026-08-09 21:45:35,,,6500,https://www.yad2.co.il/realestate/item/center-and-sharon/5qgy5xy2,194,5
2240000,https://www.yad2.co.il/realestate/item/center-and-sharon/8j8k2hfu,110,4.0,0,0.0375,פתח תקווה,מחנה יהודה,אורלנסקי 3,32.0798332,34.8918579,2026-09-10T16:58:17+00:00,2026-09-07 16:19:14,,,7000,https://www.yad2.co.il/realestate/item/center-and-sharon/5gum4h6q,588,3
2400000,https://www.yad2.co.il/realestate/item/center-and-sharon/94j22ju5,85,4.0,25,0.0375,בני ברק,מרכז העיר,"הרב ש""ך",32.089605,34.835764,2026-09-10T13:59:23+00:00,2026-07-05 10:41:55,,,7500,https://www.yad2.co.il/realestate/item/center-and-sharon/wpkmm1pr,399,1
2080000,https://www.yad2.co.il/realestate/item/center-and-sharon/cldvt6ov,87,3.5,0,0.0375,בני ברק,פרדס כץ,בורוכוב,32.0945304,34.838292,2026-09-10T13:57:37+00:00,2026-07-12 17:19:40,,,6500,https://www.yad2.co.il/realestate/item/center-and-sharon/sdraa8o0,357,1
1920000,https://www.yad2.co.il/realestate/item/center-and-sharon/dxk4u2n3,75,3.0,25,0.0375,בני ברק,הר שלום,אהרון דב פוקס,32.0848964,34.827605,2026-09-10T13:57:15+00:00,2026-06-03 14:06:21,,,6000,https://www.yad2.co.il/realestate/item/tel-aviv-area/1m6chmgc,274,3
2080000,https://www.yad2.co.il/realestate/item/tel-aviv-area/i3ymgxrf,62,2.0,40,0.0375,גבעתיים,שינקין,שיינקין,32.074032,34.8100563,2026-09-10T14:00:06+00:00,2026-07-16 12:54:08,,,6500,https://www.yad2.co.il/realestate/item/tel-aviv-area/8fbxyepd,0,2
1920000,https://www.yad2.co.il/realestate/item/center-and-sharon/ifq7n8y9,85,4.0,25,0.0375,בני ברק,פרדס כץ,בנימין אברהם,32.0939786,34.8402422,2026-09-10T13:57:15+00:00,2026-09-02 09:33:56,,,6000,https://www.yad2.co.il/realestate/item/center-and-sharon/t1flt1s4,442,1
2400000,https://www.yad2.co.il/realestate/item/tel-aviv-area/tbxzu42w,95,4.0,25,0.0375,רמת גן,תל יהודה,דרך בן גוריון,32.073291,34.818463,2026-09-11T06:09:52+00:00,2026-08-24 13:22:35,,,7500,https://www.yad2.co.il/realestate/item/tel-aviv-area/tisaqeyl,499,8
2080000,https://www.yad2.co.il/realestate/item/tel-aviv-area/tlyco1c6,60,2.0,70,0.0375,גבעתיים,שינקין,שיינקין,32.074032,34.8100563,2026-09-10T14:00:06+00:00,2026-08-17 12:41:05,,,6500,https://www.yad2.co.il/realestate/item/tel-aviv-area/8fbxyepd,0,2
2050000,https://www.yad2.co.il/realestate/item/center-and-sharon/2e1t5dzq,90,4.0,0,0.037463,פתח תקווה,קרול,זאב אורלוב,32.0952701,34.8889401,2026-09-10T14:35:43+00:00,2025-03-24 18:10:29,,,6400,https://www.yad2.co.il/realestate/item/center-and-sharon/b27emqi3,585,1
2050000,https://www.yad2.co.il/realestate/item/center-and-sharon/9rm1sbs2,86,4.0,0,0.037463,בני ברק,תל גיבורים,,32.0942476,34.8284279,2026-09-10T13:57:37+00:00,2026-05-11 12:49:45,,,6400,https://www.yad2.co.il/realestate/item/center-and-sharon/i1n3rp9l,124,1
2050000,https://www.yad2.co.il/realestate/item/center-and-sharon/ta0nzqpd,85,4.0,0,0.037463,בני ברק,תל גיבורים,דב גרונר,32.0937651,34.8278381,2026-09-10T13:57:37+00:00,2026-05-24 10:00:53,,,6400,https://www.yad2.co.il/realestate/item/center-and-sharon/i1n3rp9l,168,1
2500000,https://www.yad2.co.il/realestate/item/tel-aviv-area/1i2l4a3b,106,3.0,0,0.03744,תל אביב יפו,ניר אביב,קהילת ברזיל 8,32.048033,34.8115181,2026-09-10T17:46:59+00:00,2026-04-27 10:16:13,,,7800,https://www.yad2.co.il/realestate/item/tel-aviv-area/mu8vr0fi,544,1
2500000,https://www.yad2.co.il/realestate/item/center-and-sharon/l3domvi3,90,4.0,25,0.03744,בני ברק,פרדס כץ,שלמה בן יוסף 14,32.09436,34.8295838,2026-09-10T13:59:43+00:00,2026-08-13 08:12:47,,,7800,https://www.yad2.co.il/realestate/item/tel-aviv-area/n94rhiu5,529,3
2020000,https://www.yad2.co.il/realestate/item/tel-aviv-area/ralehywa,64,2.0,70,0.037426,רמת גן,יד לבנים,דרך בן גוריון 159,32.073291,34.818463,2026-09-11T06:01:45+00:00,2026-08-03 14:57:39,,,6300,https://www.yad2.co.il/realestate/item/tel-aviv-area/t0uss8xy,380,3
2390000,https://www.yad2.co.il/realestate/item/tel-aviv-area/4gg2rvy4,107,4.0,15,0.037406,תל אביב יפו,"נווה ברבור, כפר שלם מערב","מח""ל",32.0492556,34.8040685,2026-09-10T17:45:29+00:00,2026-07-19 11:37:31,,,7450,https://www.yad2.co.il/realestate/item/tel-aviv-area/mto1z57o,490,1
2390000,https://www.yad2.co.il/realestate/item/tel-aviv-area/7efww8qu,105,4.0,15,0.037406,תל אביב יפו,"כפיר, נווה כפיר",דרך משה דיין,32.051417,34.8,2026-09-10T17:45:29+00:00,2026-08-23 00:41:07,,,7450,https://www.yad2.co.il/realestate/item/tel-aviv-area/mto1z57o,298,1
2390000,https://www.yad2.co.il/realestate/item/tel-aviv-area/ubvr3ucf,115,4.0,15,0.037406,תל אביב יפו,"נווה ברבור, כפר שלם מערב",דרך משה דיין,32.051417,34.8,2026-09-10T17:45:50+00:00,2026-08-23 00:37:14,,,7450,https://www.yad2.co.il/realestate/item/tel-aviv-area/mto1z57o,298,1
2390000,https://www.yad2.co.il/realestate/item/tel-aviv-area/up1gkl2a,115,4.0,15,0.037406,תל אביב יפו,"נווה ברבור, כפר שלם מערב","מח""ל",32.0492556,34.8040685,2026-09-10T17:45:50+00:00,2026-08-23 00:32:51,,,7450,https://www.yad2.co.il/realestate/item/tel-aviv-area/mto1z57o,490,1
2050000,https://www.yad2.co.il/realestate/item/center-and-sharon/i8pb2okj,116,4.0,15,0.037405,פתח תקווה,לב המושבה / מרכז העיר,רוטשילד,32.088419,34.8811436,2026-09-10T14:35:43+00:00,2026-07-29 11:09:16,,,6390,https://www.yad2.co.il/realestate/item/center-and-sharon/rcvy40i3,518,3
2050000,https://www.yad2.co.il/realestate/item/center-and-sharon/n4fiiyk4,80,3.5,55,0.037405,פתח תקווה,,,32.0877639,34.8859985,2026-09-10T14:35:43+00:00,2026-06-24 13:32:10,,,6390,https://www.yad2.co.il/realestate/item/center-and-sharon/rcvy40i3,290,1
2150000,https://www.yad2.co.il/realestate/item/tel-aviv-area/poirfhbh,72,2.0,0,0.037395,רמת גן,שכונת הלל,"הרא""ה 90",32.0807993,34.8253633,2026-09-11T06:03:34+00:00,2026-09-07 23:14:20,,,6700,https://www.yad2.co.il/realestate/item/tel-aviv-area/k9nfecqe,271,1
2150000,https://www.yad2.co.il/realestate/item/tel-aviv-area/sp8r6a24,72,2.0,0,0.037395,רמת גן,שכונת הלל,"הרא""ה 90",32.0807993,34.8253633,2026-09-11T06:03:34+00:00,2026-08-12 06:09:51,,,6700,https://www.yad2.co.il/realestate/item/tel-aviv-area/k9nfecqe,271,1
2150000,https://www.yad2.co.il/realestate/item/tel-aviv-area/tlcq1oos,58,2.0,70,0.037395,גבעתיים,גבעת הרמבם,חנה סנש,32.068721,34.8040302,2026-09-10T19:21:42+00:00,2023-05-02 13:16:15,,,6700,https://www.yad2.co.il/realestate/item/tel-aviv-area/r9qkq74q,113,3
1990000,https://www.yad2.co.il/realestate/item/center-and-sharon/hpx4p7x4,102,4.0,15,0.037387,פתח תקווה,המרכז השקט / מרכז העיר,רוטשילד,32.0817963,34.8835091,2026-09-10T14:34:56+00:00,2026-06-30 19:14:11,,,6200,https://www.yad2.co.il/realestate/item/center-and-sharon/k5e0k2ei,331,1
2199000,https://www.yad2.co.il/realestate/item/tel-aviv-area/nfsxy6nm,56,2.0,0,0.037381,תל אביב יפו,נווה שאנן,יסוד המעלה 35,32.0578114,34.7811698,2026-09-10T17:43:59+00:00,2025-01-20 11:26:24,,,6850,https://www.yad2.co.il/realestate/item/tel-aviv-area/ot8tidcw,556,3
2200000,https://www.yad2.co.il/realestate/item/center-and-sharon/pa0ubr8m,110,4.0,0,0.037364,פתח תקווה,עין גנים,עין גנים,32.0819149,34.8994736,2026-09-10T14:35:20+00:00,2026-08-16 16:59:14,,,6850,https://www.yad2.co.il/realestate/item/center-and-sharon/4y0kuspl,293,4
2120000,https://www.yad2.co.il/realestate/item/tel-aviv-area/3dch0usq,85,4.0,15,0.037353,תל אביב יפו,ניר אביב,יעקב סלע 26,32.0481304,34.8116575,2026-09-10T17:43:14+00:00,2026-07-25 23:07:56,,,6599,https://www.yad2.co.il/realestate/item/tel-aviv-area/cpsef0ko,17,1
2249000,https://www.yad2.co.il/realestate/item/center-and-sharon/6i8qzpxn,107,4.0,15,0.03735,פתח תקווה,כפר גנים ב,הנשיאים,32.0782752,34.8799161,2026-09-10T16:58:17+00:00,2026-07-08 14:42:55,,,7000,https://www.yad2.co.il/realestate/item/center-and-sharon/4p1b7wa1,214,3
2185000,https://www.yad2.co.il/realestate/item/center-and-sharon/5vuskqab,121,4.0,0,0.037346,פתח תקווה,המרכז השקט / מרכז העיר,זאב ברנדה 44,32.0807293,34.8852882,2026-09-10T16:57:29+00:00,2026-07-20 20:19:46,207,,6800,https://www.yad2.co.il/realestate/item/center-and-sharon/f6pymx84,388,3
2185000,https://www.yad2.co.il/realestate/item/center-and-sharon/y5kzgss8,121,4.0,0,0.037346,פתח תקווה,המרכז השקט / מרכז העיר,זאב ברנדה 44,32.0807293,34.8852882,2026-09-10T16:57:29+00:00,2026-08-26 19:29:31,,,6800,https://www.yad2.co.il/realestate/item/center-and-sharon/f6pymx84,388,3
2250000,https://www.yad2.co.il/realestate/item/tel-aviv-area/5chrjqi1,80,3.5,70,0.037333,תל אביב יפו,"יפו ד', גבעת התמרים",נרדור 15,32.034851,34.757624,2026-09-10T17:44:21+00:00,2026-06-15 14:33:01,,,7000,https://www.yad2.co.il/realestate/item/tel-aviv-area/9fxqu5x4,0,2
2250000,https://www.yad2.co.il/realestate/item/center-and-sharon/8gxvorct,90,4.0,15,0.037333,פתח תקווה,כפר גנים ב,יוסף פלדמן 4,32.0771278,34.8783353,2026-09-10T16:58:17+00:00,2026-08-11 18:32:19,,,7000,https://www.yad2.co.il/realestate/item/center-and-sharon/4p1b7wa1,44,3
2250000,https://www.yad2.co.il/realestate/item/center-and-sharon/94tkzf0z,95,3.5,0,0.037333,פתח תקווה,לב המושבה / מרכז העיר,דוד מאיר גוטמן,32.0871038,34.8848259,2026-09-10T16:58:17+00:00,2025-05-20 14:04:31,,,7000,https://www.yad2.co.il/realestate/item/center-and-sharon/8edpnode,0,4
2250000,https://www.yad2.co.il/realestate/item/center-and-sharon/buxtk8qa,115,4.5,0,0.037333,פתח תקווה,המרכז השקט / מרכז העיר,חפץ חיים,32.0833052,34.8872075,2026-09-10T14:35:20+00:00,2026-07-13 20:36:50,290,,7000,https://www.yad2.co.il/realestate/item/center-and-sharon/8edpnode,478,4
2250000,https://www.yad2.co.il/realestate/item/center-and-sharon/d81tg5cb,91,4.0,25,0.037333,בני ברק,מרכז העיר,השלושה 8,32.0890722,34.8366515,2026-09-10T13:58:42+00:00,2026-08-09 15:17:52,,,7000,https://www.yad2.co.il/realestate/item/center-and-sharon/5ifs2sug,224,3
2250000,https://www.yad2.co.il/realestate/item/center-and-sharon/f37m0cl0,98,4.0,0,0.037333,פתח תקווה,לב המושבה / מרכז העיר,יהודה הלוי,32.0885053,34.8897141,2026-09-10T16:58:39+00:00,2026-08-24 18:17:31,,,7000,https://www.yad2.co.il/realestate/item/center-and-sharon/8edpnode,486,3
2250000,https://www.yad2.co.il/realestate/item/center-and-sharon/ge1p5kpi,99,3.0,0,0.037333,פתח תקווה,נווה דקלים,עזריאל,32.099905,34.8909987,2026-09-10T16:58:39+00:00,2026-08-13 11:49:32,,,7000,https://www.yad2.co.il/realestate/item/center-and-sharon/ae0xxa2k,337,3
2250000,https://www.yad2.co.il/realestate/item/center-and-sharon/ju833ynz,93,4.0,0,0.037333,פתח תקווה,,,32.0877639,34.8859985,2026-09-10T14:35:43+00:00,2026-09-01 12:42:03,,,7000,https://www.yad2.co.il/realestate/item/center-and-sharon/8edpnode,133,4
2250000,https://www.yad2.co.il/realestate/item/center-and-sharon/kd1du9w0,91,4.0,40,0.037333,בני ברק,קרית הרצוג,רבי שלמה יוסף גניחובסקי,32.0873899,34.8324376,2026-09-10T13:58:42+00:00,2026-08-27 16:20:04,,,7000,https://www.yad2.co.il/realestate/item/center-and-sharon/airpfwg1,0,2
2250000,https://www.yad2.co.il/realestate/item/center-and-sharon/lxs2kaxs,96,4.0,0,0.037333,פתח תקווה,לב המושבה / מרכז העיר,"ביל""ו",32.0871772,34.8805872,2026-09-10T14:03:39+00:00,2026-08-07 11:03:58,,,7000,https://www.yad2.co.il/realestate/item/center-and-sharon/8edpnode,399,5
2250000,https://www.yad2.co.il/realestate/item/center-and-sharon/n6yrdwlo,118,4.0,55,0.037333,פתח תקווה,לב המושבה / מרכז העיר,"רמב""ם",32.087019,34.890642,2026-09-10T16:58:39+00:00,2026-06-04 17:53:22,,,7000,https://www.yad2.co.il/realestate/item/center-and-sharon/8edpnode,548,3
2250000,https://www.yad2.co.il/realestate/item/tel-aviv-area/p3inmkfl,80,3.0,25,0.037333,תל אביב יפו,קרית שלום,,32.0432907,34.7773909,2026-09-10T17:44:21+00:00,2025-10-30 08:02:44,,,7000,https://www.yad2.co.il/realestate/item/tel-aviv-area/pv5dz90a,361,5
2250000,https://www.yad2.co.il/realestate/item/center-and-sharon/vuwg6xp0,105,4.0,0,0.037333,פתח תקווה,לב המושבה / מרכז העיר,מקס ברוד,32.090922,34.8834198,2026-09-10T16:58:39+00:00,2026-06-10 12:34:43,,,7000,https://www.yad2.co.il/realestate/item/center-and-sharon/8edpnode,445,5
2250000,https://www.yad2.co.il/realestate/item/center-and-sharon/x0id2eqh,80,4.0,40,0.037333,בני ברק,גבעת סוקולוב,,32.0873899,34.8324376,2026-09-10T13:58:42+00:00,2026-09-06 12:39:18,,,7000,https://www.yad2.co.il/realestate/item/center-and-sharon/airpfwg1,0,2
2090000,https://www.yad2.co.il/realestate/item/tel-aviv-area/0aaye3fu,44,2.5,0,0.037321,רמת גן,תל יהודה,רוחמה 52,32.0718962,34.8206711,2026-09-11T06:02:29+00:00,2026-03-09 18:58:16,,,6500,https://www.yad2.co.il/realestate/item/tel-aviv-area/oj54w3b6,154,1
2090000,https://www.yad2.co.il/realestate/item/center-and-sharon/akrpivsl,108,4.0,0,0.037321,פתח תקווה,מחנה יהודה,צבי הירש קלישר 10,32.0768886,34.8955403,2026-09-10T14:36:05+00:00,2026-06-29 16:05:15,,,6500,https://www.yad2.co.il/realestate/item/center-and-sharon/w3jzw8g0,0,1
2090000,https://www.yad2.co.il/realestate/item/tel-aviv-area/fij9j7pl,50,2.0,0,0.037321,רמת גן,בורסה,זיסמן שלום,32.0841454,34.8002927,2026-09-11T06:02:29+00:00,2025-09-17 13:25:00,,,6500,https://www.yad2.co.il/realestate/item/tel-aviv-area/3jq635u4,82,1
2090000,https://www.yad2.co.il/realestate/item/tel-aviv-area/fjgv2ad6,65,3.5,70,0.037321,רמת גן,יד לבנים,מוריה,32.0757552,34.8219991,2026-09-11T06:02:51+00:00,2026-08-17 21:15:27,,,6500,https://www.yad2.co.il/realestate/item/tel-aviv-area/tas1eshv,175,5
2090000,https://www.yad2.co.il/realestate/item/tel-aviv-area/jh4bqhpm,75,3.0,15,0.037321,תל אביב יפו,נווה חן,סנפיר,32.0529968,34.8092659,2026-09-10T17:43:14+00:00,2026-07-30 12:00:09,,,6500,https://www.yad2.co.il/realestate/item/tel-aviv-area/hnt0cgaf,222,1
2090000,https://www.yad2.co.il/realestate/item/tel-aviv-area/p9s9woxr,70,3.0,55,0.037321,רמת גן,שכונת גפן,ביאליק 116,32.0856236,34.8108877,2026-09-11T06:02:51+00:00,2026-08-31 16:38:40,98,,6500,https://www.yad2.co.il/realestate/item/tel-aviv-area/6vmz2nu9,401,1
1930000,https://www.yad2.co.il/realestate/item/center-and-sharon/0w49b91t,84,3.0,0,0.037306,פתח תקווה,הדר גנים,,32.075991,34.9057036,2026-09-10T14:34:12+00:00,2026-08-16 11:48:17,,,6000,https://www.yad2.co.il/realestate/item/center-and-sharon/rk16jf6k,274,1
1995000,https://www.yad2.co.il/realestate/item/center-and-sharon/f6pg1a0z,85,3.0,0,0.037293,פתח תקווה,,,32.0877639,34.8859985,2026-09-10T14:34:56+00:00,2026-08-27 17:46:53,,,6200,https://www.yad2.co.il/realestate/item/center-and-sharon/z8i4k6z0,560,2
2350000,https://www.yad2.co.il/realestate/item/tel-aviv-area/72jidj8u,42,2.0,70,0.037277,תל אביב יפו,"מונטיפיורי, הרכבת",,32.0852997,34.7818064,2026-09-10T17:45:29+00:00,2026-06-29 13:50:31,,,7300,https://www.yad2.co.il/realestate/item/tel-aviv-area/4avtlfqf,213,6
2190000,https://www.yad2.co.il/realestate/item/center-and-sharon/4ufmyfwi,100,4.0,15,0.03726,פתח תקווה,המרכז השקט / מרכז העיר,ברטנורא 3,32.0821521,34.8828627,2026-09-10T16:57:29+00:00,2026-08-14 09:39:53,,,6800,https://www.yad2.co.il/realestate/item/center-and-sharon/rf1vnvm0,275,4
2190000,https://www.yad2.co.il/realestate/item/center-and-sharon/agtyqb0p,100,4.0,0,0.03726,פתח תקווה,כפר גנים ב,יצחק בן צבי,32.0732339,34.8859501,2026-09-10T16:57:55+00:00,2026-06-07 10:48:22,,,6800,https://www.yad2.co.il/realestate/item/center-and-sharon/7iaygaut,389,3
2190000,https://www.yad2.co.il/realestate/item/center-and-sharon/b5jcuri4,105,4.0,15,0.03726,פתח תקווה,המרכז השקט / מרכז העיר,סלומון,32.084652,34.8812147,2026-09-10T16:57:55+00:00,2026-08-18 16:22:56,,,6800,https://www.yad2.co.il/realestate/item/center-and-sharon/rf1vnvm0,528,6
2190000,https://www.yad2.co.il/realestate/item/center-and-sharon/lrye3h0z,106,4.0,40,0.03726,פתח תקווה,צמרת גנים / עין גנים דרום,,32.0877639,34.8859985,2026-09-10T16:57:55+00:00,2025-12-31 10:14:44,,,6800,https://www.yad2.co.il/realestate/item/center-and-sharon/14n8cy07,397,4
2255000,https://www.yad2.co.il/realestate/item/center-and-sharon/fougbd98,106,4.5,0,0.037251,פתח תקווה,משכנות גנים,שלומציון המלכה 4,32.1019836,34.9008472,2026-09-10T16:58:39+00:00,2026-08-24 10:19:33,129,,7000,https://www.yad2.co.il/realestate/item/center-and-sharon/0yla9c0w,103,2
2450000,https://www.yad2.co.il/realestate/item/tel-aviv-area/cpxuox1c,70,3.0,0,0.037224,רמת גן,שכונת הלל,הבנים,32.0838992,34.8249448,2026-09-11T06:10:36+00:00,2026-01-12 09:24:50,,,7600,https://www.yad2.co.il/realestate/item/tel-aviv-area/txtnbm36,97,4
2450000,https://www.yad2.co.il/realestate/item/tel-aviv-area/mb5vmt59,56,3.0,0,0.037224,רמת גן,שכונת הראשונים,החיצון 3,32.0802988,34.8067657,2026-09-11T06:10:36+00:00,2026-08-09 12:17:59,,,7600,https://www.yad2.co.il/realestate/item/tel-aviv-area/couaqpqv,30,1
1999900,https://www.yad2.co.il/realestate/item/center-and-sharon/4t2redfu,78,3.0,0,0.037202,פתח תקווה,,,32.0877639,34.8859985,2026-09-10T14:35:20+00:00,2026-03-18 17:05:09,,,6200,https://www.yad2.co.il/realestate/item/center-and-sharon/z8i4k6z0,560,2
1999999,https://www.yad2.co.il/realestate/item/center-and-sharon/34s8aee0,84,3.0,0,0.0372,פתח תקווה,,,32.0877639,34.8859985,2026-09-10T14:35:20+00:00,2026-03-24 14:59:21,,,6200,https://www.yad2.co.il/realestate/item/center-and-sharon/z8i4k6z0,560,2
2000000,https://www.yad2.co.il/realestate/item/tel-aviv-area/f3sdjdvv,65,3.0,40,0.0372,תל אביב יפו,ניר אביב,הרצפלד 8,32.0454017,34.812061,2026-09-10T17:42:50+00:00,2025-08-20 08:38:04,,,6200,https://www.yad2.co.il/realestate/item/tel-aviv-area/wxcpz0qa,393,2
2100000,https://www.yad2.co.il/realestate/item/tel-aviv-area/2zsgqlhw,70,3.0,15,0.037143,תל אביב יפו,נווה חן,מעפילי אגוז,32.0548271,34.8083226,2026-09-10T17:43:14+00:00,2023-06-04 13:09:47,,,6500,https://www.yad2.co.il/realestate/item/tel-aviv-area/hnt0cgaf,0,1
2100000,https://www.yad2.co.il/realestate/item/tel-aviv-area/9vebd45s,68,2.5,55,0.037143,רמת גן,"שכונת בן גוריון, מרכז העיר ג'",,32.0686867,34.8246812,2026-09-11T06:03:13+00:00,2026-08-03 12:36:24,178,,6500,https://www.yad2.co.il/realestate/item/tel-aviv-area/p0jrmdkz,0,4
2100000,https://www.yad2.co.il/realestate/item/tel-aviv-area/btj4imr9,45,3.0,0,0.037143,תל אביב יפו,נווה שאנן,,32.058348,34.7797947,2026-09-10T17:43:14+00:00,2026-02-25 18:42:45,,,6500,https://www.yad2.co.il/realestate/item/tel-aviv-area/xqbfo2dx,99,4
2100000,https://www.yad2.co.il/realestate/item/center-and-sharon/e3rn2y4i,86,4.0,15,0.037143,פתח תקווה,הדר גנים,דרך מנחם בגין 13,32.0788282,34.9072438,2026-09-10T14:36:37+00:00,2026-06-05 11:37:07,,,6500,https://www.yad2.co.il/realestate/item/center-and-sharon/71fh7tr9,596,1
2100000,https://www.yad2.co.il/realestate/item/tel-aviv-area/iyu2fkyc,65,2.5,100,0.037143,רמת גן,נגבה,,32.0700135,34.8306576,2026-09-11T06:03:13+00:00,2025-10-16 10:58:58,,,6500,https://www.yad2.co.il/realestate/item/tel-aviv-area/p0jrmdkz,582,2
2100000,https://www.yad2.co.il/realestate/item/center-and-sharon/qwdmxhlb,60,3.0,25,0.037143,פתח תקווה,לב המושבה / מרכז העיר,יהודה הלוי 24,32.0885053,34.8897141,2026-09-10T14:36:37+00:00,2026-08-06 09:49:58,,,6500,https://www.yad2.co.il/realestate/item/center-and-sharon/kxppdw08,360,1
2100000,https://www.yad2.co.il/realestate/item/center-and-sharon/r0bioph5,102,4.0,15,0.037143,פתח תקווה,צמרת גנים / עין גנים דרום,אלעזר פרידמן,32.0812182,34.9015195,2026-09-10T14:36:37+00:00,2026-06-21 17:20:03,,,6500,https://www.yad2.co.il/realestate/item/center-and-sharon/71fh7tr9,9,3
2100000,https://www.yad2.co.il/realestate/item/tel-aviv-area/rf0p4zeu,55,2.5,70,0.037143,רמת גן,נחלת גנים,הפודים,32.0922413,34.8189925,2026-09-11T06:03:13+00:00,2026-01-10 20:31:27,,,6500,https://www.yad2.co.il/realestate/item/tel-aviv-area/rywujatz,283,1
2230000,https://www.yad2.co.il/realestate/item/tel-aviv-area/hvdgfudq,75,3.0,0,0.03713,רמת גן,אזור הבילויים,שרה אהרונסון,32.0611741,34.8248628,2026-09-11T06:05:00+00:00,2026-03-23 15:52:57,,,6900,https://www.yad2.co.il/realestate/item/tel-aviv-area/hmz19tue,0,2
2150000,https://www.yad2.co.il/realestate/item/tel-aviv-area/lyfqy9cn,74,3.5,25,0.037116,תל אביב יפו,"יפו ד', גבעת התמרים",נרדור 15,32.034851,34.757624,2026-09-10T17:43:36+00:00,2026-08-03 19:42:15,,,6650,https://www.yad2.co.il/realestate/item/tel-aviv-area/oyo5f9y6,541,1
2150000,https://www.yad2.co.il/realestate/item/tel-aviv-area/nvl7fmwz,70,3.0,55,0.037116,תל אביב יפו,"יפו ד', גבעת התמרים",נרדור,32.0343742,34.7576718,2026-09-10T17:43:36+00:00,2026-07-27 16:28:46,,,6650,https://www.yad2.co.il/realestate/item/tel-aviv-area/oyo5f9y6,591,1
1940000,https://www.yad2.co.il/realestate/item/center-and-sharon/ojut5b84,83,4.0,15,0.037113,פתח תקווה,רמת ורבר,הצוערים 1,32.0891139,34.8705844,2026-09-10T14:34:12+00:00,2026-03-12 10:38:31,,,6000,https://www.yad2.co.il/realestate/item/center-and-sharon/286ug5vj,0,1
2200000,https://www.yad2.co.il/realestate/item/center-and-sharon/3juk60bz,130,4.0,15,0.037091,פתח תקווה,לב המושבה / מרכז העיר,נורדאו 32,32.0870067,34.8861188,2026-09-10T16:57:55+00:00,2026-03-18 18:10:46,,,6800,https://www.yad2.co.il/realestate/item/center-and-sharon/14n8cy07,475,1
2200000,https://www.yad2.co.il/realestate/item/center-and-sharon/ts9fsq0t,107,4.0,15,0.037091,פתח תקווה,,,32.0877639,34.8859985,2026-09-10T16:58:17+00:00,2026-06-22 13:03:09,,,6800,https://www.yad2.co.il/realestate/item/center-and-sharon/14n8cy07,397,3
2200000,https://www.yad2.co.il/realestate/item/center-and-sharon/ypygjba3,115,4.5,70,0.037091,פתח תקווה,כפר גנים ב,יצחק בן צבי 19,32.0732339,34.8859501,2026-09-10T16:58:17+00:00,2026-07-30 16:16:22,927,,6800,https://www.yad2.co.il/realestate/item/center-and-sharon/7iaygaut,389,3
2330000,https://www.yad2.co.il/realestate/item/tel-aviv-area/h464jlaz,55,2.0,0,0.037082,רמת גן,בורסה,זיסמן שלום 14,32.0844075,34.7994744,2026-09-11T06:07:10+00:00,2025-05-12 13:40:31,,,7200,https://www.yad2.co.il/realestate/item/tel-aviv-area/tonqyy02,308,1
2040000,https://www.yad2.co.il/realestate/item/center-and-sharon/gasyb7vz,91,3.0,25,0.037059,בני ברק,"הפועל המזרחי ב', שיכון ב'",דניאל 2,32.0824117,34.8261016,2026-09-10T13:57:37+00:00,2026-08-18 00:03:21,244,,6300,https://www.yad2.co.il/realestate/item/tel-aviv-area/pbt6d824,584,6
2170000,https://www.yad2.co.il/realestate/item/tel-aviv-area/hilkh02j,55,2.0,0,0.037051,רמת גן,עליות,רבי יהודה הנשיא 18,32.0784541,34.8261649,2026-09-11T06:03:56+00:00,2025-05-08 17:39:54,,,6700,https://www.yad2.co.il/realestate/item/tel-aviv-area/k9nfecqe,0,1
2270000,https://www.yad2.co.il/realestate/item/center-and-sharon/7ivv9rzf,85,3.5,25,0.037004,בני ברק,הר שלום,,32.0848964,34.827605,2026-09-10T13:58:42+00:00,2025-07-31 10:51:44,,,7000,https://www.yad2.co.il/realestate/item/center-and-sharon/airpfwg1,533,5
2270000,https://www.yad2.co.il/realestate/item/center-and-sharon/d812tflz,96,4.0,15,0.037004,פתח תקווה,כפר גנים א,בנימין יהלום,32.0833992,34.8775822,2026-09-10T16:58:39+00:00,2026-08-19 10:50:24,,,7000,https://www.yad2.co.il/realestate/item/center-and-sharon/7lklznkt,458,8
2270000,https://www.yad2.co.il/realestate/item/center-and-sharon/dg22inj6,107,4.0,0,0.037004,פתח תקווה,אחדות,,32.0737592,34.8927251,2026-09-10T16:58:39+00:00,2026-08-17 00:06:11,,,7000,https://www.yad2.co.il/realestate/item/center-and-sharon/5gum4h6q,494,3
2270000,https://www.yad2.co.il/realestate/item/center-and-sharon/v549axym,101,4.0,0,0.037004,פתח תקווה,מחנה יהודה,אורלנסקי,32.0798332,34.8918579,2026-09-10T16:58:39+00:00,2026-01-01 11:34:40,,,7000,https://www.yad2.co.il/realestate/item/center-and-sharon/5gum4h6q,588,3
2400000,https://www.yad2.co.il/realestate/item/tel-aviv-area/8yp9jd14,56,2.0,40,0.037,רמת גן,שיכון הותיקים,דרך אבא הלל,32.090769,34.811475,2026-09-11T06:09:31+00:00,2026-06-10 11:40:47,,,7400,https://www.yad2.co.il/realestate/item/tel-aviv-area/plbhq9ct,411,1
2400000,https://www.yad2.co.il/realestate/item/tel-aviv-area/dez34v5w,68,3.0,0,0.037,רמת גן,,מחניים,32.0629833,34.8290736,2026-09-11T06:09:52+00:00,2026-08-27 18:00:42,,,7400,https://www.yad2.co.il/realestate/item/tel-aviv-area/yslj2y9d,317,4
1980000,https://www.yad2.co.il/realestate/item/tel-aviv-area/212rvae7,55,2.0,0,0.03697,תל אביב יפו,נווה שאנן,עין הקורא,32.0573451,34.7824421,2026-09-10T17:42:27+00:00,2025-12-29 10:43:35,,,6100,https://www.yad2.co.il/realestate/item/tel-aviv-area/ozc2fu95,78,2
1950000,https://www.yad2.co.il/realestate/item/center-and-sharon/1evcvk9t,85,3.5,25,0.036923,בני ברק,פרדס כץ,,32.0952765,34.8394409,2026-09-10T13:57:15+00:00,2026-07-26 15:24:02,,,6000,https://www.yad2.co.il/realestate/item/center-and-sharon/t1flt1s4,346,1
1950000,https://www.yad2.co.il/realestate/item/tel-aviv-area/3jo9fm1k,67,3.0,40,0.036923,רמת גן,יד לבנים,דרך בן גוריון,32.090189,34.822531,2026-09-10T19:22:51+00:00,2026-08-05 18:40:23,,,6000,https://www.yad2.co.il/realestate/item/tel-aviv-area/jiw9fens,419,1
1950000,https://www.yad2.co.il/realestate/item/tel-aviv-area/4dm9w0hc,50,2.0,70,0.036923,רמת גן,"מרום נווה, רמת יצחק","הרא""ה",32.0834224,34.8240766,2026-09-10T19:22:51+00:00,2026-09-07 14:04:42,,,6000,https://www.yad2.co.il/realestate/item/tel-aviv-area/bgw5bwno,366,1
1950000,https://www.yad2.co.il/realestate/item/tel-aviv-area/atlz60yj,80,3.0,25,0.036923,תל אביב יפו,נווה חן,מעפילי אגוז,32.0548271,34.8083226,2026-09-10T17:42:04+00:00,2026-09-09 10:19:13,,,6000,https://www.yad2.co.il/realestate/item/tel-aviv-area/4vh7fpzg,392,1
1950000,https://www.yad2.co.il/realestate/item/center-and-sharon/lqs11ds4,115,3.0,25,0.036923,פתח תקווה,,,32.0877639,34.8859985,2026-09-10T14:34:34+00:00,2026-07-08 11:08:49,,,6000,https://www.yad2.co.il/realestate/item/center-and-sharon/21ula1tx,133,1
1950000,https://www.yad2.co.il/realestate/item/tel-aviv-area/pyu5j1ey,65,3.0,100,0.036923,תל אביב יפו,נווה חן,דרך הטייסים 84,32.0527579,34.810021,2026-09-10T17:42:04+00:00,2025-09-25 10:55:33,,,6000,https://www.yad2.co.il/realestate/item/tel-aviv-area/4vh7fpzg,590,1
1950000,https://www.yad2.co.il/realestate/item/center-and-sharon/s5uz5pfe,96,4.0,25,0.036923,פתח תקווה,כפר אברהם,יהושע שטמפפר 110,32.0964632,34.8949777,2026-09-10T14:34:34+00:00,2026-07-17 16:34:07,,,6000,https://www.yad2.co.il/realestate/item/center-and-sharon/5ejlw859,510,1
1950000,https://www.yad2.co.il/realestate/item/tel-aviv-area/u6w10i9x,70,4.0,70,0.036923,תל אביב יפו,לבנה,דרך חיים ברלב,32.045144,34.808098,2026-09-10T17:42:04+00:00,2026-07-28 14:03:15,,,6000,https://www.yad2.co.il/realestate/item/tel-aviv-area/00z4ldh1,472,2
1950000,https://www.yad2.co.il/realestate/item/tel-aviv-area/x6ao7b1u,57,2.0,40,0.036923,רמת גן,תל יהודה,כנפי נשרים,32.0705357,34.8202066,2026-09-10T19:22:51+00:00,2026-08-23 16:53:39,96,,6000,https://www.yad2.co.il/realestate/item/tel-aviv-area/qau32qb7,517,1
1950000,https://www.yad2.co.il/realestate/item/tel-aviv-area/x7ypgcd4,67,3.0,40,0.036923,רמת גן,יד לבנים,דרך בן גוריון,32.090189,34.822531,2026-09-10T19:22:51+00:00,2026-03-18 11:18:08,,,6000,https://www.yad2.co.il/realestate/item/tel-aviv-area/jiw9fens,419,1
2180000,https://www.yad2.co.il/realestate/item/tel-aviv-area/kiztprgd,68,2.5,70,0.036881,גבעתיים,"הל""ה",המלבן 10,32.0748977,34.8077087,2026-09-10T14:00:06+00:00,2025-11-27 10:46:47,,,6700,https://www.yad2.co.il/realestate/item/tel-aviv-area/sxgp586k,556,12
2050000,https://www.yad2.co.il/realestate/item/tel-aviv-area/jzukyghy,62,3.0,40,0.036878,גבעתיים,שינקין,המעלות,32.0735001,34.8168151,2026-09-10T14:00:06+00:00,2026-04-27 18:19:17,,,6300,https://www.yad2.co.il/realestate/item/tel-aviv-area/t0uss8xy,303,9
2280000,https://www.yad2.co.il/realestate/item/tel-aviv-area/634kev0p,88,4.0,0,0.036842,תל אביב יפו,"נווה גולן, יפו ג'",פיקוס 17,32.0350984,34.7513801,2026-09-10T17:44:43+00:00,2026-07-21 15:16:15,,,7000,https://www.yad2.co.il/realestate/item/tel-aviv-area/qmb6d590,107,1
2280000,https://www.yad2.co.il/realestate/item/center-and-sharon/p7p992jd,95,4.0,0,0.036842,פתח תקווה,,,32.0877639,34.8859985,2026-09-10T14:32:51+00:00,2026-07-08 10:39:25,,,7000,https://www.yad2.co.il/realestate/item/center-and-sharon/8edpnode,133,4
2150000,https://www.yad2.co.il/realestate/item/center-and-sharon/0ickvm29,92,4.0,0,0.036837,בני ברק,תל גיבורים,מנחם בגין,32.0930281,34.8317312,2026-09-10T13:57:59+00:00,2026-06-28 21:05:03,,,6600,https://www.yad2.co.il/realestate/item/center-and-sharon/rh80jxz8,501,2
2150000,https://www.yad2.co.il/realestate/item/tel-aviv-area/cqnv70gf,75,3.0,25,0.036837,רמת גן,עליות,יונה,32.0797763,34.8263151,2026-09-11T06:03:34+00:00,2026-07-22 12:42:09,,,6600,https://www.yad2.co.il/realestate/item/tel-aviv-area/svzy8m7n,586,6
2150000,https://www.yad2.co.il/realestate/item/center-and-sharon/lq5141xi,92,3.5,55,0.036837,פתח תקווה,רמת ורבר,,32.0868577,34.8736128,2026-09-10T14:36:57+00:00,2026-06-12 13:20:38,,,6600,https://www.yad2.co.il/realestate/item/center-and-sharon/hxusscze,333,3
2150000,https://www.yad2.co.il/realestate/item/center-and-sharon/oyaawc6k,110,4.0,15,0.036837,פתח תקווה,,"רש""י",32.087933,34.8788085,2026-09-10T14:36:57+00:00,2026-02-16 21:44:15,,,6600,https://www.yad2.co.il/realestate/item/center-and-sharon/hxusscze,471,3
2020000,https://www.yad2.co.il/realestate/item/center-and-sharon/gzqz5mt1,110,4.0,15,0.036832,פתח תקווה,,,32.0877639,34.8859985,2026-09-10T14:35:20+00:00,2026-07-20 11:33:03,,,6200,https://www.yad2.co.il/realestate/item/center-and-sharon/k5e0k2ei,375,1
2380000,https://www.yad2.co.il/realestate/item/center-and-sharon/hw2xkki3,85,3,10,0.036807,קרית אונו,,,32.0581072,34.8580937,2026-09-10T17:01:45+00:00,2026-05-10T13:49:54,,,7300,https://www.yad2.co.il/realestate/item/center-and-sharon/btfu7ugc,598,9
1989000,https://www.yad2.co.il/realestate/item/center-and-sharon/kte5glx9,80,4.0,0,0.036802,פתח תקווה,הדר גנים,דרך מנחם בגין,32.0765977,34.9050471,2026-09-10T14:34:56+00:00,2026-08-07 13:30:30,,,6100,https://www.yad2.co.il/realestate/item/center-and-sharon/tku0k5fm,486,1
2250000,https://www.yad2.co.il/realestate/item/center-and-sharon/9pwwilo0,96,3.0,0,0.0368,פתח תקווה,הדר המושבות החדשה / אם המושבות החדשה,,32.0982096,34.878596,2026-09-10T16:58:39+00:00,2026-08-24 15:50:20,94,,6900,https://www.yad2.co.il/realestate/item/center-and-sharon/9ubetgy1,526,1
2120000,https://www.yad2.co.il/realestate/item/center-and-sharon/kstett4v,89,4.0,15,0.036792,פתח תקווה,המרכז השקט / מרכז העיר,זאב ברנדה 37,32.0807293,34.8852882,2026-09-10T14:36:57+00:00,2026-09-02 14:15:17,,,6500,https://www.yad2.co.il/realestate/item/center-and-sharon/700v1hfq,556,4
2120000,https://www.yad2.co.il/realestate/item/center-and-sharon/mzvihgdf,110,4.0,15,0.036792,פתח תקווה,המרכז השקט / מרכז העיר,סביון 21,32.0864757,34.8918053,2026-09-10T14:36:57+00:00,2026-08-10 17:01:17,,,6500,https://www.yad2.co.il/realestate/item/center-and-sharon/ldl86coa,489,2
2120000,https://www.yad2.co.il/realestate/item/center-and-sharon/xxnbgcdh,90,4.0,40,0.036787,פתח תקווה,כפר גנים ב,לבון,32.0733006,34.8865196,2026-09-10T14:36:57+00:00,2026-07-08 17:04:49,525,,6499,https://www.yad2.co.il/realestate/item/center-and-sharon/7q5tj1um,470,1
1990000,https://www.yad2.co.il/realestate/item/center-and-sharon/qoxyeanu,83,3.0,0,0.036784,פתח תקווה,שעריה,כנסת ישראל 55,32.0702529,34.9022336,2026-09-10T14:34:56+00:00,2026-08-03 12:46:45,,,6100,https://www.yad2.co.il/realestate/item/center-and-sharon/tku0k5fm,353,1
2350000,https://www.yad2.co.il/realestate/item/tel-aviv-area/b8oge7dz,75,4.0,70,0.036766,רמת גן,"שכונת יהלום, מרכז העיר ב",קריניצי,32.0800729,34.8172856,2026-09-11T06:07:32+00:00,2026-05-29 11:56:42,,,7200,https://www.yad2.co.il/realestate/item/tel-aviv-area/e6enw549,535,10
2350000,https://www.yad2.co.il/realestate/item/tel-aviv-area/erhbujbm,69,2.5,55,0.036766,רמת גן,נחלת גנים,סוקולוב,32.0914668,34.8201177,2026-09-11T06:07:54+00:00,2026-09-10 12:42:39,,,7200,https://www.yad2.co.il/realestate/item/tel-aviv-area/njndng7w,456,3
2450000,https://www.yad2.co.il/realestate/item/center-and-sharon/59eyjcd1,100,4.0,0,0.036735,בני ברק,בני ברק צפון/איילת השחר,רח 600,32.0873899,34.8324376,2026-09-10T13:59:23+00:00,2026-07-29 13:28:45,,,7500,https://www.yad2.co.il/realestate/item/center-and-sharon/a0pjwa8c,0,9
2450000,https://www.yad2.co.il/realestate/item/tel-aviv-area/bmeyyuzp,64,2.0,0,0.036735,תל אביב יפו,יד אליהו,וינגייט,32.0599702,34.7907114,2026-09-10T17:46:13+00:00,2026-07-27 13:40:50,202,,7500,https://www.yad2.co.il/realestate/item/tel-aviv-area/9plikwr2,445,1
2450000,https://www.yad2.co.il/realestate/item/center-and-sharon/eemx3ndo,85,3.5,0,0.036735,בני ברק,,,32.0873899,34.8324376,2026-09-10T13:59:23+00:00,2026-09-09 12:45:47,,,7500,https://www.yad2.co.il/realestate/item/center-and-sharon/a0pjwa8c,0,9
1960000,https://www.yad2.co.il/realestate/item/tel-aviv-area/ehnxnygd,55,2.5,70,0.036735,תל אביב יפו,"מכללת תל אביב יפו, דקר",נחל עוז 16,32.0396869,34.759139,2026-09-10T17:42:04+00:00,2026-01-29 13:43:45,,,6000,https://www.yad2.co.il/realestate/item/tel-aviv-area/vjbbhbmc,445,1
1960000,https://www.yad2.co.il/realestate/item/tel-aviv-area/g64dllw6,55,2.5,70,0.036735,תל אביב יפו,"מכללת תל אביב יפו, דקר",נחל שורק,32.0395034,34.7601371,2026-09-10T17:42:04+00:00,2026-02-01 16:50:07,,,6000,https://www.yad2.co.il/realestate/item/tel-aviv-area/vjbbhbmc,528,1
2450000,https://www.yad2.co.il/realestate/item/tel-aviv-area/ipwsz91q,67,2.0,0,0.036735,תל אביב יפו,יד אליהו,וינגייט,32.0599702,34.7907114,2026-09-10T17:46:36+00:00,2026-08-05 08:59:24,,,7500,https://www.yad2.co.il/realestate/item/tel-aviv-area/9plikwr2,445,1
2450000,https://www.yad2.co.il/realestate/item/center-and-sharon/lbd0kij3,90,3.5,0,0.036735,בני ברק,,הרב עמיאל,32.0873899,34.8324376,2026-09-10T13:59:23+00:00,2026-09-09 12:41:29,,,7500,https://www.yad2.co.il/realestate/item/center-and-sharon/a0pjwa8c,0,9
2450000,https://www.yad2.co.il/realestate/item/tel-aviv-area/yxv9se06,64,2.0,0,0.036735,תל אביב יפו,יד אליהו,וינגייט,32.0599702,34.7907114,2026-09-10T17:46:36+00:00,2026-07-27 13:30:54,,,7500,https://www.yad2.co.il/realestate/item/tel-aviv-area/9plikwr2,445,1
1960000,https://www.yad2.co.il/realestate/item/tel-aviv-area/zwz3vwi3,55,2.0,70,0.036735,תל אביב יפו,"מכללת תל אביב יפו, דקר",נחל הבשור,32.0387893,34.7577334,2026-09-10T17:42:04+00:00,2026-08-24 13:27:34,72,,6000,https://www.yad2.co.il/realestate/item/tel-aviv-area/vjbbhbmc,456,1
2190000,https://www.yad2.co.il/realestate/item/tel-aviv-area/sz3h5qja,56,2.0,25,0.036712,גבעתיים,גבעת הרמבם,"רמב""ם",32.0710156,34.8021131,2026-09-10T14:00:06+00:00,2026-02-22 11:34:32,,,6700,https://www.yad2.co.il/realestate/item/tel-aviv-area/r9qkq74q,282,3
2125000,https://www.yad2.co.il/realestate/item/tel-aviv-area/ggrroi9q,40,2.0,55,0.036706,תל אביב יפו,נווה שאנן,מולדת 13,32.0554096,34.7732394,2026-09-10T17:43:14+00:00,2026-08-10 17:34:22,,,6500,https://www.yad2.co.il/realestate/item/tel-aviv-area/zzsj4pu7,0,3
2290000,https://www.yad2.co.il/realestate/item/center-and-sharon/6mn84ojh,100,4.0,40,0.036681,בני ברק,נווה און,רבי יוסף צבי רימון 21,32.0873899,34.8324376,2026-09-10T13:58:42+00:00,2026-08-19 07:46:13,,,7000,https://www.yad2.co.il/realestate/item/center-and-sharon/airpfwg1,0,2
2290000,https://www.yad2.co.il/realestate/item/center-and-sharon/eath7b48,103,4.5,0,0.036681,פתח תקווה,לב המושבה / מרכז העיר,דוד מאיר גוטמן 11,32.0871038,34.8848259,2026-09-10T16:58:59+00:00,2026-08-16 23:40:02,,,7000,https://www.yad2.co.il/realestate/item/center-and-sharon/8edpnode,0,5
2290000,https://www.yad2.co.il/realestate/item/center-and-sharon/gyvuqwg9,100,4.0,0,0.036681,פתח תקווה,המרכז השקט / מרכז העיר,הרמן צבי שפירא,32.0820064,34.8862659,2026-09-10T14:32:51+00:00,2026-02-15 14:35:04,,,7000,https://www.yad2.co.il/realestate/item/center-and-sharon/8edpnode,583,6
2290000,https://www.yad2.co.il/realestate/item/center-and-sharon/hc486n5a,102,4.0,0,0.036681,פתח תקווה,מחנה יהודה,בריגדיר קיש,32.0770684,34.8951243,2026-09-10T16:58:59+00:00,2026-08-18 22:10:22,,,7000,https://www.yad2.co.il/realestate/item/center-and-sharon/5gum4h6q,165,2
2290000,https://www.yad2.co.il/realestate/item/center-and-sharon/k526gpny,75,3.5,0,0.036681,בני ברק,גבעת רוקח,קליש,32.0876019,34.8293963,2026-09-10T13:58:42+00:00,2026-07-05 14:05:20,151,,7000,https://www.yad2.co.il/realestate/item/center-and-sharon/nod1ni5i,287,3
2290000,https://www.yad2.co.il/realestate/item/center-and-sharon/mdodjjpx,90,4.0,0,0.036681,פתח תקווה,לב המושבה / מרכז העיר,רוטשילד,32.088419,34.8811436,2026-09-10T16:58:59+00:00,2025-10-09 13:41:15,,,7000,https://www.yad2.co.il/realestate/item/center-and-sharon/8edpnode,376,3
2290000,https://www.yad2.co.il/realestate/item/center-and-sharon/o4fr5g99,107,4.0,0,0.036681,פתח תקווה,,,32.0877639,34.8859985,2026-09-10T16:58:59+00:00,2026-06-25 13:14:33,,,7000,https://www.yad2.co.il/realestate/item/center-and-sharon/8edpnode,133,5
2290000,https://www.yad2.co.il/realestate/item/tel-aviv-area/u9hfyvag,78,3.0,55,0.036681,גבעתיים,גבעת הרמבם,ישראל טייבר,32.0716771,34.8063883,2026-09-10T14:00:06+00:00,2025-03-04 10:07:05,,,7000,https://www.yad2.co.il/realestate/item/tel-aviv-area/f6liqwb4,532,19
2290000,https://www.yad2.co.il/realestate/item/center-and-sharon/yxyk8ah1,96,4.0,0,0.036681,פתח תקווה,מחנה יהודה,אורלנסקי,32.0798332,34.8918579,2026-09-10T16:58:59+00:00,2026-04-21 09:40:12,,,7000,https://www.yad2.co.il/realestate/item/center-and-sharon/5gum4h6q,588,2
2290000,https://www.yad2.co.il/realestate/item/center-and-sharon/z8p06nxj,100,4.0,15,0.036681,פתח תקווה,כפר גנים א,,32.080839,34.8755594,2026-09-10T16:58:59+00:00,2026-08-11 13:04:47,,,7000,https://www.yad2.co.il/realestate/item/center-and-sharon/7lklznkt,201,10
2160000,https://www.yad2.co.il/realestate/item/center-and-sharon/rjlj1ugh,80,4.0,0,0.036667,בני ברק,גבעת רוקח,הראשונים 3,32.0910925,34.8274101,2026-09-10T13:58:20+00:00,2026-07-14 13:21:56,,,6600,https://www.yad2.co.il/realestate/item/center-and-sharon/rh80jxz8,547,2
2390000,https://www.yad2.co.il/realestate/item/center-and-sharon/03dfc1ca,117,3,10,0.036653,קרית אונו,קיראון,בצלאל גרינברג,32.0540533,34.8651013,2026-09-10T17:01:45+00:00,2026-08-25T18:26:28,,,7300,https://www.yad2.co.il/realestate/item/center-and-sharon/o39rgxc9,416,1
2390000,https://www.yad2.co.il/realestate/item/center-and-sharon/ilzfy16o,92,3,10,0.036653,קרית אונו,המרכז,,32.0581072,34.8580937,2026-09-10T17:01:45+00:00,2026-05-27T11:00:13,,,7300,https://www.yad2.co.il/realestate/item/center-and-sharon/btfu7ugc,598,9
2030000,https://www.yad2.co.il/realestate/item/tel-aviv-area/jbce2x6x,74,3.0,15,0.03665,תל אביב יפו,נווה אליעזר וכפר שלם מזרח,שדרות ששת הימים 33,32.0464093,34.8100152,2026-09-10T17:42:50+00:00,2026-01-21 12:04:29,,,6200,https://www.yad2.co.il/realestate/item/tel-aviv-area/wxcpz0qa,234,3
2000000,https://www.yad2.co.il/realestate/item/center-and-sharon/bmkfbtra,75,3.0,25,0.0366,בני ברק,גבעת סוקולוב,רבי עקיבא,32.0859182,34.8332514,2026-09-10T13:57:37+00:00,2025-11-21 13:28:25,,,6100,https://www.yad2.co.il/realestate/item/center-and-sharon/dxxgn592,388,1
2050000,https://www.yad2.co.il/realestate/item/center-and-sharon/b3qmsnje,92,4.0,15,0.036585,פתח תקווה,המרכז השקט / מרכז העיר,ביאליק 25,32.081697,34.8883513,2026-09-10T14:35:43+00:00,2026-04-26 13:10:41,,,6250,https://www.yad2.co.il/realestate/item/center-and-sharon/ypq4tgvr,587,1
2199000,https://www.yad2.co.il/realestate/item/tel-aviv-area/qnjj62gi,65,3.0,70,0.036562,גבעתיים,שינקין,אפנר,32.0746239,34.8127793,2026-09-10T14:00:06+00:00,2026-06-06 20:59:40,,,6700,https://www.yad2.co.il/realestate/item/tel-aviv-area/sxgp586k,560,17
2200000,https://www.yad2.co.il/realestate/item/center-and-sharon/0i0f9m1w,120,5.0,0,0.036545,פתח תקווה,לב המושבה / מרכז העיר,,32.0871038,34.8848259,2026-09-10T16:57:55+00:00,2025-10-19 17:19:20,,,6700,https://www.yad2.co.il/realestate/item/center-and-sharon/tbxuw4t5,548,1
2200000,https://www.yad2.co.il/realestate/item/tel-aviv-area/l3cnh8if,68,2.5,70,0.036545,גבעתיים,,,32.0729606,34.8113279,2026-09-10T14:00:06+00:00,2025-04-11 20:21:56,,,6700,https://www.yad2.co.il/realestate/item/tel-aviv-area/sxgp586k,333,15
2200000,https://www.yad2.co.il/realestate/item/tel-aviv-area/n7v0bj2e,60,3.0,0,0.036545,רמת גן,יד לבנים,"הרא""ה 136",32.0701217,34.8247482,2026-09-11T06:05:00+00:00,2025-09-11 10:37:30,,,6700,https://www.yad2.co.il/realestate/item/tel-aviv-area/lnzmgtch,597,2
2200000,https://www.yad2.co.il/realestate/item/tel-aviv-area/xb13hmyd,38,2.0,25,0.036545,תל אביב יפו,"לב תל אביב, לב העיר צפון",נחמני 62,32.064269,34.780486,2026-09-10T17:43:59+00:00,2025-02-27 15:08:37,,,6700,https://www.yad2.co.il/realestate/item/tel-aviv-area/mhgu134o,455,2
2430000,https://www.yad2.co.il/realestate/item/tel-aviv-area/33l1znxc,44,2.0,40,0.036543,תל אביב יפו,הצפון הישן - החלק הצפוני,יהושע בן נון 26,32.0888394,34.7804823,2026-09-10T17:46:13+00:00,2026-09-06 11:07:51,42,,7400,https://www.yad2.co.il/realestate/item/tel-aviv-area/9e4y91un,371,8
2299000,https://www.yad2.co.il/realestate/item/tel-aviv-area/3el1jmbc,42,2.0,15,0.036538,תל אביב יפו,"צפון יפו, המושבה האמריקאית-גרמנית",,32.052493,34.7620775,2026-09-10T17:44:43+00:00,2026-07-01 08:00:24,,,7000,https://www.yad2.co.il/realestate/item/tel-aviv-area/5jgcqh9h,546,2
2299000,https://www.yad2.co.il/realestate/item/tel-aviv-area/ljjmqhp7,75,3.0,100,0.036538,גבעתיים,גבעת הרמבם,המגדל,32.070106,34.8075043,2026-09-10T14:00:06+00:00,2026-08-19 10:33:20,,,7000,https://www.yad2.co.il/realestate/item/tel-aviv-area/f6liqwb4,332,19
2299000,https://www.yad2.co.il/realestate/item/tel-aviv-area/mxw9zdea,78,3.0,70,0.036538,רמת גן,"שכונת חשמונאים, מרכז העיר א",לאן,32.0825355,34.8083603,2026-09-11T06:06:49+00:00,2026-06-07 00:59:32,,,7000,https://www.yad2.co.il/realestate/item/tel-aviv-area/etktqzxx,208,1
2250000,https://www.yad2.co.il/realestate/item/tel-aviv-area/8g7rrl24,60,2.0,0,0.036533,תל אביב יפו,נווה שאנן,יסוד המעלה 31,32.0578114,34.7811698,2026-09-10T17:44:21+00:00,2026-09-03 13:55:31,,,6850,https://www.yad2.co.il/realestate/item/tel-aviv-area/ot8tidcw,556,3
2250000,https://www.yad2.co.il/realestate/item/tel-aviv-area/ch3fay9a,55,2.5,0,0.036533,תל אביב יפו,נווה שאנן,י.ל. פרץ 38,32.058348,34.7797947,2026-09-10T17:44:21+00:00,2026-07-19 10:34:34,,,6850,https://www.yad2.co.il/realestate/item/tel-aviv-area/ot8tidcw,415,5
2250000,https://www.yad2.co.il/realestate/item/tel-aviv-area/lhifzpv6,61,2.0,0,0.036533,תל אביב יפו,נווה שאנן,הגדוד העברי,32.0595485,34.7767968,2026-09-10T17:44:21+00:00,2026-06-08 11:57:52,,,6850,https://www.yad2.co.il/realestate/item/tel-aviv-area/ot8tidcw,115,4
2299999,https://www.yad2.co.il/realestate/item/center-and-sharon/6wa1v2jy,110,4.0,15,0.036522,פתח תקווה,כפר גנים א,דגל ראובן 31,32.0816099,34.8741942,2026-09-10T16:58:59+00:00,2026-06-08 17:19:14,,,7000,https://www.yad2.co.il/realestate/item/center-and-sharon/7lklznkt,82,7
2300000,https://www.yad2.co.il/realestate/item/center-and-sharon/d5hj7tl5,100,4.0,0,0.036522,פתח תקווה,לב המושבה / מרכז העיר,"פיק""א 8",32.0865199,34.8808546,2026-09-10T16:58:59+00:00,2026-06-14 18:38:57,,,7000,https://www.yad2.co.il/realestate/item/center-and-sharon/8edpnode,380,6
2300000,https://www.yad2.co.il/realestate/item/center-and-sharon/eajthq43,80,4.0,25,0.036522,בני ברק,הר שלום,רבי יהושע 16,32.0856515,34.8282682,2026-09-10T13:59:03+00:00,2026-08-29 22:37:59,,,7000,https://www.yad2.co.il/realestate/item/center-and-sharon/airpfwg1,438,2
2300000,https://www.yad2.co.il/realestate/item/center-and-sharon/gq6dy3qs,108,4.5,0,0.036522,בני ברק,שאר העיר,"לח""י",32.1038575,34.8301259,2026-09-10T13:59:03+00:00,2026-02-11 01:37:35,231,,7000,https://www.yad2.co.il/realestate/item/center-and-sharon/3uinr9yu,0,7
2300000,https://www.yad2.co.il/realestate/item/center-and-sharon/jazbdaco,110,4.0,15,0.036522,פתח תקווה,כפר גנים א,טרומפלדור,32.0828825,34.8782582,2026-09-10T16:58:59+00:00,2026-08-23 18:26:05,,,7000,https://www.yad2.co.il/realestate/item/center-and-sharon/7lklznkt,489,8
2300000,https://www.yad2.co.il/realestate/item/center-and-sharon/q8wdtbnj,90,4.0,25,0.036522,בני ברק,גבעת סוקולוב,סוקולוב,32.0874806,34.8338406,2026-09-10T13:59:03+00:00,2025-11-19 12:30:46,,,7000,https://www.yad2.co.il/realestate/item/center-and-sharon/airpfwg1,133,3
2300000,https://www.yad2.co.il/realestate/item/tel-aviv-area/svd4a8dz,75,3.5,55,0.036522,תל אביב יפו,"יפו ד', גבעת התמרים",קהילת קנדה 46,32.030969,34.75395,2026-09-10T17:45:05+00:00,2026-08-16 19:16:09,,,7000,https://www.yad2.co.il/realestate/item/tel-aviv-area/9fxqu5x4,553,1
2300000,https://www.yad2.co.il/realestate/item/center-and-sharon/y4fncczx,115,3.5,55,0.036522,פתח תקווה,המרכז השקט / מרכז העיר,סלומון 3,32.0847292,34.8819132,2026-09-10T16:58:59+00:00,2026-08-09 22:00:26,,,7000,https://www.yad2.co.il/realestate/item/center-and-sharon/hjqs45ve,430,1
2170000,https://www.yad2.co.il/realestate/item/center-and-sharon/x4300mqi,113,4.0,15,0.036498,פתח תקווה,לב המושבה / מרכז העיר,"ביל""ו",32.0871772,34.8805872,2026-09-10T16:57:29+00:00,2026-05-10 16:21:27,,,6600,https://www.yad2.co.il/realestate/item/center-and-sharon/hxusscze,536,3
2499900,https://www.yad2.co.il/realestate/item/tel-aviv-area/jcl5ekjb,91,3.0,55,0.036481,תל אביב יפו,"יפו ד', גבעת התמרים",נרדור 3,32.0343742,34.7576718,2026-09-10T17:46:59+00:00,2025-11-03 14:45:11,,,7600,https://www.yad2.co.il/realestate/item/tel-aviv-area/my1lejmu,593,2
2500000,https://www.yad2.co.il/realestate/item/tel-aviv-area/rrl8139e,68,3.0,0,0.03648,רמת גן,עליות,"הרא""ה",32.0787796,34.825397,2026-09-11T06:12:42+00:00,2026-07-06 15:53:19,,,7600,https://www.yad2.co.il/realestate/item/tel-aviv-area/txtnbm36,531,5
2270000,https://www.yad2.co.il/realestate/item/tel-aviv-area/f640iy4l,75,3.0,0,0.036476,רמת גן,אזור הבילויים,שרה אהרונסון,32.0611741,34.8248628,2026-09-11T06:05:43+00:00,2026-05-28 18:22:52,,,6900,https://www.yad2.co.il/realestate/item/tel-aviv-area/hmz19tue,0,2
2140000,https://www.yad2.co.il/realestate/item/center-and-sharon/41jxgcfk,95,5.0,15,0.036449,פתח תקווה,המרכז השקט / מרכז העיר,הרצל,32.0852837,34.8869244,2026-09-10T14:36:57+00:00,2026-08-30 15:07:11,,,6500,https://www.yad2.co.il/realestate/item/center-and-sharon/geomhxin,543,2
2190000,https://www.yad2.co.il/realestate/item/tel-aviv-area/1klrteas,70,3.0,25,0.036438,תל אביב יפו,"עג'מי, גבעת העליה",דונולו הרופא,32.040387,34.7498338,2026-09-10T17:43:36+00:00,2026-05-28 13:15:50,,,6650,https://www.yad2.co.il/realestate/item/tel-aviv-area/oyo5f9y6,515,1
2340000,https://www.yad2.co.il/realestate/item/tel-aviv-area/45z2cw3d,92,4.0,15,0.03641,רמת גן,רמת השקמה,שלם,32.05337,34.8128447,2026-09-11T06:07:10+00:00,2026-07-22 18:04:32,,,7100,https://www.yad2.co.il/realestate/item/tel-aviv-area/2lf25tfc,593,1
1980000,https://www.yad2.co.il/realestate/item/center-and-sharon/58quydkh,80,3.0,25,0.036364,בני ברק,הר שלום,רבי טרפון,32.086523,34.8282155,2026-09-10T13:57:15+00:00,2026-07-12 19:14:50,,,6000,https://www.yad2.co.il/realestate/item/tel-aviv-area/1m6chmgc,424,2
1980000,https://www.yad2.co.il/realestate/item/center-and-sharon/g9el2lih,81,3.0,0,0.036364,פתח תקווה,,בנימין מינץ,32.0713955,34.8917197,2026-09-10T14:34:34+00:00,2026-08-16 13:11:38,,,6000,https://www.yad2.co.il/realestate/item/center-and-sharon/sdeiefqj,279,1
1980000,https://www.yad2.co.il/realestate/item/center-and-sharon/kobc72mf,73,3.0,25,0.036364,בני ברק,הר שלום,התנאים,32.0848964,34.827605,2026-09-10T13:57:15+00:00,2026-08-10 18:21:55,,,6000,https://www.yad2.co.il/realestate/item/tel-aviv-area/1m6chmgc,274,2
2145000,https://www.yad2.co.il/realestate/item/center-and-sharon/ox7s4cn3,85,3.0,0,0.036364,פתח תקווה,,צבי הירש קלישר,32.0768886,34.8955403,2026-09-10T14:36:57+00:00,2026-08-07 12:52:43,,,6500,https://www.yad2.co.il/realestate/item/center-and-sharon/mu5fecv6,0,2
2245000,https://www.yad2.co.il/realestate/item/tel-aviv-area/q0zk4dlu,61,3.0,100,0.036347,תל אביב יפו,"נווה ברבור, כפר שלם מערב",דרך ההגנה 146,32.053361,34.802179,2026-09-10T17:44:21+00:00,2026-02-18 18:45:21,,,6800,https://www.yad2.co.il/realestate/item/tel-aviv-area/ty83uiv1,367,3
2280000,https://www.yad2.co.il/realestate/item/center-and-sharon/k1h2eptu,104,4.5,15,0.036316,פתח תקווה,לב המושבה / מרכז העיר,"רמב""ם 14",32.0907916,34.8898866,2026-09-10T16:58:39+00:00,2026-04-23 13:59:51,,,6900,https://www.yad2.co.il/realestate/item/center-and-sharon/w6ab8mhy,519,6
2050000,https://www.yad2.co.il/realestate/item/tel-aviv-area/nm6e7oyf,65,3.0,40,0.036293,תל אביב יפו,ניר אביב,,32.048033,34.8115181,2026-09-10T17:42:50+00:00,2025-01-02 18:11:09,,,6200,https://www.yad2.co.il/realestate/item/tel-aviv-area/wxcpz0qa,144,2
2050000,https://www.yad2.co.il/realestate/item/tel-aviv-area/vj69jh3l,75,3.0,15,0.036293,רמת גן,רמת עמידר,הרב לנדרס,32.0698131,34.8383684,2026-09-11T06:02:07+00:00,2026-07-20 14:57:23,,,6200,https://www.yad2.co.il/realestate/item/tel-aviv-area/vjkuw7ch,85,1
2100000,https://www.yad2.co.il/realestate/item/tel-aviv-area/of69skxc,59,3.0,0,0.036286,תל אביב יפו,נווה שאנן,יסוד המעלה 57,32.0578114,34.7811698,2026-09-10T17:43:14+00:00,2026-02-17 15:52:34,,,6350,https://www.yad2.co.il/realestate/item/tel-aviv-area/e0ji5kqi,54,2
2150000,https://www.yad2.co.il/realestate/item/tel-aviv-area/2xt0ag6o,86,3.0,25,0.036279,רמת גן,שכונת הלל,דרך בן גוריון,32.0986661,34.8272,2026-09-11T06:03:34+00:00,2026-08-19 11:44:46,,,6500,https://www.yad2.co.il/realestate/item/tel-aviv-area/ivu1goq2,0,1
2150000,https://www.yad2.co.il/realestate/item/tel-aviv-area/9hk2bnm9,80,4.0,25,0.036279,רמת גן,נגבה,אמיר,32.0692879,34.8252762,2026-09-11T06:03:34+00:00,2026-09-09 11:45:02,,,6500,https://www.yad2.co.il/realestate/item/tel-aviv-area/55s3w9vv,284,2
2150000,https://www.yad2.co.il/realestate/item/center-and-sharon/c3osk8lk,91,3.0,0,0.036279,פתח תקווה,מחנה יהודה,,32.0812723,34.8934525,2026-09-10T14:36:57+00:00,2026-09-07 08:53:45,,,6500,https://www.yad2.co.il/realestate/item/center-and-sharon/mu5fecv6,526,1
2150000,https://www.yad2.co.il/realestate/item/tel-aviv-area/dxxsw53h,55,3.0,15,0.036279,רמת גן,נגבה,"הרא""ה 269",32.07038,34.825556,2026-09-11T06:03:34+00:00,2025-12-11 20:04:58,,,6500,https://www.yad2.co.il/realestate/item/tel-aviv-area/yryilpld,572,1
2150000,https://www.yad2.co.il/realestate/item/center-and-sharon/f1s1vnd1,105,4.0,0,0.036279,פתח תקווה,כפר גנים א,חיים ארלוזורוב,32.08472,34.8746193,2026-09-10T14:36:57+00:00,2026-07-01 18:05:48,,,6500,https://www.yad2.co.il/realestate/item/center-and-sharon/oec4i11o,259,1
2150000,https://www.yad2.co.il/realestate/item/tel-aviv-area/gse09gls,47,2.0,70,0.036279,גבעתיים,"הל""ה",כצנלסון,32.0772285,34.8140494,2026-09-10T14:00:06+00:00,2026-07-21 21:01:16,,,6500,https://www.yad2.co.il/realestate/item/tel-aviv-area/8fbxyepd,518,1
2150000,https://www.yad2.co.il/realestate/item/center-and-sharon/mgsymmdw,78,3.5,0,0.036279,פתח תקווה,מחנה יהודה,צבי הירש קלישר 5,32.0768886,34.8955403,2026-09-10T14:36:57+00:00,2026-07-14 17:09:17,,,6500,https://www.yad2.co.il/realestate/item/center-and-sharon/mu5fecv6,0,2
2150000,https://www.yad2.co.il/realestate/item/center-and-sharon/pvayjkvc,110,4.0,25,0.036279,פתח תקווה,לב המושבה / מרכז העיר,ארתור רופין,32.0913857,34.8787314,2026-09-10T14:36:57+00:00,2025-08-28 21:08:29,,,6500,https://www.yad2.co.il/realestate/item/center-and-sharon/n1xe9kua,543,1
2150000,https://www.yad2.co.il/realestate/item/tel-aviv-area/qtdwtzji,70,3.0,55,0.036279,תל אביב יפו,נווה חן,מעפילי אגוז 86,32.0548271,34.8083226,2026-09-10T17:43:36+00:00,2026-07-03 18:04:31,,,6500,https://www.yad2.co.il/realestate/item/tel-aviv-area/ggjwziw5,409,2
2150000,https://www.yad2.co.il/realestate/item/center-and-sharon/tdvlu2y8,87,4.0,0,0.036279,בני ברק,יסודות,הגליל,32.093856,34.8424706,2026-09-10T13:58:20+00:00,2026-05-28 01:14:44,,,6500,https://www.yad2.co.il/realestate/item/center-and-sharon/sdraa8o0,137,1
2150000,https://www.yad2.co.il/realestate/item/center-and-sharon/yumrr3pz,95,3.5,0,0.036279,בני ברק,שאר העיר,"לח""י 3",32.1038411,34.8302792,2026-09-10T13:58:20+00:00,2026-05-14 22:00:27,,,6500,https://www.yad2.co.il/realestate/item/center-and-sharon/92rhlc64,0,4
2250000,https://www.yad2.co.il/realestate/item/tel-aviv-area/qgigjhiq,45,2.0,25,0.036267,תל אביב יפו,פלורנטין,החלוצים,32.0587872,34.7730144,2026-09-10T17:44:43+00:00,2025-08-11 21:51:06,,,6800,https://www.yad2.co.il/realestate/item/tel-aviv-area/spzp0k0u,359,10
2350000,https://www.yad2.co.il/realestate/item/tel-aviv-area/6b5beye7,93,4.0,15,0.036255,רמת גן,רמת השקמה,,32.050533,34.8172615,2026-09-11T06:07:32+00:00,2026-09-08 10:55:00,,,7100,https://www.yad2.co.il/realestate/item/tel-aviv-area/2lf25tfc,592,1
2320000,https://www.yad2.co.il/realestate/item/center-and-sharon/1vbdb970,87,3.0,0,0.036207,פתח תקווה,לב המושבה / מרכז העיר,זאב אורלוב,32.0946618,34.8870893,2026-09-10T16:58:59+00:00,2025-03-27 13:44:57,,,7000,https://www.yad2.co.il/realestate/item/center-and-sharon/55k35crk,266,5
2320000,https://www.yad2.co.il/realestate/item/center-and-sharon/jghwjfm2,100,4.0,0,0.036207,פתח תקווה,המרכז השקט / מרכז העיר,הרמן צבי שפירא,32.0820064,34.8862659,2026-09-10T16:58:39+00:00,2026-03-30 13:44:24,,,7000,https://www.yad2.co.il/realestate/item/center-and-sharon/8edpnode,583,6
2320000,https://www.yad2.co.il/realestate/item/center-and-sharon/kd3biavo,90,4.0,0,0.036207,פתח תקווה,המרכז השקט / מרכז העיר,חפץ חיים,32.0833052,34.8872075,2026-09-10T16:59:21+00:00,2023-09-07 09:03:26,,,7000,https://www.yad2.co.il/realestate/item/center-and-sharon/8edpnode,478,5
2320000,https://www.yad2.co.il/realestate/item/center-and-sharon/le0b3esx,100,4.0,25,0.036207,בני ברק,הר שלום,"שד""ל",32.0852226,34.8297783,2026-09-10T13:59:03+00:00,2026-06-07 12:39:27,,,7000,https://www.yad2.co.il/realestate/item/center-and-sharon/airpfwg1,348,2
2320000,https://www.yad2.co.il/realestate/item/center-and-sharon/pglbe4gi,94,4.0,0,0.036207,פתח תקווה,,הרב פינטו מסעוד אשר,32.1009176,34.8950301,2026-09-10T16:59:21+00:00,2025-05-11 09:22:54,,,7000,https://www.yad2.co.il/realestate/item/center-and-sharon/7cp7a487,357,3
1990000,https://www.yad2.co.il/realestate/item/center-and-sharon/058v5mf5,95,3.0,25,0.036181,פתח תקווה,לב המושבה / מרכז העיר,משה הס,32.0883458,34.8888529,2026-09-10T14:34:56+00:00,2025-07-13 06:42:50,,,6000,https://www.yad2.co.il/realestate/item/center-and-sharon/21ula1tx,404,1
1990000,https://www.yad2.co.il/realestate/item/center-and-sharon/onbxmz0c,80,3.5,15,0.036181,פתח תקווה,המרכז השקט / מרכז העיר,רוטשילד,32.0817963,34.8835091,2026-09-10T14:34:56+00:00,2026-08-13 19:19:42,,,6000,https://www.yad2.co.il/realestate/item/center-and-sharon/u6hiefko,89,1
1990000,https://www.yad2.co.il/realestate/item/tel-aviv-area/qu8jbya3,83,4.0,25,0.036181,תל אביב יפו,"התקוה, בית יעקב, נווה צה""ל",עבאס,32.0530171,34.7892513,2026-09-10T17:42:27+00:00,2026-05-31 12:22:12,,,6000,https://www.yad2.co.il/realestate/item/tel-aviv-area/v3ig77cz,371,1
2190000,https://www.yad2.co.il/realestate/item/tel-aviv-area/5p0l8hbr,58,3.0,25,0.036164,גבעתיים,"הל""ה",גוש עציון,32.0742058,34.8074028,2026-09-10T14:00:06+00:00,2026-03-15 14:22:21,,,6600,https://www.yad2.co.il/realestate/item/tel-aviv-area/8vx3xdxd,261,3
2240000,https://www.yad2.co.il/realestate/item/center-and-sharon/m7ad4ka3,95,4.0,15,0.036161,פתח תקווה,עין גנים,אמיר בנימיני,32.0855266,34.8972359,2026-09-10T16:58:17+00:00,2026-02-23 09:24:16,,,6750,https://www.yad2.co.il/realestate/item/center-and-sharon/4fftoqwe,452,11
2290000,https://www.yad2.co.il/realestate/item/tel-aviv-area/90lyvyib,65,2.5,70,0.036157,רמת גן,שכונת הראשונים,הראשונים,32.0808251,34.8036698,2026-09-11T06:06:06+00:00,2026-09-09 13:17:16,,,6900,https://www.yad2.co.il/realestate/item/tel-aviv-area/wrccgvvv,388,4
2290000,https://www.yad2.co.il/realestate/item/center-and-sharon/bbxt0qhi,94,4.0,0,0.036157,פתח תקווה,המרכז השקט / מרכז העיר,"קק""ל 16",32.079588,34.8848424,2026-09-10T16:58:59+00:00,2026-09-03 14:05:31,,,6900,https://www.yad2.co.il/realestate/item/center-and-sharon/bq7i3df2,470,4
2290000,https://www.yad2.co.il/realestate/item/tel-aviv-area/o9te6g4s,72,3.0,70,0.036157,רמת גן,"נווה רם, שיכון מזרחי",משמר הירדן,32.0649472,34.8291877,2026-09-11T06:06:28+00:00,2026-07-13 18:16:49,,,6900,https://www.yad2.co.il/realestate/item/tel-aviv-area/5d2evt11,594,4
2290000,https://www.yad2.co.il/realestate/item/tel-aviv-area/ql8fy61m,66,3.0,70,0.036157,רמת גן,"מרום נווה, רמת יצחק",מיכאל,32.0714493,34.8275995,2026-09-11T06:06:28+00:00,2026-08-24 10:25:49,,,6900,https://www.yad2.co.il/realestate/item/tel-aviv-area/5d2evt11,412,5
2290000,https://www.yad2.co.il/realestate/item/tel-aviv-area/tpj3kadl,66,3.0,40,0.036157,רמת גן,אזור הבילויים,ברודצקי,32.0633002,34.8247106,2026-09-11T06:06:49+00:00,2026-07-30 13:23:54,,,6900,https://www.yad2.co.il/realestate/item/tel-aviv-area/5d2evt11,599,6
2390000,https://www.yad2.co.il/realestate/item/tel-aviv-area/mwi4tzqe,73,3.0,55,0.036151,רמת גן,נחלת גנים,הפודים,32.0922413,34.8189925,2026-09-11T06:09:09+00:00,2026-07-07 10:33:48,,,7200,https://www.yad2.co.il/realestate/item/tel-aviv-area/njndng7w,327,5
2490000,https://www.yad2.co.il/realestate/item/tel-aviv-area/7khd7glj,84,3.0,0,0.036145,תל אביב יפו,"כפיר, נווה כפיר",דרך משה דיין 2,32.0479595,34.8006081,2026-09-10T17:46:36+00:00,2025-12-02 09:55:36,,,7500,https://www.yad2.co.il/realestate/item/tel-aviv-area/ctiuabeq,405,4
2490000,https://www.yad2.co.il/realestate/item/tel-aviv-area/j71z4fj3,81,4.0,25,0.036145,רמת גן,"שכונת חשמונאים, מרכז העיר א",המעגל,32.0827374,34.8129491,2026-09-11T06:11:41+00:00,2025-05-21 17:29:46,,,7500,https://www.yad2.co.il/realestate/item/tel-aviv-area/6z2ql9yf,318,9
2490000,https://www.yad2.co.il/realestate/item/tel-aviv-area/nr5lkv73,70,3.5,55,0.036145,גבעתיים,גבעת הרמבם,הדגנים,32.0675542,34.8056542,2026-09-10T14:00:29+00:00,2026-07-19 12:02:28,,,7500,https://www.yad2.co.il/realestate/item/tel-aviv-area/ouiprkxf,589,13
2160000,https://www.yad2.co.il/realestate/item/tel-aviv-area/afr24t34,85,3.0,15,0.036111,רמת גן,"נווה רם, שיכון מזרחי",ישורון,32.0682837,34.830094,2026-09-11T06:03:56+00:00,2026-07-06 19:52:32,,,6500,https://www.yad2.co.il/realestate/item/tel-aviv-area/7dp020fg,541,1
2160000,https://www.yad2.co.il/realestate/item/tel-aviv-area/njfs9vn9,66,3.0,70,0.036111,רמת גן,"נווה רם, שיכון מזרחי","אצ""ל",32.0661875,34.83335,2026-09-11T06:03:56+00:00,2026-07-19 01:41:48,,,6500,https://www.yad2.co.il/realestate/item/tel-aviv-area/p8ltzcwx,474,1
2330000,https://www.yad2.co.il/realestate/item/center-and-sharon/ogx1cb6t,111,4.0,0,0.036052,פתח תקווה,מחנה יהודה,נחמן מברסלב 3,32.0786705,34.8968972,2026-09-10T16:59:21+00:00,2025-12-10 21:30:41,,,7000,https://www.yad2.co.il/realestate/item/center-and-sharon/5gum4h6q,233,4
2330000,https://www.yad2.co.il/realestate/item/center-and-sharon/s1opbsho,120,4.0,40,0.036052,פתח תקווה,,,32.0877639,34.8859985,2026-09-10T16:59:21+00:00,2025-06-11 11:03:18,,,7000,https://www.yad2.co.il/realestate/item/center-and-sharon/hjqs45ve,90,1
2165000,https://www.yad2.co.il/realestate/item/center-and-sharon/99nfvfwp,97,4.0,0,0.036028,פתח תקווה,שעריה,הנביאים,32.0756952,34.8984184,2026-09-10T16:57:29+00:00,2026-05-07 14:52:35,,,6500,https://www.yad2.co.il/realestate/item/center-and-sharon/w3jzw8g0,302,1
2299000,https://www.yad2.co.il/realestate/item/center-and-sharon/zr5pmiwn,100,4.0,0,0.036016,פתח תקווה,לב המושבה / מרכז העיר,ארתור רופין,32.0913857,34.8787314,2026-09-10T14:34:12+00:00,2026-07-29 16:05:46,,,6900,https://www.yad2.co.il/realestate/item/center-and-sharon/r5l7uz2o,136,2
2000000,https://www.yad2.co.il/realestate/item/center-and-sharon/4kywl1cl,80,3.0,15,0.036,פתח תקווה,לב המושבה / מרכז העיר,נורדאו 1,32.0870371,34.8855817,2026-09-10T14:35:20+00:00,2026-09-06 12:37:02,,,6000,https://www.yad2.co.il/realestate/item/center-and-sharon/u6hiefko,575,1
2000000,https://www.yad2.co.il/realestate/item/center-and-sharon/8aypvy6d,95,4.0,25,0.036,בני ברק,קרית הרצוג,אברבנאל,32.0950979,34.8420268,2026-09-10T13:57:15+00:00,2026-08-03 21:04:56,,,6000,https://www.yad2.co.il/realestate/item/center-and-sharon/t1flt1s4,590,1
2500000,https://www.yad2.co.il/realestate/item/tel-aviv-area/9a5lb0z0,67,2.0,0,0.036,תל אביב יפו,יד אליהו,לה גווארדיה 68,32.0592283,34.793419,2026-09-10T17:46:59+00:00,2026-06-08 12:50:02,,,7500,https://www.yad2.co.il/realestate/item/tel-aviv-area/9plikwr2,341,1
2000000,https://www.yad2.co.il/realestate/item/center-and-sharon/agcabr44,90,3.0,25,0.036,בני ברק,הר שלום,הרב אברהם יצחק הכהן קוק 22,32.0848964,34.827605,2026-09-10T13:57:37+00:00,2026-09-05 22:26:15,59,,6000,https://www.yad2.co.il/realestate/item/tel-aviv-area/1m6chmgc,274,3
2300000,https://www.yad2.co.il/realestate/item/tel-aviv-area/c40vn2kz,65,3.0,70,0.036,רמת גן,שכונת גפן,,32.0686867,34.8246812,2026-09-11T06:06:49+00:00,2025-08-07 22:34:03,,,6900,https://www.yad2.co.il/realestate/item/tel-aviv-area/5d2evt11,0,6
2300000,https://www.yad2.co.il/realestate/item/tel-aviv-area/cumgcks3,60,2.5,55,0.036,רמת גן,"שכונת חשמונאים, מרכז העיר א",לוי,32.0832568,34.8092002,2026-09-11T06:06:49+00:00,2026-08-03 20:27:18,,,6900,https://www.yad2.co.il/realestate/item/tel-aviv-area/9ciaki0a,294,4
1999999,https://www.yad2.co.il/realestate/item/center-and-sharon/gz49vx7h,90,4.0,25,0.036,בני ברק,פרדס כץ,הרב ברוט 10,32.0935977,34.8342752,2026-09-10T13:57:15+00:00,2026-07-20 09:54:08,,,6000,https://www.yad2.co.il/realestate/item/center-and-sharon/t1flt1s4,224,1
2000000,https://www.yad2.co.il/realestate/item/tel-aviv-area/hj03uoid,30,1.0,25,0.036,תל אביב יפו,הצפון הישן - החלק הצפוני,אוסישקין 28,32.0955975,34.7834675,2026-09-10T17:42:50+00:00,2026-04-26 10:05:23,,,6000,https://www.yad2.co.il/realestate/item/tel-aviv-area/qwnp7ky6,318,1
2500000,https://www.yad2.co.il/realestate/item/tel-aviv-area/kyiffeod,84,3.0,40,0.036,רמת גן,,נתן,32.0828063,34.8175169,2026-09-11T06:12:23+00:00,2025-08-01 12:54:30,,,7500,https://www.yad2.co.il/realestate/item/tel-aviv-area/i4snyfxa,74,2
2250000,https://www.yad2.co.il/realestate/item/tel-aviv-area/odc3l2w2,60,2.5,70,0.036,תל אביב יפו,יד אליהו,וינגייט,32.0599702,34.7907114,2026-09-10T17:44:21+00:00,2025-09-17 16:51:48,,,6750,https://www.yad2.co.il/realestate/item/tel-aviv-area/w2a0371o,143,3
2300000,https://www.yad2.co.il/realestate/item/center-and-sharon/pctxywrx,100,4.0,10,0.036,פתח תקווה,,הזוהר,32.0800942,34.8969026,2026-09-10T16:58:59+00:00,2025-08-18 08:42:07,,,6900,https://www.yad2.co.il/realestate/item/center-and-sharon/hvmi7nmv,379,1
2500000,https://www.yad2.co.il/realestate/item/center-and-sharon/ttcivpr1,95,4.0,0,0.036,בני ברק,נחלת שמעון,הרב חי טייב 9,32.0873899,34.8324376,2026-09-10T13:59:43+00:00,2026-09-02 13:45:13,,,7500,https://www.yad2.co.il/realestate/item/center-and-sharon/a0pjwa8c,0,9
2000000,https://www.yad2.co.il/realestate/item/tel-aviv-area/yy5i2ea2,83,4.0,25,0.036,תל אביב יפו,"התקוה, בית יעקב, נווה צה""ל",,32.0524776,34.7903462,2026-09-10T17:42:50+00:00,2026-08-26 14:07:35,,,6000,https://www.yad2.co.il/realestate/item/tel-aviv-area/v3ig77cz,273,1
2270000,https://www.yad2.co.il/realestate/item/center-and-sharon/az1lh2q9,117,4.0,15,0.035947,פתח תקווה,,,32.0877639,34.8859985,2026-09-10T16:58:39+00:00,2026-06-23 12:59:48,,,6800,https://www.yad2.co.il/realestate/item/center-and-sharon/14n8cy07,397,3
2170000,https://www.yad2.co.il/realestate/item/tel-aviv-area/i48k8muk,68,2.0,55,0.035945,גבעתיים,שינקין,יעקב פיינברג,32.0729606,34.8113279,2026-09-10T14:00:06+00:00,2026-06-14 13:47:53,,,6500,https://www.yad2.co.il/realestate/item/tel-aviv-area/8fbxyepd,169,4
2170000,https://www.yad2.co.il/realestate/item/center-and-sharon/kxvag8u9,107,5.0,15,0.035945,פתח תקווה,מחנה יהודה,אורלנסקי,32.0798332,34.8918579,2026-09-10T14:35:43+00:00,2025-10-15 11:35:01,,,6500,https://www.yad2.co.il/realestate/item/center-and-sharon/oesq836j,584,1
2070000,https://www.yad2.co.il/realestate/item/tel-aviv-area/87dyiepi,65,3.0,70,0.035942,תל אביב יפו,,הרצפלד 10,32.0454017,34.812061,2026-09-10T17:42:50+00:00,2026-02-09 14:00:02,,,6200,https://www.yad2.co.il/realestate/item/tel-aviv-area/wxcpz0qa,393,2
2340000,https://www.yad2.co.il/realestate/item/center-and-sharon/5cv5jemz,100,4.0,0,0.035897,פתח תקווה,מחנה יהודה,הזוהר,32.0800942,34.8969026,2026-09-10T16:59:21+00:00,2026-04-13 11:19:13,,,7000,https://www.yad2.co.il/realestate/item/center-and-sharon/5gum4h6q,391,4
2340000,https://www.yad2.co.il/realestate/item/center-and-sharon/mlx51pc9,108,4.0,0,0.035897,פתח תקווה,מחנה יהודה,נחמן מברסלב 3,32.0786705,34.8968972,2026-09-10T16:59:21+00:00,2025-12-10 21:51:16,,,7000,https://www.yad2.co.il/realestate/item/center-and-sharon/5gum4h6q,233,4
2290000,https://www.yad2.co.il/realestate/item/center-and-sharon/sw8scwth,138,4.0,0,0.035895,פתח תקווה,מחנה יהודה,מחנה יהודה 1,32.0823921,34.8955023,2026-09-10T16:58:59+00:00,2026-08-24 16:31:47,,,6850,https://www.yad2.co.il/realestate/item/center-and-sharon/4y0kuspl,225,3
2290000,https://www.yad2.co.il/realestate/item/center-and-sharon/vvgni3na,126,4.0,0,0.035895,פתח תקווה,עין גנים,דוד פוחס,32.0878696,34.8945415,2026-09-10T16:58:59+00:00,2026-02-19 20:24:17,,,6850,https://www.yad2.co.il/realestate/item/center-and-sharon/4y0kuspl,523,2
2090000,https://www.yad2.co.il/realestate/item/tel-aviv-area/5ozmpov8,60,4.0,70,0.035885,רמת גן,"שכונת יהלום, מרכז העיר ב",דרך בן גוריון,32.0986661,34.8272,2026-09-11T06:02:29+00:00,2026-04-28 10:16:50,,,6250,https://www.yad2.co.il/realestate/item/tel-aviv-area/a2ynexto,503,1
2175000,https://www.yad2.co.il/realestate/item/tel-aviv-area/kkvy5is3,65,2.0,70,0.035862,גבעתיים,שינקין,,32.0729606,34.8113279,2026-09-10T14:00:06+00:00,2026-07-13 12:59:51,,,6500,https://www.yad2.co.il/realestate/item/tel-aviv-area/8fbxyepd,169,4
2010000,https://www.yad2.co.il/realestate/item/center-and-sharon/5bjnisy0,85,4.0,15,0.035821,פתח תקווה,המרכז השקט / מרכז העיר,הרמן צבי שפירא,32.0820064,34.8862659,2026-09-10T14:35:20+00:00,2026-07-16 21:32:37,,,6000,https://www.yad2.co.il/realestate/item/center-and-sharon/wea7id9i,370,2
2295000,https://www.yad2.co.il/realestate/item/tel-aviv-area/erxb18d4,71,3.0,55,0.035817,תל אביב יפו,נווה חן,מעפילי אגוז 66,32.0545734,34.8098708,2026-09-10T17:44:43+00:00,2026-01-13 14:57:35,,,6850,https://www.yad2.co.il/realestate/item/tel-aviv-area/t1u6xs7p,358,2
2180000,https://www.yad2.co.il/realestate/item/tel-aviv-area/gc9l4sks,90,3.0,15,0.03578,רמת גן,"נווה רם, שיכון מזרחי","אצ""ל",32.0661875,34.83335,2026-09-11T06:03:56+00:00,2026-09-10 13:06:13,,,6500,https://www.yad2.co.il/realestate/item/tel-aviv-area/7dp020fg,200,2
2080000,https://www.yad2.co.il/realestate/item/center-and-sharon/hn7ciliu,80,3.5,25,0.035769,בני ברק,הר שלום,ירושלים,32.0830293,34.8281871,2026-09-10T13:57:59+00:00,2026-02-09 10:08:43,,,6200,https://www.yad2.co.il/realestate/item/tel-aviv-area/sgmpwrdi,543,4
2349000,https://www.yad2.co.il/realestate/item/center-and-sharon/h5wrdtbe,110,4.5,15,0.03576,פתח תקווה,כפר גנים א,היבנר,32.0804692,34.8717417,2026-09-10T16:59:21+00:00,2026-08-17 12:10:59,,,7000,https://www.yad2.co.il/realestate/item/center-and-sharon/7lklznkt,182,6
2299000,https://www.yad2.co.il/realestate/item/center-and-sharon/qfc1pc7k,112,5.0,0,0.035755,פתח תקווה,,"האר""י הקדוש",32.080802,34.8953077,2026-09-10T16:58:59+00:00,2025-11-30 22:34:10,,,6850,https://www.yad2.co.il/realestate/item/center-and-sharon/4y0kuspl,378,1
2350000,https://www.yad2.co.il/realestate/item/tel-aviv-area/673wkn38,65,2.5,0,0.035745,תל אביב יפו,נווה שאנן,עין הקורא,32.0573451,34.7824421,2026-09-10T17:45:29+00:00,2026-04-16 13:11:41,,,7000,https://www.yad2.co.il/realestate/item/tel-aviv-area/ocie0vza,214,7
2350000,https://www.yad2.co.il/realestate/item/center-and-sharon/7nxenjoy,138,4.0,0,0.035745,פתח תקווה,,,32.0877639,34.8859985,2026-09-10T14:34:12+00:00,2026-05-11 12:34:30,,,7000,https://www.yad2.co.il/realestate/item/center-and-sharon/5zh17xal,465,2
2350000,https://www.yad2.co.il/realestate/item/center-and-sharon/8qmytm50,109,4.0,0,0.035745,פתח תקווה,המרכז השקט / מרכז העיר,אחד העם,32.0840613,34.886523,2026-09-10T16:59:21+00:00,2025-05-16 14:53:12,,,7000,https://www.yad2.co.il/realestate/item/center-and-sharon/8edpnode,374,6
2350000,https://www.yad2.co.il/realestate/item/center-and-sharon/9pp8mr7x,96,3.0,15,0.035745,פתח תקווה,עין גנים,הרברט סמואל 6,32.087871,34.8956659,2026-09-10T16:59:21+00:00,2026-08-14 19:31:58,,,7000,https://www.yad2.co.il/realestate/item/center-and-sharon/5xzi9ydx,480,1
2350000,https://www.yad2.co.il/realestate/item/center-and-sharon/izjvzkqa,91,3.5,25,0.035745,בני ברק,"הפועל המזרחי ד', שיכון ד'",יבנה,32.0840896,34.8301581,2026-09-10T13:59:03+00:00,2026-06-28 13:12:48,,,7000,https://www.yad2.co.il/realestate/item/center-and-sharon/airpfwg1,425,4
2350000,https://www.yad2.co.il/realestate/item/center-and-sharon/keg2vn4z,99,3.0,0,0.035745,פתח תקווה,עין גנים,דון יצחק אברבנאל 14,32.0924467,34.8927783,2026-09-10T16:59:21+00:00,2026-06-23 13:03:50,,,7000,https://www.yad2.co.il/realestate/item/center-and-sharon/ae0xxa2k,545,3
2350000,https://www.yad2.co.il/realestate/item/center-and-sharon/ms1kr4qk,94,4.0,0,0.035745,פתח תקווה,לב המושבה / מרכז העיר,דוד מאיר גוטמן 13,32.0871038,34.8848259,2026-09-10T16:59:42+00:00,2026-06-07 11:29:12,,,7000,https://www.yad2.co.il/realestate/item/center-and-sharon/8edpnode,0,5
2350000,https://www.yad2.co.il/realestate/item/center-and-sharon/nhack0hs,112,4.0,0,0.035745,פתח תקווה,שיפר,יוסף ספיר 39,32.0975025,34.8928156,2026-09-10T16:59:42+00:00,2026-01-04 09:52:11,,,7000,https://www.yad2.co.il/realestate/item/center-and-sharon/7cp7a487,211,3
2350000,https://www.yad2.co.il/realestate/item/center-and-sharon/pne4qvah,100,4.0,0,0.035745,פתח תקווה,אחדות,בריגדיר קיש 36,32.072742,34.8950248,2026-09-10T16:59:42+00:00,2026-08-20 15:25:50,,,7000,https://www.yad2.co.il/realestate/item/center-and-sharon/5gum4h6q,458,1
2350000,https://www.yad2.co.il/realestate/item/center-and-sharon/qlvflr8m,110,4.5,0,0.035745,פתח תקווה,משכנות גנים,שלומציון המלכה 12,32.1024313,34.8996065,2026-09-10T16:59:42+00:00,2026-06-09 22:06:37,,,7000,https://www.yad2.co.il/realestate/item/center-and-sharon/0yla9c0w,43,2
2300000,https://www.yad2.co.il/realestate/item/center-and-sharon/3zut5m06,100,4.0,0,0.035739,פתח תקווה,צמרת גנים / עין גנים דרום,אלעזר פרידמן,32.0812182,34.9015195,2026-09-10T16:58:59+00:00,2023-07-02 19:01:36,,,6850,https://www.yad2.co.il/realestate/item/center-and-sharon/4y0kuspl,491,3
2250000,https://www.yad2.co.il/realestate/item/tel-aviv-area/7q6551ef,55,3.0,0,0.035733,רמת גן,"שכונת בן גוריון, מרכז העיר ג'",,32.0686867,34.8246812,2026-09-11T06:05:21+00:00,2026-08-25 21:32:28,,,6700,https://www.yad2.co.il/realestate/item/tel-aviv-area/lnzmgtch,581,2
2250000,https://www.yad2.co.il/realestate/item/tel-aviv-area/aropm7lb,60,2.0,25,0.035733,גבעתיים,"הל""ה",,32.0735543,34.8046169,2026-09-10T14:00:06+00:00,2026-08-09 11:43:50,,,6700,https://www.yad2.co.il/realestate/item/tel-aviv-area/r9qkq74q,580,4
2250000,https://www.yad2.co.il/realestate/item/tel-aviv-area/gbqb13oc,63,2.0,0,0.035733,רמת גן,שכונת הלל,"הרא""ה 90",32.0807993,34.8253633,2026-09-11T06:05:43+00:00,2026-09-10 18:57:24,,,6700,https://www.yad2.co.il/realestate/item/tel-aviv-area/k9nfecqe,271,1
2250000,https://www.yad2.co.il/realestate/item/tel-aviv-area/wc539xue,64,2.5,25,0.035733,גבעתיים,"הל""ה","הל""ה",32.0737113,34.8083918,2026-09-10T14:00:06+00:00,2026-07-07 15:24:09,,,6700,https://www.yad2.co.il/realestate/item/tel-aviv-area/sxgp586k,409,11
2015000,https://www.yad2.co.il/realestate/item/tel-aviv-area/l27yl19h,67,3.0,55,0.035732,רמת גן,אזור הבילויים,שרה אהרונסון,32.0611741,34.8248628,2026-09-11T06:01:45+00:00,2026-09-07 22:07:27,,,6000,https://www.yad2.co.il/realestate/item/tel-aviv-area/geipfv5w,200,1
2150000,https://www.yad2.co.il/realestate/item/center-and-sharon/sk6nfl24,95,4.0,0,0.035721,פתח תקווה,המרכז השקט / מרכז העיר,שמואל סלנט 68,32.0863708,34.8925421,2026-09-10T14:36:57+00:00,2026-08-24 22:24:57,,,6400,https://www.yad2.co.il/realestate/item/center-and-sharon/b27emqi3,498,1
2100000,https://www.yad2.co.il/realestate/item/center-and-sharon/lbskaghk,110,4.0,15,0.035714,פתח תקווה,המרכז השקט / מרכז העיר,הרצל,32.0852837,34.8869244,2026-09-10T14:36:37+00:00,2026-08-10 17:48:29,,,6250,https://www.yad2.co.il/realestate/item/center-and-sharon/ypq4tgvr,513,3
2050000,https://www.yad2.co.il/realestate/item/center-and-sharon/cg4mfq6q,80,3.0,25,0.035707,בני ברק,גבעת רוקח,רבי עקיבא,32.0859182,34.8332514,2026-09-10T13:57:37+00:00,2025-10-23 15:53:42,,,6100,https://www.yad2.co.il/realestate/item/center-and-sharon/dxxgn592,388,1
2420000,https://www.yad2.co.il/realestate/item/tel-aviv-area/rwj5tzga,81,3.0,15,0.035702,רמת גן,חרוזים,ידע עם,32.0895857,34.8024642,2026-09-11T06:10:14+00:00,2026-03-30 18:52:31,,,7200,https://www.yad2.co.il/realestate/item/tel-aviv-area/uk9k1axd,155,2
2320000,https://www.yad2.co.il/realestate/item/center-and-sharon/j0fiel5b,90,4.0,0,0.03569,פתח תקווה,מחנה יהודה,בעל שם טוב,32.0829158,34.8927359,2026-09-10T16:59:21+00:00,2026-08-02 12:31:23,,,6900,https://www.yad2.co.il/realestate/item/center-and-sharon/bq7i3df2,523,3
2355000,https://www.yad2.co.il/realestate/item/tel-aviv-area/tlyk1m46,80,3.0,55,0.035669,רמת גן,"שכונת יהלום, מרכז העיר ב",הרצל,32.0819823,34.8166592,2026-09-11T06:08:15+00:00,2026-05-19 11:20:08,,,7000,https://www.yad2.co.il/realestate/item/tel-aviv-area/oi4ilhsa,583,15
2390000,https://www.yad2.co.il/realestate/item/tel-aviv-area/5mspxgn9,55,2.0,0,0.035649,רמת גן,שכונת הראשונים,בועז,32.0801795,34.8070506,2026-09-11T06:08:47+00:00,2026-05-27 11:56:47,,,7100,https://www.yad2.co.il/realestate/item/tel-aviv-area/o44xxxns,311,2
2020000,https://www.yad2.co.il/realestate/item/tel-aviv-area/qygubunz,57,3.0,0,0.035644,תל אביב יפו,נווה שאנן,יסוד המעלה 57,32.0578114,34.7811698,2026-09-10T17:42:50+00:00,2026-07-30 12:25:46,217,,6000,https://www.yad2.co.il/realestate/item/tel-aviv-area/clu3suls,143,1
2190000,https://www.yad2.co.il/realestate/item/center-and-sharon/17v422za,100,4.0,0,0.035616,פתח תקווה,המרכז השקט / מרכז העיר,יהוד 7,32.0782689,34.8839374,2026-09-10T16:57:29+00:00,2026-06-29 02:48:53,,,6500,https://www.yad2.co.il/realestate/item/center-and-sharon/gbkpl94n,170,1
2190000,https://www.yad2.co.il/realestate/item/tel-aviv-area/914jnu3u,80,3.0,40,0.035616,רמת גן,"נווה רם, שיכון מזרחי","אצ""ל 3",32.0729206,34.8178918,2026-09-11T06:04:17+00:00,2026-08-05 15:33:14,,,6500,https://www.yad2.co.il/realestate/item/tel-aviv-area/yryilpld,246,1
2190000,https://www.yad2.co.il/realestate/item/tel-aviv-area/9hkktu83,65,2.5,70,0.035616,רמת גן,"שכונת חשמונאים, מרכז העיר א",,32.0686867,34.8246812,2026-09-11T06:04:17+00:00,2025-09-09 14:18:22,,,6500,https://www.yad2.co.il/realestate/item/tel-aviv-area/p0jrmdkz,0,4
2190000,https://www.yad2.co.il/realestate/item/tel-aviv-area/byg2hsf6,60,2.5,70,0.035616,רמת גן,"שכונת חשמונאים, מרכז העיר א",,32.0686867,34.8246812,2026-09-11T06:04:17+00:00,2026-06-21 12:02:56,,,6500,https://www.yad2.co.il/realestate/item/tel-aviv-area/p0jrmdkz,0,3
2190000,https://www.yad2.co.il/realestate/item/tel-aviv-area/el8uxqxv,61,2.5,40,0.035616,רמת גן,נגבה,טרומן 22,32.0680774,34.825041,2026-09-11T06:04:38+00:00,2025-07-16 16:21:32,,,6500,https://www.yad2.co.il/realestate/item/tel-aviv-area/p0jrmdkz,76,2
2190000,https://www.yad2.co.il/realestate/item/tel-aviv-area/githv4sz,57,2.0,25,0.035616,גבעתיים,שינקין,כצנלסון 78,32.0762643,34.8129111,2026-09-10T14:00:06+00:00,2026-08-04 17:38:26,,,6500,https://www.yad2.co.il/realestate/item/tel-aviv-area/8fbxyepd,366,4
2190000,https://www.yad2.co.il/realestate/item/tel-aviv-area/kgdgvmbb,65,2.5,40,0.035616,רמת גן,קרית בורוכוב,גרנדוס,32.069809,34.8202285,2026-09-11T06:04:38+00:00,2025-12-02 17:37:02,,,6500,https://www.yad2.co.il/realestate/item/tel-aviv-area/p0jrmdkz,438,6
2190000,https://www.yad2.co.il/realestate/item/tel-aviv-area/kjb5th59,70,3.0,70,0.035616,תל אביב יפו,נווה חן,מעפילי אגוז 69,32.053858,34.809189,2026-09-10T17:43:59+00:00,2025-12-13 21:33:34,,,6500,https://www.yad2.co.il/realestate/item/tel-aviv-area/ggjwziw5,506,2
2190000,https://www.yad2.co.il/realestate/item/tel-aviv-area/njf30yc5,80,3.0,70,0.035616,רמת גן,תל יהודה,דרך בן גוריון 205,32.068832,34.817162,2026-09-11T06:04:38+00:00,2026-03-18 19:01:07,,,6500,https://www.yad2.co.il/realestate/item/tel-aviv-area/55s3w9vv,483,3
2190000,https://www.yad2.co.il/realestate/item/center-and-sharon/ydw3k50m,105,5.0,40,0.035616,פתח תקווה,המרכז השקט / מרכז העיר,הרב קטרוני 20,32.0863708,34.8925421,2026-09-10T16:57:55+00:00,2024-12-05 15:42:14,,,6500,https://www.yad2.co.il/realestate/item/center-and-sharon/kzreuy7y,543,1
2260000,https://www.yad2.co.il/realestate/item/center-and-sharon/kw5msijz,80,3.0,0,0.035575,בני ברק,"הפועל המזרחי ד', שיכון ד'",ירושלים,32.0854091,34.8299252,2026-09-10T13:58:42+00:00,2026-04-16 12:12:43,,,6700,https://www.yad2.co.il/realestate/item/tel-aviv-area/inrvan5j,594,1
2194000,https://www.yad2.co.il/realestate/item/center-and-sharon/7qdibg1b,98,5.0,15,0.035552,פתח תקווה,המרכז השקט / מרכז העיר,הרצל 83,32.0852837,34.8869244,2026-09-10T16:57:55+00:00,2026-08-31 16:15:02,,,6500,https://www.yad2.co.il/realestate/item/center-and-sharon/geomhxin,543,2
2110000,https://www.yad2.co.il/realestate/item/center-and-sharon/ucxruqea,105,4.0,15,0.035545,פתח תקווה,קרית הרב סלומון,הירקונים 8,32.1006874,34.8972552,2026-09-10T14:36:37+00:00,2026-08-22 21:58:57,,,6250,https://www.yad2.co.il/realestate/item/center-and-sharon/dt6jl36e,545,2
2330000,https://www.yad2.co.il/realestate/item/center-and-sharon/10b0npi7,106,4.0,0,0.035536,פתח תקווה,המרכז השקט / מרכז העיר,שמואל סלנט,32.078926,34.889789,2026-09-10T16:59:21+00:00,2026-08-05 11:37:40,,,6900,https://www.yad2.co.il/realestate/item/center-and-sharon/bq7i3df2,544,3
2195000,https://www.yad2.co.il/realestate/item/center-and-sharon/nxv9adn5,98,5.0,15,0.035535,פתח תקווה,המרכז השקט / מרכז העיר,הרצל 83,32.0852837,34.8869244,2026-09-10T16:57:55+00:00,2026-07-08 20:56:00,,,6500,https://www.yad2.co.il/realestate/item/center-and-sharon/geomhxin,543,2
2500000,https://www.yad2.co.il/realestate/item/tel-aviv-area/u6joe5ws,38,2.0,100,0.03552,תל אביב יפו,הצפון הישן - החלק הצפוני,עמנואל הרומי,32.0872111,34.781274,2026-09-10T17:46:59+00:00,2025-11-24 11:45:29,,,7400,https://www.yad2.co.il/realestate/item/tel-aviv-area/9e4y91un,492,2
2230000,https://www.yad2.co.il/realestate/item/center-and-sharon/xi8hh5mh,93,4.0,0,0.035516,בני ברק,פרדס כץ,מנחם בגין,32.0930281,34.8317312,2026-09-10T13:58:20+00:00,2025-11-01 23:24:04,,,6600,https://www.yad2.co.il/realestate/item/center-and-sharon/rh80jxz8,501,2
2299000,https://www.yad2.co.il/realestate/item/center-and-sharon/2jcugmlk,101,4.0,0,0.035494,פתח תקווה,,,32.0877639,34.8859985,2026-09-10T14:35:43+00:00,2026-05-13 21:04:27,,,6800,https://www.yad2.co.il/realestate/item/center-and-sharon/cskktuuk,427,2
2029000,https://www.yad2.co.il/realestate/item/center-and-sharon/0z1s79x3,100,4.5,25,0.035485,בני ברק,פרדס כץ,בנימין אברהם,32.0939786,34.8402422,2026-09-10T13:57:37+00:00,2026-06-23 00:03:19,,,6000,https://www.yad2.co.il/realestate/item/center-and-sharon/t1flt1s4,442,1
2300000,https://www.yad2.co.il/realestate/item/tel-aviv-area/6od8ebt4,51,2.5,25,0.035478,תל אביב יפו,נווה שאנן,הקונגרס 36,32.055693,34.776825,2026-09-10T17:45:05+00:00,2026-08-19 16:07:29,,,6800,https://www.yad2.co.il/realestate/item/tel-aviv-area/c51anx1f,497,9
2300000,https://www.yad2.co.il/realestate/item/center-and-sharon/kf9zsn6c,95,4.0,0,0.035478,פתח תקווה,,,32.0877639,34.8859985,2026-09-10T16:58:59+00:00,2024-01-17 10:36:46,,,6800,https://www.yad2.co.il/realestate/item/center-and-sharon/cskktuuk,427,1
2300000,https://www.yad2.co.il/realestate/item/center-and-sharon/rvjlh9va,102,4.0,0,0.035478,פתח תקווה,,,32.0877639,34.8859985,2026-09-10T16:58:17+00:00,2026-08-23 13:53:02,,,6800,https://www.yad2.co.il/realestate/item/center-and-sharon/cskktuuk,427,2
2165000,https://www.yad2.co.il/realestate/item/center-and-sharon/pv9oxd2p,112,4.0,0,0.035473,פתח תקווה,עין גנים,פרישמן,32.091458,34.8903869,2026-09-10T14:34:12+00:00,2026-03-15 11:26:39,,,6400,https://www.yad2.co.il/realestate/item/center-and-sharon/b27emqi3,194,2
2030000,https://www.yad2.co.il/realestate/item/tel-aviv-area/09cbtblj,80,4.0,70,0.035468,תל אביב יפו,נווה אליעזר וכפר שלם מזרח,צוקרמן 5,32.0464359,34.8080294,2026-09-10T17:42:50+00:00,2026-08-04 10:33:58,,,6000,https://www.yad2.co.il/realestate/item/tel-aviv-area/00z4ldh1,390,2
2250000,https://www.yad2.co.il/realestate/item/tel-aviv-area/7netpypj,70,3.0,25,0.035467,תל אביב יפו,"צהלון, שיכוני חסכון","ציהתל""י",32.0414758,34.7559385,2026-09-10T17:44:21+00:00,2025-09-03 20:37:18,,,6650,https://www.yad2.co.il/realestate/item/tel-aviv-area/oyo5f9y6,261,1
2250000,https://www.yad2.co.il/realestate/item/tel-aviv-area/kev98m5q,75,3.5,40,0.035467,תל אביב יפו,"צהלון, שיכוני חסכון",שבטי ישראל,32.0444773,34.7538042,2026-09-10T17:44:21+00:00,2025-05-14 10:46:28,,,6650,https://www.yad2.co.il/realestate/item/tel-aviv-area/oyo5f9y6,596,1
2200000,https://www.yad2.co.il/realestate/item/tel-aviv-area/hrk8irjf,54,3.0,25,0.035455,תל אביב יפו,"נווה עופר, תל כביר",,32.039137,34.766814,2026-09-10T17:43:59+00:00,2026-09-01 14:06:32,,,6500,https://www.yad2.co.il/realestate/item/tel-aviv-area/versyoj3,291,1
2200000,https://www.yad2.co.il/realestate/item/tel-aviv-area/jyckwy57,70,2.5,70,0.035455,רמת גן,"שכונת יהלום, מרכז העיר ב",קריניצי,32.0800729,34.8172856,2026-09-11T06:05:00+00:00,2026-08-19 11:27:16,,,6500,https://www.yad2.co.il/realestate/item/tel-aviv-area/d1kfw6ge,263,11
2200000,https://www.yad2.co.il/realestate/item/tel-aviv-area/mwy4sxsc,50,2.0,70,0.035455,גבעתיים,שינקין,,32.0729606,34.8113279,2026-09-10T19:21:42+00:00,2026-07-28 14:39:09,,,6500,https://www.yad2.co.il/realestate/item/tel-aviv-area/8fbxyepd,169,1
2200000,https://www.yad2.co.il/realestate/item/center-and-sharon/nhmz619j,108,4.5,15,0.035455,פתח תקווה,מחנה יהודה,שלום שבזי,32.080887,34.892699,2026-09-10T16:58:17+00:00,2026-08-09 00:03:54,,,6500,https://www.yad2.co.il/realestate/item/center-and-sharon/5qgy5xy2,455,4
2200000,https://www.yad2.co.il/realestate/item/center-and-sharon/vshtad56,70,3.0,0,0.035455,פתח תקווה,מחנה יהודה,הרב שקדי 20,32.0782764,34.893395,2026-09-10T16:58:17+00:00,2026-09-04 11:28:04,,,6500,https://www.yad2.co.il/realestate/item/center-and-sharon/mu5fecv6,254,1
2200000,https://www.yad2.co.il/realestate/item/center-and-sharon/wsxwljzs,100,4.0,0,0.035455,פתח תקווה,תקומה / קרית חזני,יוסף קארו 36,32.0903668,34.8966688,2026-09-10T16:58:17+00:00,2026-08-21 01:16:55,,,6500,https://www.yad2.co.il/realestate/item/center-and-sharon/2ge2nhv3,502,2
2200000,https://www.yad2.co.il/realestate/item/center-and-sharon/yl2u9cvg,90,4.0,0,0.035455,בני ברק,,חיים לנדאו 5,32.093277,34.8415825,2026-09-10T13:58:20+00:00,2026-04-29 11:49:56,,,6500,https://www.yad2.co.il/realestate/item/center-and-sharon/sdraa8o0,200,1
2370000,https://www.yad2.co.il/realestate/item/center-and-sharon/esjrr7cd,90,4.0,15,0.035443,פתח תקווה,,יוסף פלדמן,32.0767632,34.8785193,2026-09-10T16:59:42+00:00,2026-08-10 13:27:16,,,7000,https://www.yad2.co.il/realestate/item/center-and-sharon/4p1b7wa1,0,3
2370000,https://www.yad2.co.il/realestate/item/center-and-sharon/ov5sujuw,106,4.0,55,0.035443,פתח תקווה,כפר גנים א,חיים ארלוזורוב 29,32.0844342,34.8746575,2026-09-10T16:59:42+00:00,2026-07-15 11:37:25,,,7000,https://www.yad2.co.il/realestate/item/center-and-sharon/7lklznkt,377,8
2150000,https://www.yad2.co.il/realestate/item/tel-aviv-area/rsvp2am0,64,3.0,0,0.035442,תל אביב יפו,נווה שאנן,מירון 2,32.05795,34.782017,2026-09-10T17:43:36+00:00,2026-07-18 12:27:18,242,,6350,https://www.yad2.co.il/realestate/item/tel-aviv-area/e0ji5kqi,72,3
2100000,https://www.yad2.co.il/realestate/item/center-and-sharon/9j9jsk6d,75,3.0,0,0.035429,פתח תקווה,,,32.0877639,34.8859985,2026-09-10T14:35:20+00:00,2026-07-15 19:38:21,,,6200,https://www.yad2.co.il/realestate/item/center-and-sharon/z8i4k6z0,560,2
2100000,https://www.yad2.co.il/realestate/item/center-and-sharon/yw4gxne7,73,3.0,55,0.035429,בני ברק,"הפועל המזרחי ג', שיכון ג'",רבי יהודה הנשיא,32.0794659,34.8312437,2026-09-10T13:57:59+00:00,2026-06-30 15:12:53,,,6200,https://www.yad2.co.il/realestate/item/tel-aviv-area/sgmpwrdi,492,1
2270000,https://www.yad2.co.il/realestate/item/center-and-sharon/a9rzbslb,105,4.0,0,0.035419,פתח תקווה,אחדות,בנימין מינץ 33,32.0713955,34.8917197,2026-09-10T16:58:39+00:00,2026-07-08 15:47:41,,,6700,https://www.yad2.co.il/realestate/item/center-and-sharon/i8kxedln,575,2
2440000,https://www.yad2.co.il/realestate/item/tel-aviv-area/gfys0b0c,58,2.0,0,0.03541,רמת גן,חרוזים,אביגיל,32.0887338,34.8055195,2026-09-11T06:10:14+00:00,2026-06-28 14:22:02,,,7200,https://www.yad2.co.il/realestate/item/tel-aviv-area/tonqyy02,440,1
2170000,https://www.yad2.co.il/realestate/item/center-and-sharon/eweo3oyx,75,3.5,0,0.035392,בני ברק,תל גיבורים,החשמונאים 22,32.0946871,34.8259731,2026-09-10T13:58:20+00:00,2026-08-24 11:13:11,,,6400,https://www.yad2.co.il/realestate/item/center-and-sharon/i1n3rp9l,194,1
2340000,https://www.yad2.co.il/realestate/item/center-and-sharon/ofymar9f,106,4.0,0,0.035385,פתח תקווה,המרכז השקט / מרכז העיר,שמואל סלנט,32.078926,34.889789,2026-09-10T16:59:21+00:00,2026-08-02 13:35:06,,,6900,https://www.yad2.co.il/realestate/item/center-and-sharon/bq7i3df2,544,3
2240000,https://www.yad2.co.il/realestate/item/center-and-sharon/0y89iroa,96,4.0,0,0.035357,בני ברק,תל גיבורים,מנחם בגין 36,32.0930281,34.8317312,2026-09-10T13:58:20+00:00,2026-07-28 12:58:11,200,,6600,https://www.yad2.co.il/realestate/item/center-and-sharon/rh80jxz8,501,2
2140000,https://www.yad2.co.il/realestate/item/tel-aviv-area/d7kfk2mj,68,2.5,55,0.035327,רמת גן,יד לבנים,קרסקי 12,32.0786971,34.8238553,2026-09-11T06:03:13+00:00,2025-12-26 16:43:13,,,6300,https://www.yad2.co.il/realestate/item/tel-aviv-area/awnxg0z3,375,5
2380000,https://www.yad2.co.il/realestate/item/center-and-sharon/f28g8vjv,102,4.0,0,0.035294,פתח תקווה,,,32.0877639,34.8859985,2026-09-10T14:32:51+00:00,2026-05-14 19:01:17,,,7000,https://www.yad2.co.il/realestate/item/center-and-sharon/8edpnode,133,4
2380000,https://www.yad2.co.il/realestate/item/center-and-sharon/jq72mcen,114,4.0,0,0.035294,פתח תקווה,,יוסף אהרונוביץ',32.0933852,34.8947961,2026-09-10T16:59:42+00:00,2025-07-14 09:13:59,,,7000,https://www.yad2.co.il/realestate/item/center-and-sharon/7cp7a487,481,2
2380000,https://www.yad2.co.il/realestate/item/center-and-sharon/zrp94vjx,112,4.0,0,0.035294,פתח תקווה,לב המושבה / מרכז העיר,יהושע שטמפפר 61,32.0911439,34.887369,2026-09-10T16:59:42+00:00,2026-08-01 16:09:24,,,7000,https://www.yad2.co.il/realestate/item/center-and-sharon/8edpnode,509,4
2450000,https://www.yad2.co.il/realestate/item/tel-aviv-area/r5ig7vnd,80,3.0,15,0.035265,רמת גן,חרוזים,ידע עם,32.0895857,34.8024642,2026-09-11T06:10:36+00:00,2026-04-23 13:15:06,,,7200,https://www.yad2.co.il/realestate/item/tel-aviv-area/uk9k1axd,155,2
2450000,https://www.yad2.co.il/realestate/item/tel-aviv-area/t1lxht69,80,3.0,15,0.035265,רמת גן,חרוזים,ידע עם,32.0895857,34.8024642,2026-09-11T06:10:36+00:00,2026-07-29 16:23:04,,,7200,https://www.yad2.co.il/realestate/item/tel-aviv-area/uk9k1axd,155,2
2280000,https://www.yad2.co.il/realestate/item/tel-aviv-area/n330zgzo,57,2.0,0,0.035263,רמת גן,"שכונת חשמונאים, מרכז העיר א",,32.0686867,34.8246812,2026-09-11T06:06:06+00:00,2026-09-08 11:31:56,,,6700,https://www.yad2.co.il/realestate/item/tel-aviv-area/lnzmgtch,581,1
2350000,https://www.yad2.co.il/realestate/item/center-and-sharon/1qqj01x1,90,4.0,0,0.035234,פתח תקווה,שיפר,יוסף ספיר 28,32.0965166,34.8920997,2026-09-10T16:59:21+00:00,2026-08-01 19:50:30,,,6900,https://www.yad2.co.il/realestate/item/center-and-sharon/zer4ga5w,230,2
2350000,https://www.yad2.co.il/realestate/item/tel-aviv-area/2pttfelw,70,3.0,55,0.035234,רמת גן,,מרים 11,32.0789164,34.8142498,2026-09-11T06:07:32+00:00,2026-07-25 21:40:14,,,6900,https://www.yad2.co.il/realestate/item/tel-aviv-area/9ciaki0a,403,14
2350000,https://www.yad2.co.il/realestate/item/tel-aviv-area/dl8f2djl,67,3.0,40,0.035234,רמת גן,"שכונת חשמונאים, מרכז העיר א",המעגל,32.0827374,34.8129491,2026-09-11T06:07:54+00:00,2026-06-28 15:13:00,,,6900,https://www.yad2.co.il/realestate/item/tel-aviv-area/9ciaki0a,292,8
2350000,https://www.yad2.co.il/realestate/item/center-and-sharon/i4waudnh,105,4.0,15,0.035234,פתח תקווה,קרול,נתן רפפורט 4,32.0957973,34.8806217,2026-09-10T16:59:21+00:00,2026-08-09 13:59:02,,,6900,https://www.yad2.co.il/realestate/item/center-and-sharon/5qgo6rh5,205,6
2350000,https://www.yad2.co.il/realestate/item/tel-aviv-area/t0di94li,70,3.0,55,0.035234,גבעתיים,בורוכוב,בלוך,32.076988,34.8126114,2026-09-10T14:00:29+00:00,2026-07-25 21:44:46,294,,6900,https://www.yad2.co.il/realestate/item/tel-aviv-area/9ciaki0a,474,17
2350000,https://www.yad2.co.il/realestate/item/tel-aviv-area/ue9m9la9,72,3.5,25,0.035234,רמת גן,"שכונת חשמונאים, מרכז העיר א",,32.0686867,34.8246812,2026-09-11T06:08:15+00:00,2026-04-21 13:02:10,,,6900,https://www.yad2.co.il/realestate/item/tel-aviv-area/4q8mphli,0,6
2350000,https://www.yad2.co.il/realestate/item/tel-aviv-area/uz71f8p6,71,2.5,100,0.035234,רמת גן,"שכונת חשמונאים, מרכז העיר א",בית אל 9,32.0820072,34.8088276,2026-09-11T06:08:15+00:00,2026-09-04 12:09:25,,,6900,https://www.yad2.co.il/realestate/item/tel-aviv-area/9ciaki0a,213,8
2250000,https://www.yad2.co.il/realestate/item/tel-aviv-area/iygxwcdz,77,3.0,25,0.0352,רמת גן,"מרום נווה, רמת יצחק",הגאון אליהו,32.0733525,34.8298542,2026-09-11T06:05:43+00:00,2026-09-02 14:34:35,,,6600,https://www.yad2.co.il/realestate/item/tel-aviv-area/svzy8m7n,458,2
2490000,https://www.yad2.co.il/realestate/item/center-and-sharon/berj8q7t,124,5.0,100,0.035181,קרית אונו,קיראון,הצבר 16,32.0484228,34.8642977,2026-09-10T17:37:40+00:00,2026-08-17 14:49:56,,,7300,https://www.yad2.co.il/realestate/item/center-and-sharon/mt5eflqv,348,6
2150000,https://www.yad2.co.il/realestate/item/tel-aviv-area/bebpzefc,58,2.5,25,0.035163,רמת גן,"שכונת בן גוריון, מרכז העיר ג'",שדרות הילד,32.085553,34.8138223,2026-09-11T06:03:34+00:00,2026-05-24 12:47:52,,,6300,https://www.yad2.co.il/realestate/item/tel-aviv-area/7yuy11yc,157,3
2150000,https://www.yad2.co.il/realestate/item/center-and-sharon/o9i59h54,120,4.5,15,0.035163,פתח תקווה,כפר גנים א,טרומפלדור 58,32.0822052,34.8780228,2026-09-10T14:36:57+00:00,2026-09-01 07:16:35,128,,6300,https://www.yad2.co.il/realestate/item/center-and-sharon/pk43y83d,417,1
2150000,https://www.yad2.co.il/realestate/item/tel-aviv-area/sojrotwz,68,3.0,55,0.035163,רמת גן,שכונת הלל,"הרא""ה",32.0834224,34.8240766,2026-09-11T06:03:34+00:00,2026-03-24 13:42:55,,,6300,https://www.yad2.co.il/realestate/item/tel-aviv-area/awnxg0z3,595,6
2390000,https://www.yad2.co.il/realestate/item/center-and-sharon/0fdk1cjt,100,4.0,0,0.035146,פתח תקווה,אחדות,בריגדיר קיש,32.072742,34.8950248,2026-09-10T16:59:42+00:00,2026-05-12 12:46:47,,,7000,https://www.yad2.co.il/realestate/item/center-and-sharon/5gum4h6q,458,1
2390000,https://www.yad2.co.il/realestate/item/center-and-sharon/4lrbolgu,95,3.5,25,0.035146,בני ברק,גבעת סוקולוב,אבן שפרוט,32.0907093,34.8324752,2026-09-10T13:59:23+00:00,2026-06-08 20:32:13,,,7000,https://www.yad2.co.il/realestate/item/center-and-sharon/airpfwg1,369,3
2390000,https://www.yad2.co.il/realestate/item/center-and-sharon/5grux56n,107,4.0,0,0.035146,פתח תקווה,מחנה יהודה,צבי הירש קלישר,32.0768886,34.8955403,2026-09-10T16:59:42+00:00,2026-06-09 10:15:56,,,7000,https://www.yad2.co.il/realestate/item/center-and-sharon/5gum4h6q,122,2
2390000,https://www.yad2.co.il/realestate/item/center-and-sharon/g9mpo7hp,110,4.0,25,0.035146,בני ברק,גבעת סוקולוב,סוקולוב,32.0874806,34.8338406,2026-09-10T13:59:23+00:00,2026-04-29 15:50:28,,,7000,https://www.yad2.co.il/realestate/item/center-and-sharon/airpfwg1,133,2
2390000,https://www.yad2.co.il/realestate/item/center-and-sharon/lww7l741,93,4.0,15,0.035146,פתח תקווה,כפר גנים א,דגל ראובן,32.0818299,34.8755239,2026-09-10T17:00:04+00:00,2026-08-10 07:56:00,,,7000,https://www.yad2.co.il/realestate/item/center-and-sharon/7lklznkt,206,5
2390000,https://www.yad2.co.il/realestate/item/tel-aviv-area/mx5s63zj,64,2.5,0,0.035146,תל אביב יפו,נווה שאנן,עין הקורא,32.0573451,34.7824421,2026-09-10T17:45:50+00:00,2025-10-20 14:11:09,,,7000,https://www.yad2.co.il/realestate/item/tel-aviv-area/ocie0vza,214,7
2390000,https://www.yad2.co.il/realestate/item/center-and-sharon/tmyhnmj8,106,3.5,0,0.035146,פתח תקווה,הדר המושבות הותיקה / אם המושבות הותיקה,זכרון יעקב,32.1012106,34.8727049,2026-09-10T17:00:04+00:00,2026-02-08 16:47:54,,,7000,https://www.yad2.co.il/realestate/item/center-and-sharon/4n3293op,314,7
2390000,https://www.yad2.co.il/realestate/item/center-and-sharon/tuk9j8sr,98,4.0,0,0.035146,פתח תקווה,שיפר,השופט ברנדייס,32.097719,34.8907485,2026-09-10T14:35:20+00:00,2026-09-04 10:59:20,,,7000,https://www.yad2.co.il/realestate/item/center-and-sharon/7cp7a487,405,3
2050000,https://www.yad2.co.il/realestate/item/center-and-sharon/1sjgjrxm,75,3.5,0,0.035122,בני ברק,פרדס כץ,בורוכוב,32.0945304,34.838292,2026-09-10T13:57:37+00:00,2026-06-25 12:51:37,,,6000,https://www.yad2.co.il/realestate/item/center-and-sharon/slzp03zk,121,1
2050000,https://www.yad2.co.il/realestate/item/tel-aviv-area/qelq4chc,76,3.0,15,0.035122,רמת גן,אזור הבילויים,שרה אהרונסון,32.0611741,34.8248628,2026-09-11T06:02:07+00:00,2026-01-12 17:18:35,,,6000,https://www.yad2.co.il/realestate/item/tel-aviv-area/wrcz6xoz,103,1
2050000,https://www.yad2.co.il/realestate/item/center-and-sharon/s5kd30j6,95,3.5,15,0.035122,פתח תקווה,המרכז השקט / מרכז העיר,פסקל 5,32.0844025,34.8862576,2026-09-10T14:36:05+00:00,2026-07-14 18:52:18,,,6000,https://www.yad2.co.il/realestate/item/center-and-sharon/oad7b0zb,591,1
2050000,https://www.yad2.co.il/realestate/item/tel-aviv-area/to1q0uvh,80,4.0,55,0.035122,תל אביב יפו,לבנה,דרך חיים ברלב 128,32.0449648,34.8096663,2026-09-10T17:42:50+00:00,2026-03-10 12:54:42,,,6000,https://www.yad2.co.il/realestate/item/tel-aviv-area/00z4ldh1,399,2
2050000,https://www.yad2.co.il/realestate/item/tel-aviv-area/zynnwxkm,64,3.0,15,0.035122,תל אביב יפו,לבנה,בושם 74,32.045066,34.80011,2026-09-10T17:42:50+00:00,2026-08-31 12:27:56,,,6000,https://www.yad2.co.il/realestate/item/tel-aviv-area/6cmu753i,22,2
2290000,https://www.yad2.co.il/realestate/item/tel-aviv-area/8o9cg0on,92,4.0,15,0.035109,תל אביב יפו,"נווה ברבור, כפר שלם מערב",דרך ההגנה 132,32.053361,34.802179,2026-09-10T17:44:43+00:00,2026-02-07 19:51:52,,,6700,https://www.yad2.co.il/realestate/item/tel-aviv-area/9m2kiuic,0,1
2290000,https://www.yad2.co.il/realestate/item/tel-aviv-area/ehfzfz3c,64,2.0,0,0.035109,רמת גן,שכונת הלל,"הרא""ה 92",32.0806032,34.8253509,2026-09-11T06:06:28+00:00,2025-06-05 15:02:54,,,6700,https://www.yad2.co.il/realestate/item/tel-aviv-area/k9nfecqe,251,1
2395000,https://www.yad2.co.il/realestate/item/center-and-sharon/jbcu0h9t,90,4.0,15,0.035073,פתח תקווה,כפר גנים ב,בן ציון צוויק,32.0764889,34.8789321,2026-09-10T17:00:04+00:00,2026-07-15 12:44:51,301,,7000,https://www.yad2.co.il/realestate/item/center-and-sharon/4p1b7wa1,49,3
2395000,https://www.yad2.co.il/realestate/item/center-and-sharon/yj6yulpk,125,4.5,0,0.035073,פתח תקווה,,,32.0877639,34.8859985,2026-09-10T14:36:37+00:00,2026-04-15 14:37:31,,,7000,https://www.yad2.co.il/realestate/item/center-and-sharon/8edpnode,133,3
2190000,https://www.yad2.co.il/realestate/item/center-and-sharon/xabkegzd,102,4.0,0,0.035068,פתח תקווה,המרכז השקט / מרכז העיר,,32.0863708,34.8925421,2026-09-10T16:57:55+00:00,2026-07-08 19:22:02,,,6400,https://www.yad2.co.il/realestate/item/center-and-sharon/b27emqi3,498,1
2090000,https://www.yad2.co.il/realestate/item/center-and-sharon/67h27b9a,70,3.0,40,0.035024,בני ברק,"הפועל המזרחי ב', שיכון ב'",,32.0873899,34.8324376,2026-09-10T13:57:59+00:00,2026-09-01 14:25:19,,,6100,https://www.yad2.co.il/realestate/item/center-and-sharon/dxxgn592,482,1
2090000,https://www.yad2.co.il/realestate/item/center-and-sharon/dx3lb3g5,93,4.0,0,0.035024,פתח תקווה,הדר גנים,הרב פינצי 10,32.075991,34.9057036,2026-09-10T14:36:05+00:00,2026-08-30 09:10:04,,,6100,https://www.yad2.co.il/realestate/item/center-and-sharon/tku0k5fm,421,1
2090000,https://www.yad2.co.il/realestate/item/center-and-sharon/hsyy4r0o,84,3.0,25,0.035024,בני ברק,,,32.0873899,34.8324376,2026-09-10T13:57:59+00:00,2026-08-16 18:15:17,,,6100,https://www.yad2.co.il/realestate/item/center-and-sharon/dxxgn592,482,1
2190000,https://www.yad2.co.il/realestate/item/center-and-sharon/dgyun44x,84,4.0,15,0.035014,פתח תקווה,לב המושבה / מרכז העיר,רוטשילד,32.088419,34.8811436,2026-09-10T16:57:55+00:00,2026-07-18 22:03:23,,,6390,https://www.yad2.co.il/realestate/item/center-and-sharon/rcvy40i3,518,2
2400000,https://www.yad2.co.il/realestate/item/tel-aviv-area/4s097nap,90,3.0,25,0.035,גבעתיים,"הל""ה",כצנלסון,32.0772285,34.8140494,2026-09-10T14:00:29+00:00,2025-07-01 15:22:31,,,7000,https://www.yad2.co.il/realestate/item/tel-aviv-area/u1m85iy3,539,10
2400000,https://www.yad2.co.il/realestate/item/center-and-sharon/8o74xwdw,110,4.0,0,0.035,פתח תקווה,שעריה,הנרייטה סולד,32.076062,34.89848,2026-09-10T17:00:04+00:00,2025-12-24 09:15:59,,,7000,https://www.yad2.co.il/realestate/item/center-and-sharon/5gum4h6q,170,2
2400000,https://www.yad2.co.il/realestate/item/center-and-sharon/py6zsni1,89,3.5,70,0.035,פתח תקווה,כפר גנים ב,הנשיאים,32.0782752,34.8799161,2026-09-10T17:00:04+00:00,2026-07-21 16:58:17,,,7000,https://www.yad2.co.il/realestate/item/center-and-sharon/4p1b7wa1,214,3
2400000,https://www.yad2.co.il/realestate/item/tel-aviv-area/q77pnu98,64,3.0,0,0.035,תל אביב יפו,נווה שאנן,הגדוד העברי 35,32.058804,34.778732,2026-09-10T17:46:13+00:00,2026-02-19 14:50:53,,,7000,https://www.yad2.co.il/realestate/item/tel-aviv-area/ocie0vza,456,7
2160000,https://www.yad2.co.il/realestate/item/tel-aviv-area/rpv2rqxj,55,2.0,40,0.035,גבעתיים,שינקין,דרך בן גוריון 188,32.07396,34.818298,2026-09-10T14:00:06+00:00,2026-06-01 09:57:11,,,6300,https://www.yad2.co.il/realestate/item/tel-aviv-area/t0uss8xy,310,3
2400000,https://www.yad2.co.il/realestate/item/tel-aviv-area/td48ub1w,90,2.0,40,0.035,תל אביב יפו,"צפון יפו, המושבה האמריקאית-גרמנית",שמעון בן גמליאל 1,32.052493,34.7620775,2026-09-10T17:46:13+00:00,2025-10-28 11:15:27,,,7000,https://www.yad2.co.il/realestate/item/tel-aviv-area/90tqab56,493,1
2400000,https://www.yad2.co.il/realestate/item/tel-aviv-area/tntnl8yr,100,3.0,100,0.035,גבעתיים,"הל""ה",המלבן,32.0747586,34.8078851,2026-09-10T14:00:29+00:00,2025-12-09 10:01:53,,,7000,https://www.yad2.co.il/realestate/item/tel-aviv-area/m254e836,590,15
2400000,https://www.yad2.co.il/realestate/item/center-and-sharon/wjen0x38,110,4.0,25,0.035,בני ברק,הר שלום,רבי עקיבא 76,32.0864479,34.8296907,2026-09-10T13:59:23+00:00,2026-08-01 23:08:47,,,7000,https://www.yad2.co.il/realestate/item/center-and-sharon/airpfwg1,279,2
2400000,https://www.yad2.co.il/realestate/item/center-and-sharon/ypwsboa7,110,4.5,25,0.035,בני ברק,הר שלום,רבי עקיבא,32.0859623,34.8327316,2026-09-10T13:59:23+00:00,2026-08-02 12:56:28,,,7000,https://www.yad2.co.il/realestate/item/center-and-sharon/airpfwg1,161,2
2350000,https://www.yad2.co.il/realestate/item/center-and-sharon/xmpiyxl4,112,4.0,0,0.034979,פתח תקווה,צמרת גנים / עין גנים דרום,הצנחנים 31,32.0824272,34.8975444,2026-09-10T16:59:42+00:00,2026-08-23 14:12:41,,,6850,https://www.yad2.co.il/realestate/item/center-and-sharon/4y0kuspl,151,4
2230000,https://www.yad2.co.il/realestate/item/center-and-sharon/fqs0n4dt,100,4.0,15,0.034972,פתח תקווה,כפר גנים ב,יצחק בן צבי 1,32.0732339,34.8859501,2026-09-10T16:58:17+00:00,2026-08-11 18:17:31,,,6499,https://www.yad2.co.il/realestate/item/center-and-sharon/7q5tj1um,481,2
2300000,https://www.yad2.co.il/realestate/item/center-and-sharon/1h17zh45,100,4.0,15,0.034957,בני ברק,קרית הרצוג,הרב קובלסקי 1,32.0873899,34.8324376,2026-09-10T13:58:42+00:00,2026-08-09 04:53:09,,,6700,https://www.yad2.co.il/realestate/item/center-and-sharon/j1zdrl20,0,2
2300000,https://www.yad2.co.il/realestate/item/tel-aviv-area/3rl75gqt,85,3.5,40,0.034957,תל אביב יפו,"נווה ברבור, כפר שלם מערב",דרך ההגנה 140,32.053361,34.802179,2026-09-10T17:45:05+00:00,2026-08-31 19:23:59,,,6700,https://www.yad2.co.il/realestate/item/tel-aviv-area/9m2kiuic,0,2
2300000,https://www.yad2.co.il/realestate/item/tel-aviv-area/ig8jbkb7,45,2.0,55,0.034957,גבעתיים,גבעת הרמבם,גנסין,32.0711268,34.8073015,2026-09-10T14:00:29+00:00,2026-09-07 20:52:03,,,6700,https://www.yad2.co.il/realestate/item/tel-aviv-area/r9qkq74q,507,3
2300000,https://www.yad2.co.il/realestate/item/tel-aviv-area/jr7vs6tj,67,2.0,0,0.034957,רמת גן,שכונת הלל,"הרא""ה 90",32.0807993,34.8253633,2026-09-11T06:06:49+00:00,2026-08-11 11:03:11,,,6700,https://www.yad2.co.il/realestate/item/tel-aviv-area/k9nfecqe,271,1
2200000,https://www.yad2.co.il/realestate/item/center-and-sharon/qsbiqopx,85,4.0,0,0.034909,פתח תקווה,לב המושבה / מרכז העיר,רוטשילד 43,32.0906421,34.8809879,2026-09-10T16:58:17+00:00,2026-07-13 12:23:49,,,6400,https://www.yad2.co.il/realestate/item/center-and-sharon/k2ah8rrj,534,1
2340000,https://www.yad2.co.il/realestate/item/center-and-sharon/247qrcwn,120,4.0,15,0.034872,פתח תקווה,,,32.0877639,34.8859985,2026-09-10T16:59:21+00:00,2023-12-29 09:46:34,,,6800,https://www.yad2.co.il/realestate/item/center-and-sharon/14n8cy07,397,2
2100000,https://www.yad2.co.il/realestate/item/center-and-sharon/379u3pww,85,3.0,25,0.034857,בני ברק,מרכז העיר,"הרב ש""ך",32.089605,34.835764,2026-09-10T13:57:59+00:00,2026-08-02 17:42:22,,,6100,https://www.yad2.co.il/realestate/item/center-and-sharon/dxxgn592,407,1
2100000,https://www.yad2.co.il/realestate/item/center-and-sharon/823qhq8m,80,3.0,25,0.034857,בני ברק,מרכז העיר,השלושה,32.0888961,34.8381365,2026-09-10T13:57:59+00:00,2026-07-08 11:53:49,,,6100,https://www.yad2.co.il/realestate/item/center-and-sharon/dxxgn592,308,1
2100000,https://www.yad2.co.il/realestate/item/center-and-sharon/ubiruwox,80,3.0,25,0.034857,בני ברק,גבעת רוקח,רבי עקיבא,32.0859182,34.8332514,2026-09-10T13:57:59+00:00,2026-04-21 14:20:27,,,6100,https://www.yad2.co.il/realestate/item/center-and-sharon/dxxgn592,388,1
2200000,https://www.yad2.co.il/realestate/item/center-and-sharon/p7ywmbpo,83,4.0,15,0.034855,פתח תקווה,לב המושבה / מרכז העיר,יהושע שטמפפר 61,32.0911439,34.887369,2026-09-10T16:58:17+00:00,2026-08-08 19:57:28,,,6390,https://www.yad2.co.il/realestate/item/center-and-sharon/rcvy40i3,144,1
2480000,https://www.yad2.co.il/realestate/item/center-and-sharon/n5f0qoxu,120,5.5,0,0.034839,בני ברק,בני ברק צפון/איילת השחר,רח 600,32.0873899,34.8324376,2026-09-10T13:59:43+00:00,2026-06-04 13:18:55,581,,7200,https://www.yad2.co.il/realestate/item/center-and-sharon/yluxvmn5,0,2
2240000,https://www.yad2.co.il/realestate/item/tel-aviv-area/3an9oal4,50,2.5,40,0.034821,גבעתיים,שינקין,המרי,32.071927,34.8150821,2026-09-10T14:00:06+00:00,2026-06-21 18:18:08,,,6500,https://www.yad2.co.il/realestate/item/tel-aviv-area/8fbxyepd,528,2
2070000,https://www.yad2.co.il/realestate/item/center-and-sharon/jm3adsf2,75,3.0,0,0.034783,פתח תקווה,כפר אברהם,בר אילן 27,32.0957041,34.8998794,2026-09-10T14:36:05+00:00,2026-05-13 22:25:18,,,6000,https://www.yad2.co.il/realestate/item/center-and-sharon/5bdc9huz,540,1
2450000,https://www.yad2.co.il/realestate/item/tel-aviv-area/9z1ur96h,92,4.0,40,0.034776,תל אביב יפו,ניר אביב,דרך הטייסים,32.046202,34.813526,2026-09-10T17:46:13+00:00,2026-08-11 18:53:54,,,7100,https://www.yad2.co.il/realestate/item/tel-aviv-area/2lf25tfc,277,1
2175000,https://www.yad2.co.il/realestate/item/tel-aviv-area/hhd48nz9,65,2.0,70,0.034759,גבעתיים,שינקין,המעלות,32.0735001,34.8168151,2026-09-10T14:00:06+00:00,2026-07-13 13:03:11,,,6300,https://www.yad2.co.il/realestate/item/tel-aviv-area/t0uss8xy,303,3
2350000,https://www.yad2.co.il/realestate/item/center-and-sharon/51sntl10,120,4.0,15,0.034723,פתח תקווה,המרכז השקט / מרכז העיר,הרמן צבי שפירא 16,32.0834483,34.8852482,2026-09-10T16:59:21+00:00,2026-08-02 13:40:36,,,6800,https://www.yad2.co.il/realestate/item/center-and-sharon/rf1vnvm0,521,1
2350000,https://www.yad2.co.il/realestate/item/tel-aviv-area/ak8vv4ix,70,3.0,40,0.034723,גבעתיים,חברת חשמל,"כ""ג",32.0618055,34.8087545,2026-09-10T14:00:29+00:00,2025-09-07 15:58:43,,,6800,https://www.yad2.co.il/realestate/item/tel-aviv-area/qeomp4xe,547,11
2350000,https://www.yad2.co.il/realestate/item/center-and-sharon/w1ezopi3,95,4.0,15,0.034723,פתח תקווה,,,32.0877639,34.8859985,2026-09-10T16:59:42+00:00,2026-02-15 16:34:13,,,6800,https://www.yad2.co.il/realestate/item/center-and-sharon/14n8cy07,397,4
2160000,https://www.yad2.co.il/realestate/item/center-and-sharon/ovnzctie,100,4.5,55,0.034722,פתח תקווה,מחנה יהודה,שלום שבזי,32.080887,34.892699,2026-09-10T16:57:29+00:00,2025-12-29 12:54:53,,,6250,https://www.yad2.co.il/realestate/item/center-and-sharon/ypq4tgvr,542,1
2420000,https://www.yad2.co.il/realestate/item/center-and-sharon/4lqtx74g,104,4.0,0,0.034711,פתח תקווה,מחנה יהודה,צבי הירש קלישר,32.0768886,34.8955403,2026-09-10T17:00:04+00:00,2026-01-13 10:58:01,,,7000,https://www.yad2.co.il/realestate/item/center-and-sharon/5gum4h6q,122,2
2420000,https://www.yad2.co.il/realestate/item/center-and-sharon/8lb1lupa,104,4.0,0,0.034711,פתח תקווה,מחנה יהודה,צבי הירש קלישר 8,32.0768886,34.8955403,2026-09-10T17:00:04+00:00,2026-01-11 12:15:29,,,7000,https://www.yad2.co.il/realestate/item/center-and-sharon/5gum4h6q,122,2
2420000,https://www.yad2.co.il/realestate/item/center-and-sharon/kmecc4d2,118,4.0,0,0.034711,פתח תקווה,תקומה / קרית חזני,יוסף אהרונוביץ',32.0933852,34.8947961,2026-09-10T17:00:04+00:00,2025-12-29 18:33:06,,,7000,https://www.yad2.co.il/realestate/item/center-and-sharon/7cp7a487,481,1
2490000,https://www.yad2.co.il/realestate/item/tel-aviv-area/og61wdax,82,3.0,70,0.034699,גבעתיים,שינקין,עין גדי,32.0742617,34.8164332,2026-09-10T14:00:29+00:00,2026-06-23 15:02:30,,,7200,https://www.yad2.co.il/realestate/item/tel-aviv-area/e6enw549,340,19
2490000,https://www.yad2.co.il/realestate/item/tel-aviv-area/q0b879zr,80,3.0,70,0.034699,רמת גן,נחלת גנים,ארניה 6,32.0923601,34.81724,2026-09-11T06:11:41+00:00,2026-05-24 13:11:20,,,7200,https://www.yad2.co.il/realestate/item/tel-aviv-area/njndng7w,169,5
2145000,https://www.yad2.co.il/realestate/item/center-and-sharon/pp80pk9e,88,3.0,0,0.034685,פתח תקווה,לב המושבה / מרכז העיר,ארתור רופין,32.0913857,34.8787314,2026-09-10T14:35:20+00:00,2026-08-11 12:50:10,,,6200,https://www.yad2.co.il/realestate/item/center-and-sharon/z8i4k6z0,567,1
2370000,https://www.yad2.co.il/realestate/item/center-and-sharon/kfko76j8,103,4.0,0,0.034684,פתח תקווה,מחנה יהודה,הצנחנים,32.0824272,34.8975444,2026-09-10T16:59:42+00:00,2026-03-13 12:51:41,,,6850,https://www.yad2.co.il/realestate/item/center-and-sharon/4y0kuspl,151,4
2180000,https://www.yad2.co.il/realestate/item/tel-aviv-area/a3qkjfak,69,2.0,25,0.034679,רמת גן,"שכונת בן גוריון, מרכז העיר ג'",קריניצי,32.0800729,34.8172856,2026-09-11T06:03:56+00:00,2026-07-05 11:27:52,,,6300,https://www.yad2.co.il/realestate/item/tel-aviv-area/t0uss8xy,441,4
2250000,https://www.yad2.co.il/realestate/item/tel-aviv-area/4qg0mvc1,83,3,25,0.034667,תל אביב יפו,ביצרון ורמת ישראל,ביצרון,32.0679973,34.7979297,2026-09-10T17:44:21+00:00,,,,6500,https://www.yad2.co.il/realestate/item/tel-aviv-area/52r6jxn1,0,4
2250000,https://www.yad2.co.il/realestate/item/center-and-sharon/95d10rh9,115,4.0,0,0.034667,פתח תקווה,המרכז השקט / מרכז העיר,אלתר מיהוד,32.081714,34.882687,2026-09-10T14:03:15+00:00,2026-05-04 12:27:16,,,6500,https://www.yad2.co.il/realestate/item/center-and-sharon/gbkpl94n,312,1
2250000,https://www.yad2.co.il/realestate/item/tel-aviv-area/lsdr33k9,65,2.0,25,0.034667,תל אביב יפו,"צהלון, שיכוני חסכון",שבטי ישראל 87,32.0485423,34.7570097,2026-09-10T17:44:21+00:00,2026-03-12 18:09:44,,,6500,https://www.yad2.co.il/realestate/item/tel-aviv-area/oyq8z6jp,86,1
2250000,https://www.yad2.co.il/realestate/item/center-and-sharon/mc5jeerz,97,4.0,0,0.034667,פתח תקווה,בר יהודה,קפלן 47,32.0875579,34.8685865,2026-09-10T16:58:39+00:00,2026-07-15 15:59:48,752,,6500,https://www.yad2.co.il/realestate/item/center-and-sharon/ew05pp5s,600,1
2250000,https://www.yad2.co.il/realestate/item/tel-aviv-area/plcm8riw,80,3.0,25,0.034667,תל אביב יפו,יד אליהו,,32.0587361,34.793301,2026-09-10T17:44:21+00:00,2026-07-08 14:21:12,,,6500,https://www.yad2.co.il/realestate/item/tel-aviv-area/30insskv,368,3
2250000,https://www.yad2.co.il/realestate/item/tel-aviv-area/vu836gt0,58,2.5,25,0.034667,תל אביב יפו,קרית שלום,,32.0432907,34.7773909,2026-09-10T17:44:43+00:00,2026-05-08 14:15:11,,,6500,https://www.yad2.co.il/realestate/item/tel-aviv-area/ccecgyz0,324,6
2250000,https://www.yad2.co.il/realestate/item/center-and-sharon/xfhkkivl,120,5.0,40,0.034667,פתח תקווה,המרכז השקט / מרכז העיר,הרצל,32.0852837,34.8869244,2026-09-10T16:58:39+00:00,2026-06-04 17:04:18,,,6500,https://www.yad2.co.il/realestate/item/center-and-sharon/oesq836j,222,2
2250000,https://www.yad2.co.il/realestate/item/center-and-sharon/gi0jydow,110,4.5,15,0.034661,פתח תקווה,כפר גנים ב,יצחק בן צבי,32.0732339,34.8859501,2026-09-10T16:58:39+00:00,2026-03-18 13:39:34,,,6499,https://www.yad2.co.il/realestate/item/center-and-sharon/7q5tj1um,481,2
2390000,https://www.yad2.co.il/realestate/item/center-and-sharon/4inmd6ho,84,4,25,0.034644,קרית אונו,קיראון,יאנוש קורצ'אק 11,32.0512126,34.8652057,2026-09-10T17:01:45+00:00,2026-07-14T19:02:46,,,6900,https://www.yad2.co.il/realestate/item/center-and-sharon/ywx0u5kl,290,1
2390000,https://www.yad2.co.il/realestate/item/center-and-sharon/5m6ojmeg,92,4.0,0,0.034644,פתח תקווה,המרכז השקט / מרכז העיר,"קק""ל 16",32.079588,34.8848424,2026-09-10T16:59:42+00:00,2025-12-16 15:12:00,,,6900,https://www.yad2.co.il/realestate/item/center-and-sharon/bq7i3df2,470,4
2390000,https://www.yad2.co.il/realestate/item/tel-aviv-area/5uz7avve,65,3.0,40,0.034644,רמת גן,,,32.0686867,34.8246812,2026-09-11T06:08:47+00:00,2026-07-21 13:09:10,,,6900,https://www.yad2.co.il/realestate/item/tel-aviv-area/5d2evt11,0,6
2390000,https://www.yad2.co.il/realestate/item/tel-aviv-area/9dh11c0z,64,2.5,25,0.034644,גבעתיים,"הל""ה",כצנלסון,32.0772285,34.8140494,2026-09-10T14:00:29+00:00,2025-05-25 18:41:07,,,6900,https://www.yad2.co.il/realestate/item/tel-aviv-area/9ciaki0a,519,12
2390000,https://www.yad2.co.il/realestate/item/tel-aviv-area/c336udx6,65,3.0,40,0.034644,רמת גן,שכונת גפן,ביאליק,32.0849863,34.8122928,2026-09-11T06:08:47+00:00,2026-05-14 17:47:37,,,6900,https://www.yad2.co.il/realestate/item/tel-aviv-area/9ciaki0a,475,8
2390000,https://www.yad2.co.il/realestate/item/center-and-sharon/f2oaocnt,104,4.0,0,0.034644,פתח תקווה,המרכז השקט / מרכז העיר,אבינועם ילין 17,32.0790691,34.8880362,2026-09-10T17:00:04+00:00,2026-07-14 21:00:04,,,6900,https://www.yad2.co.il/realestate/item/center-and-sharon/bq7i3df2,477,4
2390000,https://www.yad2.co.il/realestate/item/center-and-sharon/n7uj3duw,103,4.0,0,0.034644,פתח תקווה,המרכז השקט / מרכז העיר,טרומפלדור 51,32.0865135,34.8783124,2026-09-10T17:00:04+00:00,2026-08-10 20:34:47,,,6900,https://www.yad2.co.il/realestate/item/center-and-sharon/r5l7uz2o,527,3
2390000,https://www.yad2.co.il/realestate/item/center-and-sharon/rxjb87v8,105,4.0,0,0.034644,פתח תקווה,המרכז השקט / מרכז העיר,שמואל סלנט,32.078926,34.889789,2026-09-10T17:00:04+00:00,2026-08-17 17:27:02,,,6900,https://www.yad2.co.il/realestate/item/center-and-sharon/bq7i3df2,544,3
2080000,https://www.yad2.co.il/realestate/item/center-and-sharon/q5l290qs,75,3.5,0,0.034615,בני ברק,,בורוכוב,32.0945304,34.838292,2026-09-10T13:57:59+00:00,2026-05-20 12:48:19,,,6000,https://www.yad2.co.il/realestate/item/center-and-sharon/slzp03zk,121,1
2080000,https://www.yad2.co.il/realestate/item/tel-aviv-area/ybychtyr,52,3.0,25,0.034615,רמת גן,"שכונת יהלום, מרכז העיר ב",אורה,32.0803331,34.8151624,2026-09-11T06:02:29+00:00,2026-08-03 00:36:12,,,6000,https://www.yad2.co.il/realestate/item/tel-aviv-area/4pkrxsas,361,1
2080000,https://www.yad2.co.il/realestate/item/center-and-sharon/zsx2eub8,91,4.0,15,0.034615,פתח תקווה,המרכז השקט / מרכז העיר,הרמן צבי שפירא 19,32.0830399,34.8863229,2026-09-10T14:36:05+00:00,2026-06-24 11:29:07,,,6000,https://www.yad2.co.il/realestate/item/center-and-sharon/wea7id9i,256,2
2150000,https://www.yad2.co.il/realestate/item/center-and-sharon/2aad68p8,87,3.0,0,0.034605,פתח תקווה,,,32.0877639,34.8859985,2026-09-10T14:36:57+00:00,2026-04-01 09:51:30,,,6200,https://www.yad2.co.il/realestate/item/center-and-sharon/z8i4k6z0,560,2
2150000,https://www.yad2.co.il/realestate/item/center-and-sharon/2hxmcag8,70,3.0,0,0.034605,פתח תקווה,לב המושבה / מרכז העיר,רוטשילד,32.088419,34.8811436,2026-09-10T14:36:57+00:00,2026-08-17 13:03:23,,,6200,https://www.yad2.co.il/realestate/item/center-and-sharon/z8i4k6z0,570,2
2150000,https://www.yad2.co.il/realestate/item/center-and-sharon/d8n2zp2t,90,3.5,100,0.034605,פתח תקווה,תקומה / קרית חזני,רוקח 13,32.09085,34.9012503,2026-09-10T14:36:57+00:00,2026-03-10 12:31:28,,,6200,https://www.yad2.co.il/realestate/item/center-and-sharon/yjbye60c,533,1
2150000,https://www.yad2.co.il/realestate/item/center-and-sharon/dy7hkcrk,118,5.0,15,0.034605,פתח תקווה,לב המושבה / מרכז העיר,ההסתדרות 11,32.0861398,34.8845829,2026-09-10T14:36:57+00:00,2026-08-05 20:20:23,,,6200,https://www.yad2.co.il/realestate/item/center-and-sharon/k5e0k2ei,164,1
2150000,https://www.yad2.co.il/realestate/item/center-and-sharon/h83attfz,90,3.0,0,0.034605,פתח תקווה,לב המושבה / מרכז העיר,מוהליבר,32.0874338,34.8851188,2026-09-10T14:35:43+00:00,2026-09-01 09:49:08,,,6200,https://www.yad2.co.il/realestate/item/center-and-sharon/z8i4k6z0,582,1
2150000,https://www.yad2.co.il/realestate/item/tel-aviv-area/o00xfgtq,95,4.0,40,0.034605,תל אביב יפו,"התקוה, בית יעקב, נווה צה""ל",נתן הנביא 25,32.0524776,34.7903462,2026-09-10T17:43:36+00:00,2024-12-17 16:39:45,,,6200,https://www.yad2.co.il/realestate/item/tel-aviv-area/9zrevgds,416,1
2150000,https://www.yad2.co.il/realestate/item/tel-aviv-area/rc8ms5pd,80,3.0,25,0.034605,רמת גן,,הרב לנדרס 3,32.0696128,34.8383922,2026-09-11T06:03:34+00:00,2026-07-14 18:29:18,,,6200,https://www.yad2.co.il/realestate/item/tel-aviv-area/7lgbtybt,121,1
2150000,https://www.yad2.co.il/realestate/item/center-and-sharon/tvecygi1,80,3.0,0,0.034605,פתח תקווה,,,32.0877639,34.8859985,2026-09-10T14:36:57+00:00,2026-09-06 13:36:29,,,6200,https://www.yad2.co.il/realestate/item/center-and-sharon/z8i4k6z0,560,2
2360000,https://www.yad2.co.il/realestate/item/center-and-sharon/404f8o12,100,4,0,0.034576,קרית אונו,גני אילן,פנקס 39,32.0638896,34.8520229,2026-09-10T17:01:45+00:00,2026-09-09T15:55:27,,,6800,https://www.yad2.co.il/realestate/item/center-and-sharon/n8ji3kbo,0,1
2430000,https://www.yad2.co.il/realestate/item/center-and-sharon/2t6nztsb,103,4.0,0,0.034568,פתח תקווה,מחנה יהודה,מנחם רצון,32.0796356,34.8973453,2026-09-10T17:00:25+00:00,2026-08-25 19:04:51,,,7000,https://www.yad2.co.il/realestate/item/center-and-sharon/5gum4h6q,344,4
2430000,https://www.yad2.co.il/realestate/item/tel-aviv-area/53copq5w,90,3.0,40,0.034568,רמת גן,שכונת הלל,,32.0686867,34.8246812,2026-09-11T06:10:14+00:00,2026-07-07 12:13:12,,,7000,https://www.yad2.co.il/realestate/item/tel-aviv-area/ipmb2jxi,0,5
2430000,https://www.yad2.co.il/realestate/item/center-and-sharon/xprna5bh,110,4.0,0,0.034568,פתח תקווה,המרכז השקט / מרכז העיר,הרמן צבי שפירא,32.0820064,34.8862659,2026-09-10T17:00:25+00:00,2026-09-09 12:20:00,,,7000,https://www.yad2.co.il/realestate/item/center-and-sharon/8edpnode,583,6
2170000,https://www.yad2.co.il/realestate/item/center-and-sharon/j1hp8697,90,4.0,15,0.034562,פתח תקווה,עין גנים,עין גנים 3,32.0904502,34.8931238,2026-09-10T16:57:29+00:00,2026-08-04 16:24:36,,,6250,https://www.yad2.co.il/realestate/item/center-and-sharon/ypq4tgvr,528,1
2380000,https://www.yad2.co.il/realestate/item/center-and-sharon/fjxripi2,114,4.0,0,0.034538,פתח תקווה,מחנה יהודה,,32.0812723,34.8934525,2026-09-10T16:59:42+00:00,2026-08-21 07:36:38,,,6850,https://www.yad2.co.il/realestate/item/center-and-sharon/4y0kuspl,453,4
2190000,https://www.yad2.co.il/realestate/item/tel-aviv-area/kjs8vixu,70,2.0,25,0.034521,גבעתיים,פועלי הרכבת,סירקין,32.0788393,34.8168037,2026-09-10T14:00:06+00:00,2026-09-03 12:08:26,87,,6300,https://www.yad2.co.il/realestate/item/tel-aviv-area/t0uss8xy,298,3
2260000,https://www.yad2.co.il/realestate/item/center-and-sharon/2240hc9i,115,4.0,0,0.034513,בני ברק,שאר העיר,"לח""י",32.1038575,34.8301259,2026-09-10T13:58:42+00:00,2026-05-13 18:03:09,,,6500,https://www.yad2.co.il/realestate/item/center-and-sharon/92rhlc64,15,6
2260000,https://www.yad2.co.il/realestate/item/center-and-sharon/i1nqx2ad,112,4.0,15,0.034513,פתח תקווה,צמרת גנים / עין גנים דרום,אלעזר פרידמן,32.0812182,34.9015195,2026-09-10T16:58:39+00:00,2026-09-09 19:57:57,,,6500,https://www.yad2.co.il/realestate/item/center-and-sharon/71fh7tr9,9,3
2260000,https://www.yad2.co.il/realestate/item/center-and-sharon/j49a4gay,116,4.0,0,0.034513,בני ברק,שאר העיר,"לח""י",32.1038575,34.8301259,2026-09-10T13:58:42+00:00,2026-07-21 15:26:59,,,6500,https://www.yad2.co.il/realestate/item/center-and-sharon/92rhlc64,15,6
2400000,https://www.yad2.co.il/realestate/item/center-and-sharon/805jfyav,88,4.0,0,0.0345,פתח תקווה,שיפר,יוסף ספיר 28,32.0965166,34.8920997,2026-09-10T17:00:04+00:00,2025-08-31 12:09:47,,,6900,https://www.yad2.co.il/realestate/item/center-and-sharon/zer4ga5w,230,2
2400000,https://www.yad2.co.il/realestate/item/tel-aviv-area/iet1gtst,50,2.5,25,0.0345,תל אביב יפו,ביצרון ורמת ישראל,,32.0698569,34.7966382,2026-09-10T17:46:13+00:00,2025-11-11 17:23:34,,,6900,https://www.yad2.co.il/realestate/item/tel-aviv-area/flpven5h,554,1
2400000,https://www.yad2.co.il/realestate/item/tel-aviv-area/vk27vcwb,64,3.0,100,0.0345,תל אביב יפו,"נווה גולן, יפו ג'",אייזיק חריף 42,32.031472,34.747155,2026-09-10T17:46:13+00:00,2026-08-04 12:14:26,,,6900,https://www.yad2.co.il/realestate/item/tel-aviv-area/jw09sje6,187,1
2350000,https://www.yad2.co.il/realestate/item/center-and-sharon/1j0rb0gp,106,4.0,15,0.034468,פתח תקווה,המרכז השקט / מרכז העיר,הרצל,32.0852837,34.8869244,2026-09-10T16:59:21+00:00,2026-01-29 14:05:37,,,6750,https://www.yad2.co.il/realestate/item/center-and-sharon/4fftoqwe,543,4
2090000,https://www.yad2.co.il/realestate/item/tel-aviv-area/1s8amlx3,53,2.5,70,0.03445,רמת גן,יד לבנים,קרסקי,32.0786971,34.8238553,2026-09-11T06:02:29+00:00,2026-09-01 14:59:46,,,6000,https://www.yad2.co.il/realestate/item/tel-aviv-area/4h7pohk7,154,1
2090000,https://www.yad2.co.il/realestate/item/center-and-sharon/5faju1es,100,4.0,25,0.03445,פתח תקווה,מחנה יהודה,הרב שקדי,32.0782764,34.893395,2026-09-10T14:36:05+00:00,2025-12-30 21:33:23,,,6000,https://www.yad2.co.il/realestate/item/center-and-sharon/fy8a199r,334,1
2090000,https://www.yad2.co.il/realestate/item/tel-aviv-area/dwzh1ci0,65,3.0,55,0.03445,תל אביב יפו,"נווה עופר, תל כביר","זלמן שז""ר",32.039137,34.766814,2026-09-10T17:43:14+00:00,2026-07-09 10:00:07,,,6000,https://www.yad2.co.il/realestate/item/tel-aviv-area/c3r3xy6w,276,1
2090000,https://www.yad2.co.il/realestate/item/center-and-sharon/ngf5w5u1,90,4.0,15,0.03445,פתח תקווה,המרכז השקט / מרכז העיר,אחד העם,32.0840613,34.886523,2026-09-10T14:36:05+00:00,2026-07-21 19:33:04,,,6000,https://www.yad2.co.il/realestate/item/center-and-sharon/wea7id9i,141,2
2090000,https://www.yad2.co.il/realestate/item/center-and-sharon/ozbwbyuv,70,3.0,0,0.03445,פתח תקווה,תקומה / קרית חזני,יוסף קארו 30,32.0931434,34.8970426,2026-09-10T14:36:05+00:00,2026-05-28 12:24:11,,,6000,https://www.yad2.co.il/realestate/item/center-and-sharon/5bdc9huz,398,1
2090000,https://www.yad2.co.il/realestate/item/center-and-sharon/z5w0dq9r,90,4.0,55,0.03445,פתח תקווה,מחנה יהודה,הרב קטרוני,32.081773,34.889972,2026-09-10T14:36:05+00:00,2026-08-04 14:27:00,,,6000,https://www.yad2.co.il/realestate/item/center-and-sharon/fy8a199r,514,1
2300000,https://www.yad2.co.il/realestate/item/center-and-sharon/o7f9oocf,96,4.0,0,0.034435,בני ברק,תל גיבורים,מנחם בגין,32.0930281,34.8317312,2026-09-10T13:59:03+00:00,2025-04-29 12:41:07,,,6600,https://www.yad2.co.il/realestate/item/center-and-sharon/rh80jxz8,501,2
2300000,https://www.yad2.co.il/realestate/item/center-and-sharon/qv78y63b,97,4.0,0,0.034435,בני ברק,,אברבנאל,32.0950979,34.8420268,2026-09-10T13:59:03+00:00,2026-05-06 18:06:50,,,6600,https://www.yad2.co.il/realestate/item/center-and-sharon/6qln2ltv,168,2
2300000,https://www.yad2.co.il/realestate/item/tel-aviv-area/jt56r5qh,90,4.0,15,0.03443,תל אביב יפו,ניר אביב,רוטנשטרייך 32,32.0456579,34.810343,2026-09-10T17:45:05+00:00,2026-06-23 08:40:55,,,6599,https://www.yad2.co.il/realestate/item/tel-aviv-area/cpsef0ko,286,1
2370000,https://www.yad2.co.il/realestate/item/center-and-sharon/z8q09wb9,90,4.0,15,0.03443,פתח תקווה,,,32.0877639,34.8859985,2026-09-10T16:59:42+00:00,2026-08-10 13:33:03,,,6800,https://www.yad2.co.il/realestate/item/center-and-sharon/14n8cy07,397,4
2390000,https://www.yad2.co.il/realestate/item/center-and-sharon/y51pskzx,104,4.0,0,0.034393,פתח תקווה,מחנה יהודה,הצנחנים 16,32.0824272,34.8975444,2026-09-10T17:00:04+00:00,2026-02-15 17:12:24,,,6850,https://www.yad2.co.il/realestate/item/center-and-sharon/4y0kuspl,151,4
2200000,https://www.yad2.co.il/realestate/item/tel-aviv-area/ena032fa,58,2.0,70,0.034364,רמת גן,תל יהודה,שדרות ירושלים 12,32.0746224,34.8196904,2026-09-11T06:04:38+00:00,2026-08-09 11:49:28,,,6300,https://www.yad2.co.il/realestate/item/tel-aviv-area/t0uss8xy,362,3
2270000,https://www.yad2.co.il/realestate/item/center-and-sharon/bal17jrz,125,5.0,40,0.034361,פתח תקווה,המרכז השקט / מרכז העיר,ברטנורא,32.0821974,34.882517,2026-09-10T16:58:39+00:00,2026-08-14 10:34:06,,,6500,https://www.yad2.co.il/realestate/item/center-and-sharon/oesq836j,459,2
2430000,https://www.yad2.co.il/realestate/item/center-and-sharon/prc4eo1k,121,5.0,15,0.034321,פתח תקווה,כפר גנים ב,יצחק בן צבי,32.0732339,34.8859501,2026-09-10T17:00:25+00:00,2026-09-01 13:22:54,,,6950,https://www.yad2.co.il/realestate/item/center-and-sharon/u8rc8aim,591,1
2449000,https://www.yad2.co.il/realestate/item/center-and-sharon/cbgaus3e,114,4.5,0,0.0343,פתח תקווה,לב המושבה / מרכז העיר,פרומקין,32.0926478,34.8845633,2026-09-10T14:02:53+00:00,2026-06-15 17:41:12,,,7000,https://www.yad2.co.il/realestate/item/center-and-sharon/4iaca85r,411,3
2100000,https://www.yad2.co.il/realestate/item/tel-aviv-area/1jnaeaow,80,3.0,55,0.034286,תל אביב יפו,נווה חן,יוסף וולקר,32.0527579,34.810021,2026-09-10T17:43:14+00:00,2026-09-09 10:14:52,,,6000,https://www.yad2.co.il/realestate/item/tel-aviv-area/4vh7fpzg,590,1
2450000,https://www.yad2.co.il/realestate/item/tel-aviv-area/7bbyz5zy,92,3.5,15,0.034286,תל אביב יפו,"נווה עופר, תל כביר",,32.039137,34.766814,2026-09-10T17:46:13+00:00,2026-08-17 22:47:21,81,,7000,https://www.yad2.co.il/realestate/item/tel-aviv-area/wdj86kyn,551,2
2170000,https://www.yad2.co.il/realestate/item/center-and-sharon/7hseuw4z,100,4.0,15,0.034286,פתח תקווה,לב המושבה / מרכז העיר,רוטשילד 79,32.0871316,34.8816404,2026-09-10T16:57:29+00:00,2026-04-28 17:28:45,,,6200,https://www.yad2.co.il/realestate/item/center-and-sharon/k5e0k2ei,377,1
2100000,https://www.yad2.co.il/realestate/item/tel-aviv-area/8boia6no,58,2.5,25,0.034286,תל אביב יפו,"צהלון, שיכוני חסכון",דב ממזריץ',32.0385303,34.7530916,2026-09-10T17:43:14+00:00,2026-08-10 17:23:53,,,6000,https://www.yad2.co.il/realestate/item/tel-aviv-area/vjbbhbmc,519,1
2450000,https://www.yad2.co.il/realestate/item/tel-aviv-area/91tuu4vi,80,3.0,25,0.034286,גבעתיים,גבעת הרמבם,יד מרדכי,32.0692814,34.8053815,2026-09-10T14:00:29+00:00,2026-09-02 13:15:40,97,,7000,https://www.yad2.co.il/realestate/item/tel-aviv-area/f6liqwb4,373,15
2450000,https://www.yad2.co.il/realestate/item/center-and-sharon/9tdze4p8,124,4.0,0,0.034286,פתח תקווה,,,32.0877639,34.8859985,2026-09-10T14:33:50+00:00,2026-06-04 13:50:40,,,7000,https://www.yad2.co.il/realestate/item/center-and-sharon/8edpnode,133,3
2450000,https://www.yad2.co.il/realestate/item/center-and-sharon/asiavmgu,108,4.0,25,0.034286,בני ברק,גבעת רוקח,,32.0873899,34.8324376,2026-09-10T13:59:23+00:00,2026-08-07 08:46:55,,,7000,https://www.yad2.co.il/realestate/item/center-and-sharon/airpfwg1,0,1
2100000,https://www.yad2.co.il/realestate/item/tel-aviv-area/bzpa2nlb,70,3.0,15,0.034286,תל אביב יפו,"נווה עופר, תל כביר",אוהלי יעקב 13,32.039137,34.766814,2026-09-10T17:43:14+00:00,2026-09-03 14:29:36,,,6000,https://www.yad2.co.il/realestate/item/tel-aviv-area/4c9qoq6s,0,1
2100000,https://www.yad2.co.il/realestate/item/tel-aviv-area/cgr5ivg6,85,4.0,40,0.034286,תל אביב יפו,"התקוה, בית יעקב, נווה צה""ל",רוני 35,32.04863,34.791547,2026-09-10T17:43:14+00:00,2025-07-07 14:18:44,,,6000,https://www.yad2.co.il/realestate/item/tel-aviv-area/v3ig77cz,502,1
2100000,https://www.yad2.co.il/realestate/item/center-and-sharon/ddjiofyk,80,3.0,25,0.034286,בני ברק,,רבי עקיבא 65,32.0864993,34.8299227,2026-09-10T13:57:59+00:00,2026-08-27 23:15:52,,,6000,https://www.yad2.co.il/realestate/item/tel-aviv-area/1m6chmgc,551,1
2450000,https://www.yad2.co.il/realestate/item/center-and-sharon/gn1hs3yx,100,4.0,0,0.034286,פתח תקווה,מחנה יהודה,בעל שם טוב 21,32.0779553,34.8960034,2026-09-10T17:00:25+00:00,2026-03-11 11:51:54,,,7000,https://www.yad2.co.il/realestate/item/center-and-sharon/5gum4h6q,170,3
2450000,https://www.yad2.co.il/realestate/item/center-and-sharon/h4raiti6,112,4.0,0,0.034286,פתח תקווה,מחנה יהודה,נחמן מברסלב,32.0786705,34.8968972,2026-09-10T14:35:20+00:00,2026-09-09 00:44:16,,,7000,https://www.yad2.co.il/realestate/item/center-and-sharon/5gum4h6q,233,4
2450000,https://www.yad2.co.il/realestate/item/center-and-sharon/m4o6hnq7,104,4.0,0,0.034286,פתח תקווה,,,32.0877639,34.8859985,2026-09-10T14:33:50+00:00,2026-08-26 13:23:17,,,7000,https://www.yad2.co.il/realestate/item/center-and-sharon/8edpnode,133,4
2450000,https://www.yad2.co.il/realestate/item/center-and-sharon/oaeyctk4,108,4.0,0,0.034286,פתח תקווה,לב המושבה / מרכז העיר,רוטשילד 57,32.0892066,34.8811949,2026-09-10T17:00:25+00:00,2026-05-13 14:43:08,,,7000,https://www.yad2.co.il/realestate/item/center-and-sharon/8edpnode,414,5
2450000,https://www.yad2.co.il/realestate/item/tel-aviv-area/sr4otpfa,88,4.0,0,0.034286,תל אביב יפו,"נווה גולן, יפו ג'",פיקוס 17,32.0350984,34.7513801,2026-09-10T17:46:36+00:00,2026-08-16 12:31:06,,,7000,https://www.yad2.co.il/realestate/item/tel-aviv-area/qmb6d590,107,1
2170000,https://www.yad2.co.il/realestate/item/center-and-sharon/ujmluj81,86,3.0,0,0.034286,פתח תקווה,,,32.0877639,34.8859985,2026-09-10T16:57:29+00:00,2026-03-23 10:40:49,,,6200,https://www.yad2.co.il/realestate/item/center-and-sharon/z8i4k6z0,560,2
2450000,https://www.yad2.co.il/realestate/item/center-and-sharon/uuo1hxm3,78,4.0,0,0.034286,בני ברק,,הרב עמיאל,32.0873899,34.8324376,2026-09-10T13:59:23+00:00,2026-09-09 12:37:14,,,7000,https://www.yad2.co.il/realestate/item/center-and-sharon/nod1ni5i,0,3
2275000,https://www.yad2.co.il/realestate/item/center-and-sharon/wayeiyxc,94,4.0,0,0.034286,פתח תקווה,קרול,,32.0919053,34.877512,2026-09-10T16:58:39+00:00,2026-09-02 15:23:46,,,6500,https://www.yad2.co.il/realestate/item/center-and-sharon/xpqp2sy5,520,1
2100000,https://www.yad2.co.il/realestate/item/center-and-sharon/ybjpk0k4,90,4.0,25,0.034286,בני ברק,פרדס כץ,המכבים,32.0984785,34.8338364,2026-09-10T13:57:59+00:00,2023-03-30 16:14:47,,,6000,https://www.yad2.co.il/realestate/item/center-and-sharon/t1flt1s4,411,1
2450000,https://www.yad2.co.il/realestate/item/center-and-sharon/ye5aoisc,102,4.0,0,0.034286,פתח תקווה,,,32.0877639,34.8859985,2026-09-10T14:36:05+00:00,2023-12-07 10:16:53,,,7000,https://www.yad2.co.il/realestate/item/center-and-sharon/8edpnode,133,4
2400000,https://www.yad2.co.il/realestate/item/center-and-sharon/93j2ztbb,137,4.0,0,0.03425,פתח תקווה,עין גנים,עין גנים 30,32.0837666,34.8972606,2026-09-10T17:00:04+00:00,2026-08-05 13:19:17,,,6850,https://www.yad2.co.il/realestate/item/center-and-sharon/4y0kuspl,0,3
2400000,https://www.yad2.co.il/realestate/item/center-and-sharon/bnff6iuz,105,4.0,0,0.03425,פתח תקווה,מחנה יהודה,,32.0812723,34.8934525,2026-09-10T17:00:04+00:00,2026-02-04 22:18:44,,,6850,https://www.yad2.co.il/realestate/item/center-and-sharon/4y0kuspl,453,4
2400000,https://www.yad2.co.il/realestate/item/center-and-sharon/r34u5vtp,137,4.0,0,0.03425,פתח תקווה,עין גנים,עין גנים,32.0819149,34.8994736,2026-09-10T17:00:04+00:00,2026-06-29 10:26:09,,,6850,https://www.yad2.co.il/realestate/item/center-and-sharon/4y0kuspl,293,3
2190000,https://www.yad2.co.il/realestate/item/center-and-sharon/jc499biy,90,4.5,0,0.034247,פתח תקווה,הדר גנים,ברלוביץ,32.0722273,34.9051718,2026-09-10T16:57:55+00:00,2026-07-06 09:55:51,,,6250,https://www.yad2.co.il/realestate/item/center-and-sharon/vfv7dly4,457,1
2350000,https://www.yad2.co.il/realestate/item/tel-aviv-area/ir1r0c2f,60,2.0,55,0.034213,גבעתיים,גבעת הרמבם,ההגנה 36,32.068153,34.8057211,2026-09-10T14:00:29+00:00,2026-07-26 14:29:48,,,6700,https://www.yad2.co.il/realestate/item/tel-aviv-area/r9qkq74q,274,4
2350000,https://www.yad2.co.il/realestate/item/center-and-sharon/yi5logmm,90,4.0,0,0.034213,פתח תקווה,כפר גנים א,הנשיאים,32.0782158,34.8798067,2026-09-10T16:59:42+00:00,2026-08-10 10:09:23,,,6700,https://www.yad2.co.il/realestate/item/center-and-sharon/tbxuw4t5,548,1
2280000,https://www.yad2.co.il/realestate/item/center-and-sharon/dyrcnpi9,85,4.0,0,0.034211,פתח תקווה,מחנה יהודה,נחמן מברסלב,32.0786705,34.8968972,2026-09-10T16:58:39+00:00,2026-08-09 23:40:48,,,6500,https://www.yad2.co.il/realestate/item/center-and-sharon/w3jzw8g0,236,1
2460000,https://www.yad2.co.il/realestate/item/center-and-sharon/ean8ygvs,114,4.0,0,0.034146,פתח תקווה,מחנה יהודה,נחמן מברסלב,32.0786705,34.8968972,2026-09-10T17:00:25+00:00,2025-12-10 21:55:49,,,7000,https://www.yad2.co.il/realestate/item/center-and-sharon/5gum4h6q,233,4
2460000,https://www.yad2.co.il/realestate/item/center-and-sharon/f4fodwnk,97,3.5,0,0.034146,פתח תקווה,הדר המושבות הותיקה / אם המושבות הותיקה,זכרון יעקב 24,32.1046463,34.8743513,2026-09-10T17:00:25+00:00,2026-05-18 22:14:42,,,7000,https://www.yad2.co.il/realestate/item/center-and-sharon/4n3293op,121,7
2460000,https://www.yad2.co.il/realestate/item/tel-aviv-area/jkcg2gi7,83,4.0,25,0.034146,רמת גן,"שכונת יהלום, מרכז העיר ב",הרצל 32,32.0824328,34.8163266,2026-09-11T06:10:57+00:00,2026-07-22 21:10:22,,,7000,https://www.yad2.co.il/realestate/item/tel-aviv-area/0q66dodi,396,9
2250000,https://www.yad2.co.il/realestate/item/center-and-sharon/slaz7tmi,106,4.5,55,0.034133,בני ברק,פרדס כץ,הרב ישראל אבו חצירא,32.094491,34.831298,2026-09-10T13:58:42+00:00,2026-08-20 16:30:45,,,6400,https://www.yad2.co.il/realestate/item/center-and-sharon/i1n3rp9l,331,2
2200000,https://www.yad2.co.il/realestate/item/center-and-sharon/giu19caa,97,4.0,15,0.034091,פתח תקווה,המרכז השקט / מרכז העיר,הרב הלר 10,32.0851139,34.8915645,2026-09-10T16:57:55+00:00,2026-08-25 11:14:24,,,6250,https://www.yad2.co.il/realestate/item/center-and-sharon/ypq4tgvr,102,1
2200000,https://www.yad2.co.il/realestate/item/center-and-sharon/oyljujbr,92,4.0,0,0.034091,פתח תקווה,הדר גנים,רבי יהודה הנשיא 12,32.0722225,34.905391,2026-09-10T16:58:17+00:00,2026-05-24 20:59:30,,,6250,https://www.yad2.co.il/realestate/item/center-and-sharon/vfv7dly4,437,2
2500000,https://www.yad2.co.il/realestate/item/tel-aviv-area/10jux701,92,4.0,15,0.03408,תל אביב יפו,ניר אביב,יעקב סלע 4,32.0481304,34.8116575,2026-09-10T17:46:59+00:00,2026-04-23 09:46:58,,,7100,https://www.yad2.co.il/realestate/item/tel-aviv-area/2lf25tfc,0,1
2395000,https://www.yad2.co.il/realestate/item/center-and-sharon/91euiq3n,90,4.0,15,0.034071,פתח תקווה,,,32.0877639,34.8859985,2026-09-10T17:00:04+00:00,2026-07-15 12:54:09,,,6800,https://www.yad2.co.il/realestate/item/center-and-sharon/14n8cy07,397,4
2290000,https://www.yad2.co.il/realestate/item/center-and-sharon/1nhtlqil,115,5.0,15,0.034061,פתח תקווה,המרכז השקט / מרכז העיר,אליעזר בן יהודה,32.0815018,34.8819111,2026-09-10T16:58:39+00:00,2026-07-05 21:49:57,,,6500,https://www.yad2.co.il/realestate/item/center-and-sharon/oesq836j,538,1
2290000,https://www.yad2.co.il/realestate/item/center-and-sharon/2z607xgk,100,4.0,0,0.034061,פתח תקווה,כפר גנים א,,32.080839,34.8755594,2026-09-10T16:58:39+00:00,2025-08-17 14:59:10,,,6500,https://www.yad2.co.il/realestate/item/center-and-sharon/ew05pp5s,585,1
2290000,https://www.yad2.co.il/realestate/item/tel-aviv-area/9hljr6nh,62,3.0,40,0.034061,תל אביב יפו,נווה שאנן,ראש פינה,32.0582954,34.7812983,2026-09-10T17:44:43+00:00,2026-05-19 11:15:26,,,6500,https://www.yad2.co.il/realestate/item/tel-aviv-area/vuxfpshr,142,2
2290000,https://www.yad2.co.il/realestate/item/tel-aviv-area/dcby4l1q,51,2.0,55,0.034061,גבעתיים,גבעת הרמבם,,32.0729606,34.8113279,2026-09-10T14:00:06+00:00,2026-03-18 10:32:42,,,6500,https://www.yad2.co.il/realestate/item/tel-aviv-area/8fbxyepd,169,2
2290000,https://www.yad2.co.il/realestate/item/tel-aviv-area/ndd5iqw5,72,3.0,55,0.034061,תל אביב יפו,קרית שלום,קמינסקה 22,32.0401113,34.7768402,2026-09-10T17:44:43+00:00,2026-08-02 11:55:46,,,6500,https://www.yad2.co.il/realestate/item/tel-aviv-area/ccecgyz0,191,6
2290000,https://www.yad2.co.il/realestate/item/center-and-sharon/srv5ab3g,107,4.0,0,0.034061,פתח תקווה,המרכז השקט / מרכז העיר,זאב ברנדה,32.0807293,34.8852882,2026-09-10T14:36:37+00:00,2026-08-26 17:57:09,,,6500,https://www.yad2.co.il/realestate/item/center-and-sharon/gbkpl94n,134,1
2150000,https://www.yad2.co.il/realestate/item/center-and-sharon/u92e2rcr,95,3.0,40,0.034047,בני ברק,,"חיד""א",32.0910001,34.8369403,2026-09-10T13:58:20+00:00,2026-06-03 16:15:15,,,6100,https://www.yad2.co.il/realestate/item/center-and-sharon/dxxgn592,535,1
2470000,https://www.yad2.co.il/realestate/item/center-and-sharon/w5ttjr6q,110,4.0,0,0.034008,פתח תקווה,לב המושבה / מרכז העיר,דרך זאב ז'בוטינסקי 8,32.0871038,34.8848259,2026-09-10T17:00:25+00:00,2026-07-08 15:57:04,,,7000,https://www.yad2.co.il/realestate/item/center-and-sharon/8edpnode,0,6
2400000,https://www.yad2.co.il/realestate/item/center-and-sharon/2pzd5wsy,115,4.5,15,0.034,פתח תקווה,המרכז השקט / מרכז העיר,הרמן צבי שפירא,32.0820064,34.8862659,2026-09-10T17:00:04+00:00,2026-04-23 10:44:44,,,6800,https://www.yad2.co.il/realestate/item/center-and-sharon/rf1vnvm0,497,3
2225000,https://www.yad2.co.il/realestate/item/tel-aviv-area/l9bzva4h,74,2.0,55,0.033978,רמת גן,"שכונת חשמונאים, מרכז העיר א",מרים,32.0789164,34.8142498,2026-09-11T06:05:00+00:00,2026-06-24 12:29:10,,,6300,https://www.yad2.co.il/realestate/item/tel-aviv-area/t0uss8xy,361,4
2190000,https://www.yad2.co.il/realestate/item/tel-aviv-area/oa33t5pj,77,3.0,70,0.033973,תל אביב יפו,ניר אביב,רוטנשטרייך 16,32.0456579,34.810343,2026-09-10T17:43:59+00:00,2026-07-09 09:16:27,,,6200,https://www.yad2.co.il/realestate/item/tel-aviv-area/wxcpz0qa,319,3
2190000,https://www.yad2.co.il/realestate/item/center-and-sharon/vlirc9d8,88,3.0,0,0.033973,פתח תקווה,,,32.0877639,34.8859985,2026-09-10T16:57:55+00:00,2026-08-03 15:18:41,,,6200,https://www.yad2.co.il/realestate/item/center-and-sharon/z8i4k6z0,560,1
2120000,https://www.yad2.co.il/realestate/item/tel-aviv-area/jcnoo6e5,64,2.0,70,0.033962,רמת גן,"שכונת בן גוריון, מרכז העיר ג'",מבוא זאב,32.0882183,34.8174673,2026-09-11T06:03:13+00:00,2026-09-04 10:33:55,,,6000,https://www.yad2.co.il/realestate/item/tel-aviv-area/bgw5bwno,526,1
2300000,https://www.yad2.co.il/realestate/item/tel-aviv-area/5xt5tmoy,70,3.0,100,0.033913,תל אביב יפו,נווה חן,מעפילי אגוז 84,32.054943,34.809449,2026-09-10T17:45:05+00:00,2026-08-23 18:33:26,,,6500,https://www.yad2.co.il/realestate/item/tel-aviv-area/ggjwziw5,386,2
2299999,https://www.yad2.co.il/realestate/item/tel-aviv-area/c7kqt7yp,71,2.5,100,0.033913,רמת גן,"שכונת יהלום, מרכז העיר ב",קריניצי,32.0800729,34.8172856,2026-09-11T06:06:49+00:00,2025-09-19 15:16:08,,,6500,https://www.yad2.co.il/realestate/item/tel-aviv-area/d1kfw6ge,263,11
2300000,https://www.yad2.co.il/realestate/item/center-and-sharon/guvc57ny,108,4.0,0,0.033913,בני ברק,שאר העיר,"לח""י",32.1038575,34.8301259,2026-09-10T13:59:03+00:00,2026-07-20 14:20:18,235,,6500,https://www.yad2.co.il/realestate/item/center-and-sharon/92rhlc64,15,6
2300000,https://www.yad2.co.il/realestate/item/tel-aviv-area/spi44p5g,80,4.0,25,0.033913,תל אביב יפו,ניר אביב,יעקב סלע 20,32.0481304,34.8116575,2026-09-10T17:45:05+00:00,2026-09-06 19:55:42,,,6500,https://www.yad2.co.il/realestate/item/tel-aviv-area/lqrxjnlj,462,3
2300000,https://www.yad2.co.il/realestate/item/tel-aviv-area/xdtmxab6,74,4.5,55,0.033913,רמת גן,שכונת גפן,דרך זאב ז'בוטינסקי,32.085076,34.810272,2026-09-11T06:07:10+00:00,2023-11-15 16:43:09,,,6500,https://www.yad2.co.il/realestate/item/tel-aviv-area/whb42ii4,501,2
2300000,https://www.yad2.co.il/realestate/item/center-and-sharon/zq2pbaf2,90,3.0,15,0.033913,בני ברק,רמת אלחנן,מנחם זמבא,32.0820167,34.8437773,2026-09-10T13:59:03+00:00,2026-08-16 14:06:39,,,6500,https://www.yad2.co.il/realestate/item/center-and-sharon/e0mpeykh,80,1
2230000,https://www.yad2.co.il/realestate/item/tel-aviv-area/wb3gdmmn,70,2.0,25,0.033901,רמת גן,"שכונת בן גוריון, מרכז העיר ג'",ביאליק,32.0849863,34.8122928,2026-09-11T06:05:21+00:00,2025-03-30 15:59:51,,,6300,https://www.yad2.co.il/realestate/item/tel-aviv-area/r9p3uvvh,203,1
2230000,https://www.yad2.co.il/realestate/item/tel-aviv-area/zm5hkahm,70,2.0,25,0.033901,רמת גן,"שכונת בן גוריון, מרכז העיר ג'",שדרות הילד,32.085553,34.8138223,2026-09-11T06:05:21+00:00,2025-04-16 13:47:33,,,6300,https://www.yad2.co.il/realestate/item/tel-aviv-area/r9p3uvvh,277,1
2390000,https://www.yad2.co.il/realestate/item/tel-aviv-area/digz9cdu,60,3.0,70,0.033891,תל אביב יפו,יד אליהו,לה גווארדיה 52,32.0592283,34.793419,2026-09-10T17:45:50+00:00,2026-04-19 10:44:04,,,6750,https://www.yad2.co.il/realestate/item/tel-aviv-area/w2a0371o,247,4
2390000,https://www.yad2.co.il/realestate/item/tel-aviv-area/laksnpwn,60,3.0,70,0.033891,תל אביב יפו,יד אליהו,לה גווארדיה 52,32.0592283,34.793419,2026-09-10T17:45:50+00:00,2026-03-26 11:35:28,,,6750,https://www.yad2.co.il/realestate/item/tel-aviv-area/w2a0371o,247,4
2375000,https://www.yad2.co.il/realestate/item/center-and-sharon/iv1b8k6d,104,4.0,0,0.033853,פתח תקווה,כפר גנים ב,הנשיאים,32.0782752,34.8799161,2026-09-10T16:58:17+00:00,2026-09-09 21:46:46,,,6700,https://www.yad2.co.il/realestate/item/center-and-sharon/tbxuw4t5,538,1
2270000,https://www.yad2.co.il/realestate/item/center-and-sharon/p7aiod84,77,3.5,0,0.033833,פתח תקווה,לב המושבה / מרכז העיר,דוד מאיר גוטמן 13,32.0871038,34.8848259,2026-09-10T16:58:39+00:00,2026-07-12 12:35:53,,,6400,https://www.yad2.co.il/realestate/item/center-and-sharon/k2ah8rrj,0,2
2430000,https://www.yad2.co.il/realestate/item/center-and-sharon/jepjkib6,118,5.0,0,0.033827,פתח תקווה,עין גנים,עין גנים,32.0819149,34.8994736,2026-09-10T17:00:25+00:00,2026-05-08 08:50:25,,,6850,https://www.yad2.co.il/realestate/item/center-and-sharon/4y0kuspl,293,1
2129000,https://www.yad2.co.il/realestate/item/center-and-sharon/xtzrhxoe,120,4.0,40,0.033819,בני ברק,,אברבנאל,32.0950979,34.8420268,2026-09-10T13:57:59+00:00,2026-05-20 16:54:37,,,6000,https://www.yad2.co.il/realestate/item/center-and-sharon/t1flt1s4,590,1
2449000,https://www.yad2.co.il/realestate/item/center-and-sharon/0bkihnki,112,4.0,0,0.03381,פתח תקווה,המרכז השקט / מרכז העיר,טרומפלדור,32.0865135,34.8783124,2026-09-10T17:00:25+00:00,2026-03-26 13:45:27,,,6900,https://www.yad2.co.il/realestate/item/center-and-sharon/r5l7uz2o,527,4
2130000,https://www.yad2.co.il/realestate/item/center-and-sharon/c6tizibp,87,3.0,0,0.033803,פתח תקווה,הדר גנים,הרב פינצי 6,32.075991,34.9057036,2026-09-10T14:36:57+00:00,2026-01-05 22:12:46,,,6000,https://www.yad2.co.il/realestate/item/center-and-sharon/rk16jf6k,274,1
2450000,https://www.yad2.co.il/realestate/item/center-and-sharon/8e5r01zr,87,3.0,0,0.033796,פתח תקווה,הדר המושבות החדשה / אם המושבות החדשה,משה סנה,32.098124,34.878258,2026-09-10T17:00:25+00:00,2025-11-18 12:19:49,,,6900,https://www.yad2.co.il/realestate/item/center-and-sharon/9ubetgy1,546,1
2450000,https://www.yad2.co.il/realestate/item/tel-aviv-area/qrywx5y3,60,3.0,0,0.033796,רמת גן,אזור הבילויים,,32.0615854,34.8238799,2026-09-11T06:10:36+00:00,2026-07-27 11:19:16,,,6900,https://www.yad2.co.il/realestate/item/tel-aviv-area/hmz19tue,103,2
2450000,https://www.yad2.co.il/realestate/item/center-and-sharon/rehk5g34,103,4.0,0,0.033796,פתח תקווה,,אלתר מיהוד,32.081714,34.882687,2026-09-10T17:00:25+00:00,2026-09-06 16:39:55,,,6900,https://www.yad2.co.il/realestate/item/center-and-sharon/bq7i3df2,461,3
2450000,https://www.yad2.co.il/realestate/item/tel-aviv-area/wqz59u6g,50,3.0,0,0.033796,רמת גן,אזור הבילויים,אבנר 2,32.0629672,34.8277175,2026-09-11T06:10:57+00:00,2026-05-25 12:05:29,,,6900,https://www.yad2.co.il/realestate/item/tel-aviv-area/hmz19tue,335,1
2450006,https://www.yad2.co.il/realestate/item/tel-aviv-area/zwh2jfhj,65,3.0,70,0.033796,רמת גן,"שכונת בן גוריון, מרכז העיר ג'",,32.0686867,34.8246812,2026-09-11T06:10:57+00:00,2026-08-05 19:49:24,,,6900,https://www.yad2.co.il/realestate/item/tel-aviv-area/5d2evt11,0,6
2380000,https://www.yad2.co.il/realestate/item/tel-aviv-area/cfv717zu,65,2.0,25,0.033782,גבעתיים,גבעת הרמבם,ישראל טייבר,32.0716771,34.8063883,2026-09-10T14:00:29+00:00,2026-08-06 12:55:44,183,,6700,https://www.yad2.co.il/realestate/item/tel-aviv-area/r9qkq74q,481,4
2380000,https://www.yad2.co.il/realestate/item/tel-aviv-area/na7u4147,70,3.0,25,0.033782,גבעתיים,שינקין,המרי,32.071927,34.8150821,2026-09-10T14:00:29+00:00,2026-01-12 17:30:03,,,6700,https://www.yad2.co.il/realestate/item/tel-aviv-area/sxgp586k,528,14
2310000,https://www.yad2.co.il/realestate/item/center-and-sharon/uru6in1q,87,3.5,15,0.033766,פתח תקווה,מחנה יהודה,שלום שבזי,32.080887,34.892699,2026-09-10T16:58:59+00:00,2026-08-09 23:30:33,,,6500,https://www.yad2.co.il/realestate/item/center-and-sharon/5qgy5xy2,455,2
2490000,https://www.yad2.co.il/realestate/item/center-and-sharon/16o5q89g,118,4.0,0,0.033735,פתח תקווה,לב המושבה / מרכז העיר,"רמב""ם",32.087019,34.890642,2026-09-10T17:00:25+00:00,2026-07-10 16:33:50,,,7000,https://www.yad2.co.il/realestate/item/center-and-sharon/8edpnode,548,3
2490000,https://www.yad2.co.il/realestate/item/tel-aviv-area/4fa7usbz,94,4.0,40,0.033735,תל אביב יפו,נווה שאנן,נווה שאנן 20,32.058371,34.7801023,2026-09-10T17:46:36+00:00,2025-12-07 11:40:22,,,7000,https://www.yad2.co.il/realestate/item/tel-aviv-area/1gw77ch1,526,1
2490000,https://www.yad2.co.il/realestate/item/center-and-sharon/4wd3ar5j,112,4.0,0,0.033735,פתח תקווה,שעריה,הנרייטה סולד 40,32.0765792,34.8967801,2026-09-10T17:00:25+00:00,2026-09-01 00:34:13,,,7000,https://www.yad2.co.il/realestate/item/center-and-sharon/5gum4h6q,0,2
2490000,https://www.yad2.co.il/realestate/item/center-and-sharon/csy0vs3h,105,4.0,0,0.033735,פתח תקווה,שיפר,יוסף ספיר 25,32.0969145,34.8916213,2026-09-10T17:00:48+00:00,2026-02-15 17:59:02,,,7000,https://www.yad2.co.il/realestate/item/center-and-sharon/7cp7a487,334,3
2490000,https://www.yad2.co.il/realestate/item/tel-aviv-area/klvoyuc1,100,3.0,40,0.033735,גבעתיים,שינקין,שיינקין,32.074032,34.8100563,2026-09-10T19:21:42+00:00,2026-08-05 16:53:29,187,,7000,https://www.yad2.co.il/realestate/item/tel-aviv-area/m254e836,380,16
2490000,https://www.yad2.co.il/realestate/item/tel-aviv-area/mrbmbxh9,67,3.0,25,0.033735,גבעתיים,גבעת הרמבם,המגדל 5,32.0713559,34.8074124,2026-09-10T14:00:29+00:00,2026-08-13 20:18:10,491,,7000,https://www.yad2.co.il/realestate/item/tel-aviv-area/f6liqwb4,468,15
2490000,https://www.yad2.co.il/realestate/item/center-and-sharon/sjmxjvy5,106,4.0,0,0.033735,פתח תקווה,שיפר,יוסף ספיר 25,32.0969145,34.8916213,2026-09-10T17:00:48+00:00,2026-08-25 17:47:22,,,7000,https://www.yad2.co.il/realestate/item/center-and-sharon/7cp7a487,334,3
2490000,https://www.yad2.co.il/realestate/item/tel-aviv-area/zjw8j0zb,67,3.5,55,0.033735,גבעתיים,שינקין,כצנלסון 124,32.0762643,34.8129111,2026-09-10T14:00:29+00:00,2026-08-09 13:55:16,,,7000,https://www.yad2.co.il/realestate/item/tel-aviv-area/0q66dodi,362,15
2350000,https://www.yad2.co.il/realestate/item/center-and-sharon/d52si73x,120,4.5,15,0.033702,פתח תקווה,לב המושבה / מרכז העיר,"ביל""ו",32.0871772,34.8805872,2026-09-10T16:59:21+00:00,2026-08-26 01:41:25,,,6600,https://www.yad2.co.il/realestate/item/center-and-sharon/hxusscze,536,5
2315000,https://www.yad2.co.il/realestate/item/tel-aviv-area/3v5itbyu,64,2,25,0.033693,תל אביב יפו,יד אליהו,,32.0587361,34.793301,2026-09-10T17:45:05+00:00,,,,6500,https://www.yad2.co.il/realestate/item/tel-aviv-area/30insskv,368,1
2280000,https://www.yad2.co.il/realestate/item/center-and-sharon/8zec9dy6,96,4.0,0,0.033684,פתח תקווה,עין גנים,עין גנים,32.0819149,34.8994736,2026-09-10T16:58:39+00:00,2026-09-04 08:27:29,,,6400,https://www.yad2.co.il/realestate/item/center-and-sharon/jbgcnrom,190,1
2495000,https://www.yad2.co.il/realestate/item/center-and-sharon/nkkz74ug,108,4.5,25,0.033667,בני ברק,,ירושלים,32.0854091,34.8299252,2026-09-10T13:59:43+00:00,2026-07-12 14:40:48,285,,7000,https://www.yad2.co.il/realestate/item/center-and-sharon/airpfwg1,323,1
2210000,https://www.yad2.co.il/realestate/item/center-and-sharon/ypenkcx1,118,4.0,0,0.033665,פתח תקווה,המרכז השקט / מרכז העיר,הרצל 81,32.0852837,34.8869244,2026-09-10T16:58:17+00:00,2026-08-07 11:30:51,,,6200,https://www.yad2.co.il/realestate/item/center-and-sharon/o0npg58e,289,1
2460000,https://www.yad2.co.il/realestate/item/center-and-sharon/ejem947x,102,4.0,0,0.033659,פתח תקווה,מחנה יהודה,שלום שבזי,32.080887,34.892699,2026-09-10T17:00:25+00:00,2026-09-06 11:05:06,,,6900,https://www.yad2.co.il/realestate/item/center-and-sharon/bq7i3df2,583,4
2390000,https://www.yad2.co.il/realestate/item/center-and-sharon/7mard5b9,108,4.0,0,0.03364,פתח תקווה,,טרומפלדור 51,32.0823209,34.8785475,2026-09-10T16:59:42+00:00,2026-06-07 12:59:55,,,6700,https://www.yad2.co.il/realestate/item/center-and-sharon/tbxuw4t5,344,2
2390000,https://www.yad2.co.il/realestate/item/tel-aviv-area/g7btcgg3,70,2.0,0,0.03364,רמת גן,שכונת הלל,"הרא""ה 94",32.080407,34.8253386,2026-09-11T06:09:09+00:00,2025-06-05 14:49:22,,,6700,https://www.yad2.co.il/realestate/item/tel-aviv-area/k9nfecqe,231,1
2498000,https://www.yad2.co.il/realestate/item/center-and-sharon/y7bwu537,114,4.0,55,0.033627,פתח תקווה,,,32.0877639,34.8859985,2026-09-10T14:34:34+00:00,2026-05-03 15:04:03,,,7000,https://www.yad2.co.il/realestate/item/center-and-sharon/8edpnode,133,4
2500000,https://www.yad2.co.il/realestate/item/center-and-sharon/1w1lzjb4,100,4.0,0,0.0336,פתח תקווה,שיפר,השופט ברנדייס,32.097719,34.8907485,2026-09-10T17:00:48+00:00,2024-09-18 11:02:37,,,7000,https://www.yad2.co.il/realestate/item/center-and-sharon/7cp7a487,405,3
2500000,https://www.yad2.co.il/realestate/item/center-and-sharon/3lmlgi90,115,4.0,0,0.0336,פתח תקווה,קרול,יעקב קרול,32.0931848,34.8782391,2026-09-10T17:00:48+00:00,2025-04-20 21:13:17,,,7000,https://www.yad2.co.il/realestate/item/center-and-sharon/4iaca85r,408,2
2500000,https://www.yad2.co.il/realestate/item/center-and-sharon/4ujktmsk,90,4.0,25,0.0336,בני ברק,,השלושה,32.0888961,34.8381365,2026-09-10T13:59:43+00:00,2026-06-18 17:12:31,,,7000,https://www.yad2.co.il/realestate/item/center-and-sharon/5ifs2sug,87,3
2500000,https://www.yad2.co.il/realestate/item/tel-aviv-area/htd67c4b,70,3.0,0,0.0336,תל אביב יפו,נווה שאנן,עין הקורא,32.0573451,34.7824421,2026-09-10T17:46:59+00:00,2026-04-16 13:31:03,,,7000,https://www.yad2.co.il/realestate/item/tel-aviv-area/ocie0vza,214,7
2500000,https://www.yad2.co.il/realestate/item/center-and-sharon/izhdy8qw,94,4.0,0,0.0336,פתח תקווה,לב המושבה / מרכז העיר,רוטשילד 57,32.0892066,34.8811949,2026-09-10T17:00:48+00:00,2025-10-22 17:01:22,,,7000,https://www.yad2.co.il/realestate/item/center-and-sharon/8edpnode,414,3
2500000,https://www.yad2.co.il/realestate/item/center-and-sharon/ncv7hgfz,80,4.0,25,0.0336,בני ברק,הר שלום,הרב הרצוג 27,32.0848964,34.827605,2026-09-10T13:59:43+00:00,2026-08-24 23:46:20,,,7000,https://www.yad2.co.il/realestate/item/center-and-sharon/airpfwg1,533,2
2500000,https://www.yad2.co.il/realestate/item/center-and-sharon/o4w6dckm,100,4.0,25,0.0336,בני ברק,פרדס כץ,אוסישקין 9,32.0934794,34.8386357,2026-09-10T13:59:43+00:00,2026-02-10 14:14:15,,,7000,https://www.yad2.co.il/realestate/item/center-and-sharon/5ifs2sug,552,2
2500000,https://www.yad2.co.il/realestate/item/center-and-sharon/pwv2fhnk,164,3.5,0,0.0336,פתח תקווה,תקומה / קרית חזני,זרח ברנט,32.0932833,34.893587,2026-09-10T17:00:48+00:00,2026-04-13 23:27:30,,,7000,https://www.yad2.co.il/realestate/item/center-and-sharon/5zh17xal,569,1
2290000,https://www.yad2.co.il/realestate/item/center-and-sharon/31bcovwi,85,4.0,0,0.033537,פתח תקווה,לב המושבה / מרכז העיר,רוטשילד 43,32.0906421,34.8809879,2026-09-10T16:58:39+00:00,2026-06-21 11:59:17,,,6400,https://www.yad2.co.il/realestate/item/center-and-sharon/k2ah8rrj,534,1
2470000,https://www.yad2.co.il/realestate/item/tel-aviv-area/1pi7ty5t,80,3.0,25,0.033522,רמת גן,"שכונת חשמונאים, מרכז העיר א",המכבי,32.0825568,34.8090114,2026-09-11T06:10:57+00:00,2026-08-24 13:42:11,,,6900,https://www.yad2.co.il/realestate/item/tel-aviv-area/9ciaki0a,240,10
2400000,https://www.yad2.co.il/realestate/item/center-and-sharon/5hjaw0b9,100,4.0,15,0.0335,פתח תקווה,רמת ורבר,הפורצים 22,32.0874709,34.8776088,2026-09-10T17:00:04+00:00,2026-08-11 09:48:12,,,6700,https://www.yad2.co.il/realestate/item/center-and-sharon/hu31xfq0,533,4
2400000,https://www.yad2.co.il/realestate/item/tel-aviv-area/jysuades,57,3.0,0,0.0335,רמת גן,,אלוף הניצחון,32.0686867,34.8246812,2026-09-11T06:09:52+00:00,2026-05-13 11:43:04,,,6700,https://www.yad2.co.il/realestate/item/tel-aviv-area/lnzmgtch,581,2
2400000,https://www.yad2.co.il/realestate/item/tel-aviv-area/ylzmwady,65,2.5,70,0.0335,גבעתיים,"הל""ה",המלבן,32.0747586,34.8078851,2026-09-10T14:00:29+00:00,2025-05-21 19:56:18,,,6700,https://www.yad2.co.il/realestate/item/tel-aviv-area/sxgp586k,535,13
2150000,https://www.yad2.co.il/realestate/item/center-and-sharon/2wkt620j,85,4.0,0,0.033488,בני ברק,פרדס כץ,,32.0952765,34.8394409,2026-09-10T13:57:59+00:00,2026-07-16 22:53:17,,,6000,https://www.yad2.co.il/realestate/item/center-and-sharon/slzp03zk,87,1
2150000,https://www.yad2.co.il/realestate/item/center-and-sharon/g9au3oyz,91,3.0,0,0.033488,פתח תקווה,אחדות,יוסף שפרינצק,32.071846,34.892341,2026-09-10T14:36:57+00:00,2026-08-03 18:49:01,,,6000,https://www.yad2.co.il/realestate/item/center-and-sharon/sdeiefqj,216,1
2150000,https://www.yad2.co.il/realestate/item/tel-aviv-area/ubbdtjps,70,3.0,70,0.033488,תל אביב יפו,נווה חן,סנפיר,32.0529968,34.8092659,2026-09-10T17:43:36+00:00,2026-07-28 13:13:47,,,6000,https://www.yad2.co.il/realestate/item/tel-aviv-area/4vh7fpzg,567,1
2150000,https://www.yad2.co.il/realestate/item/center-and-sharon/zn52d29z,85,4.0,25,0.033488,בני ברק,פרדס כץ,ביאליק 30,32.0949052,34.8369162,2026-09-10T13:58:20+00:00,2026-08-23 02:19:03,,,6000,https://www.yad2.co.il/realestate/item/center-and-sharon/t1flt1s4,112,1
2300000,https://www.yad2.co.il/realestate/item/tel-aviv-area/p3aa6c8h,75,3.0,70,0.033391,תל אביב יפו,נווה שרת,הדף היומי 11,32.115475,34.840173,2026-09-10T17:45:05+00:00,2026-07-14 01:06:04,,,6400,https://www.yad2.co.il/realestate/item/tel-aviv-area/bhmqr55j,596,1
2230000,https://www.yad2.co.il/realestate/item/center-and-sharon/0twgvbyr,92,3.0,0,0.033363,פתח תקווה,קרול,יהודה לייב פינסקר 58,32.0954549,34.882428,2026-09-10T16:58:17+00:00,2026-03-09 11:37:31,,,6200,https://www.yad2.co.il/realestate/item/center-and-sharon/z8i4k6z0,371,1
2490000,https://www.yad2.co.il/realestate/item/center-and-sharon/y6fn2mxg,91,3.0,0,0.033253,פתח תקווה,קרול,יהודה לייב פינסקר,32.0978514,34.8813969,2026-09-10T17:00:48+00:00,2026-08-05 08:05:11,,,6900,https://www.yad2.co.il/realestate/item/center-and-sharon/9ubetgy1,538,1
2400000,https://www.yad2.co.il/realestate/item/tel-aviv-area/rareenph,70,3.5,55,0.03325,תל אביב יפו,"צהלון, שיכוני חסכון",דב ממזריץ' 18,32.0385303,34.7530916,2026-09-10T17:46:13+00:00,2026-04-28 13:59:22,,,6650,https://www.yad2.co.il/realestate/item/tel-aviv-area/oyo5f9y6,208,1
2420000,https://www.yad2.co.il/realestate/item/tel-aviv-area/39fl3dki,57,2.0,0,0.033223,רמת גן,"שכונת חשמונאים, מרכז העיר א",,32.0686867,34.8246812,2026-09-11T06:09:52+00:00,2023-05-10 09:45:50,,,6700,https://www.yad2.co.il/realestate/item/tel-aviv-area/lnzmgtch,581,1
2420000,https://www.yad2.co.il/realestate/item/tel-aviv-area/jhghxuz2,62,2.0,40,0.033223,גבעתיים,גבעת הרמבם,הצנחנים,32.071076,34.8060318,2026-09-10T14:00:29+00:00,2026-08-05 14:13:09,,,6700,https://www.yad2.co.il/realestate/item/tel-aviv-area/r9qkq74q,410,4
2350000,https://www.yad2.co.il/realestate/item/tel-aviv-area/380lwp2n,60,2.5,40,0.033191,תל אביב יפו,קרית שלום,קמינסקה 5,32.0406727,34.7757275,2026-09-10T17:45:05+00:00,2025-11-16 15:06:03,,,6500,https://www.yad2.co.il/realestate/item/tel-aviv-area/ccecgyz0,287,5
2350000,https://www.yad2.co.il/realestate/item/tel-aviv-area/9au7iccc,68,3.0,55,0.033191,רמת גן,"שכונת בן גוריון, מרכז העיר ג'",אבטליון,32.0861058,34.8161965,2026-09-11T06:07:32+00:00,2026-08-05 12:49:59,,,6500,https://www.yad2.co.il/realestate/item/tel-aviv-area/rywujatz,590,8
2350000,https://www.yad2.co.il/realestate/item/tel-aviv-area/daoglmym,70,3.0,55,0.033191,רמת גן,"שכונת יהלום, מרכז העיר ב",הרצל,32.0819823,34.8166592,2026-09-11T06:07:54+00:00,2025-08-01 13:22:13,,,6500,https://www.yad2.co.il/realestate/item/tel-aviv-area/6vmz2nu9,346,1
2350000,https://www.yad2.co.il/realestate/item/center-and-sharon/evu0tx8k,83,3.0,0,0.033191,פתח תקווה,מחנה יהודה,צבי הירש קלישר,32.0768886,34.8955403,2026-09-10T14:36:37+00:00,2026-08-13 11:33:44,,,6500,https://www.yad2.co.il/realestate/item/center-and-sharon/mu5fecv6,0,2
2350000,https://www.yad2.co.il/realestate/item/center-and-sharon/gm36nw72,100,4.5,0,0.033191,פתח תקווה,בר יהודה,"צה""ל 70",32.0826216,34.8696459,2026-09-10T16:59:21+00:00,2026-09-08 09:51:28,,,6500,https://www.yad2.co.il/realestate/item/center-and-sharon/ew05pp5s,44,1
2350000,https://www.yad2.co.il/realestate/item/center-and-sharon/whnq27sd,92,3.0,0,0.033191,פתח תקווה,מחנה יהודה,"האר""י הקדוש 8",32.080802,34.8953077,2026-09-10T16:59:42+00:00,2026-09-02 13:16:01,,,6500,https://www.yad2.co.il/realestate/item/center-and-sharon/mu5fecv6,436,1
2495000,https://www.yad2.co.il/realestate/item/center-and-sharon/1vx6swv7,90,4.0,0,0.033186,פתח תקווה,מחנה יהודה,בעל שם טוב 15,32.0829158,34.8927359,2026-09-10T17:00:48+00:00,2026-08-12 11:37:08,,,6900,https://www.yad2.co.il/realestate/item/center-and-sharon/bq7i3df2,523,3
2495000,https://www.yad2.co.il/realestate/item/center-and-sharon/786r92nq,92,4.0,0,0.033186,פתח תקווה,מחנה יהודה,נחמן מברסלב,32.0786705,34.8968972,2026-09-10T14:33:50+00:00,2026-08-28 14:13:26,,,6900,https://www.yad2.co.il/realestate/item/center-and-sharon/hvmi7nmv,236,1
2300000,https://www.yad2.co.il/realestate/item/tel-aviv-area/0sfc2qtw,63,3.0,0,0.03313,תל אביב יפו,נווה שאנן,הגדוד העברי,32.0595485,34.7767968,2026-09-10T17:45:05+00:00,2025-03-04 22:23:43,,,6350,https://www.yad2.co.il/realestate/item/tel-aviv-area/e0ji5kqi,504,3
2500000,https://www.yad2.co.il/realestate/item/center-and-sharon/14pivgnw,90,4.0,0,0.03312,פתח תקווה,שיפר,הרב פינטו מסעוד אשר 12,32.0990331,34.8924125,2026-09-10T17:00:48+00:00,2026-09-04 18:40:34,,,6900,https://www.yad2.co.il/realestate/item/center-and-sharon/zer4ga5w,274,1
2500000,https://www.yad2.co.il/realestate/item/center-and-sharon/w70mg0xv,97,4.0,0,0.03312,פתח תקווה,המרכז השקט / מרכז העיר,אלתר מיהוד 10,32.0817453,34.8822565,2026-09-10T17:00:48+00:00,2026-03-21 21:44:57,,,6900,https://www.yad2.co.il/realestate/item/center-and-sharon/bq7i3df2,498,3
2250000,https://www.yad2.co.il/realestate/item/center-and-sharon/dratnc9c,97,3.0,0,0.033067,פתח תקווה,,,32.0877639,34.8859985,2026-09-10T14:03:39+00:00,2026-04-28 11:22:46,,,6200,https://www.yad2.co.il/realestate/item/center-and-sharon/z8i4k6z0,560,1
2450000,https://www.yad2.co.il/realestate/item/tel-aviv-area/qfqltzjs,64,2.5,100,0.033061,תל אביב יפו,יד אליהו,לה גווארדיה 33,32.0592283,34.793419,2026-09-10T17:46:36+00:00,2023-07-06 13:09:30,,,6750,https://www.yad2.co.il/realestate/item/tel-aviv-area/w2a0371o,247,3
2360000,https://www.yad2.co.il/realestate/item/center-and-sharon/ta8euaqs,115,4.0,0,0.033051,בני ברק,שאר העיר,"לח""י",32.1038575,34.8301259,2026-09-10T13:59:03+00:00,2026-05-12 21:23:23,,,6500,https://www.yad2.co.il/realestate/item/center-and-sharon/92rhlc64,15,6
2290000,https://www.yad2.co.il/realestate/item/tel-aviv-area/dr3p5z3v,60,2.0,70,0.033013,גבעתיים,שינקין,המעלות,32.0735001,34.8168151,2026-09-10T19:21:42+00:00,2026-04-19 09:58:34,,,6300,https://www.yad2.co.il/realestate/item/tel-aviv-area/t0uss8xy,303,3
2290000,https://www.yad2.co.il/realestate/item/tel-aviv-area/exnwxigg,65,2.0,70,0.033013,רמת גן,שכונת גפן,הדר 14,32.08757,34.8119584,2026-09-11T06:06:28+00:00,2026-09-06 10:00:26,,,6300,https://www.yad2.co.il/realestate/item/tel-aviv-area/r9p3uvvh,491,1
2290000,https://www.yad2.co.il/realestate/item/tel-aviv-area/jsx1l73a,70,2.0,25,0.033013,גבעתיים,פועלי הרכבת,פועלי הרכבת,32.0776967,34.8169206,2026-09-10T14:00:06+00:00,2026-05-25 15:24:50,,,6300,https://www.yad2.co.il/realestate/item/tel-aviv-area/t0uss8xy,176,3
2490000,https://www.yad2.co.il/realestate/item/center-and-sharon/t9edg32u,124,4.0,0,0.033012,פתח תקווה,צמרת גנים / עין גנים דרום,הצנחנים,32.0824272,34.8975444,2026-09-10T17:00:48+00:00,2026-08-20 17:14:10,,,6850,https://www.yad2.co.il/realestate/item/center-and-sharon/4y0kuspl,151,3
2400000,https://www.yad2.co.il/realestate/item/center-and-sharon/f1h9npxr,96,4.0,0,0.033,בני ברק,תל גיבורים,מנחם בגין,32.0930281,34.8317312,2026-09-10T13:59:23+00:00,2025-02-05 08:51:22,,,6600,https://www.yad2.co.il/realestate/item/center-and-sharon/rh80jxz8,501,2
2400000,https://www.yad2.co.il/realestate/item/center-and-sharon/sehx6inn,97,4.0,0,0.033,בני ברק,פרדס כץ,אברבנאל 117,32.094608,34.8440119,2026-09-10T13:59:23+00:00,2026-05-09 23:24:38,,,6600,https://www.yad2.co.il/realestate/item/center-and-sharon/6qln2ltv,69,2
2220000,https://www.yad2.co.il/realestate/item/center-and-sharon/pgfhgvxr,93,4.0,0,0.032973,פתח תקווה,הדר גנים,דרך מנחם בגין,32.0765977,34.9050471,2026-09-10T16:58:17+00:00,2026-05-10 07:51:10,,,6100,https://www.yad2.co.il/realestate/item/center-and-sharon/tku0k5fm,486,1
2275000,https://www.yad2.co.il/realestate/item/center-and-sharon/8skx0epp,87,4.0,0,0.032967,פתח תקווה,הדר גנים,מנחת שלמה,32.0693361,34.9124919,2026-09-10T16:58:39+00:00,2026-08-17 09:56:29,,,6250,https://www.yad2.co.il/realestate/item/center-and-sharon/vfv7dly4,314,1
2370000,https://www.yad2.co.il/realestate/item/center-and-sharon/ekkgiqtn,117,4.0,0,0.032911,בני ברק,שאר העיר,"לח""י 3",32.1038411,34.8302792,2026-09-10T13:59:03+00:00,2026-07-15 13:14:23,,,6500,https://www.yad2.co.il/realestate/item/center-and-sharon/92rhlc64,0,6
2370000,https://www.yad2.co.il/realestate/item/center-and-sharon/evb8a705,80,3.0,0,0.032911,פתח תקווה,מחנה יהודה,,32.0812723,34.8934525,2026-09-10T16:59:42+00:00,2026-07-06 12:32:40,,,6500,https://www.yad2.co.il/realestate/item/center-and-sharon/mu5fecv6,526,1
2370000,https://www.yad2.co.il/realestate/item/center-and-sharon/kg6g3671,86,3.0,0,0.032911,פתח תקווה,מחנה יהודה,אורלנסקי,32.0798332,34.8918579,2026-09-10T16:59:42+00:00,2026-08-06 12:45:32,,,6500,https://www.yad2.co.il/realestate/item/center-and-sharon/mu5fecv6,477,1
2370000,https://www.yad2.co.il/realestate/item/center-and-sharon/npwijn1f,77,3.0,0,0.032911,פתח תקווה,מחנה יהודה,,32.0812723,34.8934525,2026-09-10T16:59:42+00:00,2026-06-16 13:21:30,,,6500,https://www.yad2.co.il/realestate/item/center-and-sharon/mu5fecv6,526,1
2498000,https://www.yad2.co.il/realestate/item/center-and-sharon/k2spta83,114,5.0,55,0.032906,פתח תקווה,המרכז השקט / מרכז העיר,שמואל סלנט 68,32.0863708,34.8925421,2026-09-10T17:00:48+00:00,2026-05-03 15:11:26,,,6850,https://www.yad2.co.il/realestate/item/center-and-sharon/4y0kuspl,531,1
2480000,https://www.yad2.co.il/realestate/item/center-and-sharon/ayod4oh5,105,3.5,0,0.032903,פתח תקווה,המרכז השקט / מרכז העיר,גד מכנס 19,32.0777056,34.8873941,2026-09-10T17:00:25+00:00,2026-08-09 18:17:22,,,6800,https://www.yad2.co.il/realestate/item/center-and-sharon/7iaygaut,162,1
2500000,https://www.yad2.co.il/realestate/item/tel-aviv-area/xsmard7c,70,4.0,0,0.03288,תל אביב יפו,נווה חן,מעפילי אגוז 1,32.0548271,34.8083226,2026-09-10T17:47:00+00:00,2026-04-18 16:31:53,,,6850,https://www.yad2.co.il/realestate/item/tel-aviv-area/t1u6xs7p,461,3
2190000,https://www.yad2.co.il/realestate/item/center-and-sharon/0dweaw22,89,4.0,0,0.032877,בני ברק,קרית הרצוג,אברבנאל,32.0950979,34.8420268,2026-09-10T13:58:20+00:00,2025-11-18 20:41:29,,,6000,https://www.yad2.co.il/realestate/item/center-and-sharon/slzp03zk,328,1
2190000,https://www.yad2.co.il/realestate/item/tel-aviv-area/c5jl9zfu,58,2.0,25,0.032877,רמת גן,"שכונת יהלום, מרכז העיר ב",הרצל,32.0819823,34.8166592,2026-09-11T06:04:17+00:00,2026-04-28 11:58:59,,,6000,https://www.yad2.co.il/realestate/item/tel-aviv-area/bgw5bwno,417,1
2380000,https://www.yad2.co.il/realestate/item/tel-aviv-area/jqw4n8g2,67,3.0,70,0.032773,רמת גן,"שכונת בן גוריון, מרכז העיר ג'",יוסף הגלילי 15,32.0882183,34.8194666,2026-09-11T06:08:15+00:00,2026-08-23 15:42:22,,,6500,https://www.yad2.co.il/realestate/item/tel-aviv-area/rywujatz,473,4
2380000,https://www.yad2.co.il/realestate/item/tel-aviv-area/ycyv0e4s,69,2.5,25,0.032773,גבעתיים,פועלי הרכבת,,32.0777065,34.8179752,2026-09-10T14:00:29+00:00,2026-09-06 12:44:04,,,6500,https://www.yad2.co.il/realestate/item/tel-aviv-area/gcptw7y6,503,10
2490000,https://www.yad2.co.il/realestate/item/center-and-sharon/2mbcg7q7,112,3.5,0,0.032771,פתח תקווה,המרכז השקט / מרכז העיר,גד מכנס,32.0767336,34.8861177,2026-09-10T17:00:25+00:00,2026-08-14 09:20:21,,,6800,https://www.yad2.co.il/realestate/item/center-and-sharon/7iaygaut,0,1
2200000,https://www.yad2.co.il/realestate/item/tel-aviv-area/09nsu2yn,58,3.0,0,0.032727,תל אביב יפו,נווה שאנן,יסוד המעלה 16,32.0578114,34.7811698,2026-09-10T17:43:59+00:00,2026-02-19 15:17:51,,,6000,https://www.yad2.co.il/realestate/item/tel-aviv-area/clu3suls,143,1
2200000,https://www.yad2.co.il/realestate/item/tel-aviv-area/epsz72ym,58,2.0,100,0.032727,תל אביב יפו,נווה שאנן,ראש פינה 22,32.0589842,34.7831323,2026-09-10T17:43:59+00:00,2026-06-22 18:36:53,,,6000,https://www.yad2.co.il/realestate/item/tel-aviv-area/b0pioy5c,439,1
2200000,https://www.yad2.co.il/realestate/item/center-and-sharon/vxqc6bii,60,3.0,25,0.032727,בני ברק,הר שלום,הרב אברהם יצחק הכהן קוק 17,32.0848964,34.827605,2026-09-10T13:58:20+00:00,2026-08-30 21:51:18,,,6000,https://www.yad2.co.il/realestate/item/tel-aviv-area/1m6chmgc,274,1
2500000,https://www.yad2.co.il/realestate/item/center-and-sharon/5hjpsuph,110,4.0,0,0.03264,פתח תקווה,המרכז השקט / מרכז העיר,גד מכנס,32.0767336,34.8861177,2026-09-10T17:00:48+00:00,2026-06-25 10:50:07,,,6800,https://www.yad2.co.il/realestate/item/center-and-sharon/7iaygaut,0,3
2500000,https://www.yad2.co.il/realestate/item/tel-aviv-area/7wfhp9fm,70,2.5,55,0.03264,גבעתיים,חברת חשמל,"כ""ג",32.0618055,34.8087545,2026-09-10T14:00:29+00:00,2026-06-16 10:41:28,,,6800,https://www.yad2.co.il/realestate/item/tel-aviv-area/qeomp4xe,547,10
2500000,https://www.yad2.co.il/realestate/item/center-and-sharon/ayog3onm,115,4.5,15,0.03264,פתח תקווה,המרכז השקט / מרכז העיר,אנה פרנק 5,32.0840043,34.8808055,2026-09-10T17:00:48+00:00,2026-07-04 23:46:52,,,6800,https://www.yad2.co.il/realestate/item/center-and-sharon/rf1vnvm0,461,6
2500000,https://www.yad2.co.il/realestate/item/center-and-sharon/d95dh7ee,120,4.0,55,0.03264,פתח תקווה,כפר גנים ב,יצחק בן צבי,32.0732339,34.8859501,2026-09-10T17:00:48+00:00,2026-03-30 20:54:59,,,6800,https://www.yad2.co.il/realestate/item/center-and-sharon/7iaygaut,389,3
2390000,https://www.yad2.co.il/realestate/item/center-and-sharon/7tug67vs,97,4.0,15,0.032636,פתח תקווה,מחנה יהודה,יצחק בן דוד 19,32.0812233,34.8971805,2026-09-10T16:59:42+00:00,2026-08-14 11:01:18,,,6500,https://www.yad2.co.il/realestate/item/center-and-sharon/5qgy5xy2,294,5
2390000,https://www.yad2.co.il/realestate/item/center-and-sharon/7xker8sq,81,3.0,0,0.032636,פתח תקווה,שעריה,צבי הירש קלישר,32.0768886,34.8955403,2026-09-10T16:59:42+00:00,2023-10-05 14:41:18,,,6500,https://www.yad2.co.il/realestate/item/center-and-sharon/mu5fecv6,0,2
2390000,https://www.yad2.co.il/realestate/item/tel-aviv-area/d3vb5dt6,79,3.0,70,0.032636,רמת גן,נחלת גנים,הפודים,32.0922413,34.8189925,2026-09-11T06:09:09+00:00,2026-09-01 08:52:46,,,6500,https://www.yad2.co.il/realestate/item/tel-aviv-area/zlk99ofv,309,2
2390000,https://www.yad2.co.il/realestate/item/tel-aviv-area/njdcs14q,50,3.0,15,0.032636,תל אביב יפו,פלורנטין,אברבנאל,32.0551821,34.7669213,2026-09-10T17:45:50+00:00,2026-07-20 11:33:59,,,6500,https://www.yad2.co.il/realestate/item/tel-aviv-area/yi5u3cb4,494,1
2390000,https://www.yad2.co.il/realestate/item/tel-aviv-area/tpqrzlmm,75,3.0,15,0.032636,רמת גן,נחלת גנים,הפודים,32.0922413,34.8189925,2026-09-11T06:09:31+00:00,2025-01-20 08:36:51,,,6500,https://www.yad2.co.il/realestate/item/tel-aviv-area/zlk99ofv,309,2
2390000,https://www.yad2.co.il/realestate/item/tel-aviv-area/vcm9ovqx,75,3.0,40,0.032636,רמת גן,תל גנים,דרך בן גוריון 255,32.093343,34.822094,2026-09-11T06:09:31+00:00,2026-08-24 17:21:19,,,6500,https://www.yad2.co.il/realestate/item/tel-aviv-area/rywujatz,600,3
2300000,https://www.yad2.co.il/realestate/item/center-and-sharon/6neldcx3,80,4.0,0,0.032609,פתח תקווה,,רבי יהודה הנשיא,32.071584,34.9056354,2026-09-10T16:58:59+00:00,2026-01-05 13:44:02,,,6250,https://www.yad2.co.il/realestate/item/center-and-sharon/vfv7dly4,397,2
2300000,https://www.yad2.co.il/realestate/item/center-and-sharon/q1txfpst,91,3.5,55,0.032609,פתח תקווה,המרכז השקט / מרכז העיר,הרצל 56,32.0852837,34.8869244,2026-09-10T16:58:59+00:00,2026-09-01 21:55:22,,,6250,https://www.yad2.co.il/realestate/item/center-and-sharon/ypq4tgvr,513,2
2300000,https://www.yad2.co.il/realestate/item/center-and-sharon/rh2of001,90,4.5,0,0.032609,פתח תקווה,הדר גנים,ברלוביץ 10,32.0722273,34.9051718,2026-09-10T16:58:59+00:00,2026-02-17 16:44:00,,,6250,https://www.yad2.co.il/realestate/item/center-and-sharon/vfv7dly4,457,1
2300000,https://www.yad2.co.il/realestate/item/center-and-sharon/xjdxxgv0,80,3.5,0,0.032609,פתח תקווה,הדר גנים,יוסף רוזובסקי 9,32.0682618,34.9145785,2026-09-10T16:58:59+00:00,2026-08-23 22:30:06,,,6250,https://www.yad2.co.il/realestate/item/center-and-sharon/vfv7dly4,543,1
2429000,https://www.yad2.co.il/realestate/item/center-and-sharon/ubwzvdqn,94,4.5,0,0.032606,בני ברק,פרדס כץ,אברבנאל,32.0950979,34.8420268,2026-09-10T13:59:23+00:00,2026-07-05 21:27:51,,,6600,https://www.yad2.co.il/realestate/item/center-and-sharon/6qln2ltv,168,2
2250000,https://www.yad2.co.il/realestate/item/center-and-sharon/rou3wsag,78,3.0,25,0.032533,בני ברק,,"סמטת אז""ר",32.0905668,34.8345977,2026-09-10T13:58:42+00:00,2026-07-09 15:18:49,,,6100,https://www.yad2.co.il/realestate/item/center-and-sharon/dxxgn592,551,1
2399000,https://www.yad2.co.il/realestate/item/tel-aviv-area/7po07720,55,2.5,40,0.032514,תל אביב יפו,נווה שאנן,שיבת ציון,32.0549942,34.7783774,2026-09-10T17:45:50+00:00,2025-01-27 12:31:44,,,6500,https://www.yad2.co.il/realestate/item/tel-aviv-area/30xn3mfz,392,7
2400000,https://www.yad2.co.il/realestate/item/center-and-sharon/8f49ngdl,114,4.0,0,0.0325,בני ברק,שאר העיר,"לח""י",32.1038575,34.8301259,2026-09-10T13:59:23+00:00,2026-08-02 19:46:53,,,6500,https://www.yad2.co.il/realestate/item/center-and-sharon/92rhlc64,15,6
2400000,https://www.yad2.co.il/realestate/item/center-and-sharon/cj6vrfeb,110,4.0,0,0.0325,בני ברק,שאר העיר,"לח""י",32.1038575,34.8301259,2026-09-10T13:59:23+00:00,2026-08-06 21:02:53,,,6500,https://www.yad2.co.il/realestate/item/center-and-sharon/92rhlc64,15,7
2400000,https://www.yad2.co.il/realestate/item/center-and-sharon/nyiwqc9l,100,4.0,0,0.0325,פתח תקווה,רמת ורבר,,32.0868577,34.8736128,2026-09-10T17:00:04+00:00,2026-05-27 13:43:14,,,6500,https://www.yad2.co.il/realestate/item/center-and-sharon/oec4i11o,261,2
2400000,https://www.yad2.co.il/realestate/item/tel-aviv-area/os0dxc6q,70,3.0,55,0.0325,תל אביב יפו,קרית שלום,,32.0432907,34.7773909,2026-09-10T17:46:13+00:00,2026-02-25 19:04:47,,,6500,https://www.yad2.co.il/realestate/item/tel-aviv-area/ccecgyz0,324,7
2400000,https://www.yad2.co.il/realestate/item/center-and-sharon/q1myq9a7,114,4.0,0,0.0325,פתח תקווה,המרכז השקט / מרכז העיר,חפץ חיים,32.0833052,34.8872075,2026-09-10T17:00:04+00:00,2026-02-08 10:53:48,,,6500,https://www.yad2.co.il/realestate/item/center-and-sharon/gbkpl94n,470,2
2400000,https://www.yad2.co.il/realestate/item/tel-aviv-area/vx8l415n,72,3.0,15,0.0325,רמת גן,שכונת גפן,תלפיות,32.0865577,34.8108844,2026-09-11T06:09:52+00:00,2026-07-21 14:50:59,320,,6500,https://www.yad2.co.il/realestate/item/tel-aviv-area/6vmz2nu9,438,1
2350000,https://www.yad2.co.il/realestate/item/tel-aviv-area/ukvzzyar,67,3.0,0,0.032426,תל אביב יפו,נווה שאנן,איילת השחר,32.0584058,34.7827264,2026-09-10T17:45:29+00:00,2026-06-21 17:10:56,,,6350,https://www.yad2.co.il/realestate/item/tel-aviv-area/e0ji5kqi,155,3
2490000,https://www.yad2.co.il/realestate/item/tel-aviv-area/3h0zsvvz,70,3.0,100,0.032289,גבעתיים,גבעת הרמבם,,32.0729606,34.8113279,2026-09-10T14:00:29+00:00,2026-07-19 13:59:44,,,6700,https://www.yad2.co.il/realestate/item/tel-aviv-area/sxgp586k,333,20
2490000,https://www.yad2.co.il/realestate/item/tel-aviv-area/a0twkpj0,72,2.0,0,0.032289,רמת גן,,"הרא""ה 94",32.080407,34.8253386,2026-09-11T06:11:19+00:00,2026-04-15 19:01:17,,,6700,https://www.yad2.co.il/realestate/item/tel-aviv-area/k9nfecqe,231,1
2490000,https://www.yad2.co.il/realestate/item/tel-aviv-area/jqvzz42w,97,3.5,70,0.032289,רמת גן,"מרום נווה, רמת יצחק",,32.0686867,34.8246812,2026-09-11T06:11:41+00:00,2026-05-04 16:55:12,,,6700,https://www.yad2.co.il/realestate/item/tel-aviv-area/sqja2t40,365,3
2490000,https://www.yad2.co.il/realestate/item/tel-aviv-area/k3risuxp,72,2.5,70,0.032289,גבעתיים,ארלוזורוב,רותם,32.0724573,34.8105441,2026-09-10T19:21:42+00:00,2026-08-20 13:25:22,,,6700,https://www.yad2.co.il/realestate/item/tel-aviv-area/sxgp586k,255,13
2490000,https://www.yad2.co.il/realestate/item/center-and-sharon/m6lc73ty,100,4.5,15,0.032289,בני ברק,,הרב אברהם יצחק הכהן קוק,32.0873899,34.8324376,2026-09-10T13:59:43+00:00,2025-12-31 13:05:18,,,6700,https://www.yad2.co.il/realestate/item/center-and-sharon/j1zdrl20,0,2
2490000,https://www.yad2.co.il/realestate/item/tel-aviv-area/pm9ro9jz,56,2.0,55,0.032289,גבעתיים,גבעת הרמבם,חביבה רייק,32.0692993,34.8032654,2026-09-10T14:00:29+00:00,2026-04-28 18:53:26,,,6700,https://www.yad2.co.il/realestate/item/tel-aviv-area/r9qkq74q,91,3
2490000,https://www.yad2.co.il/realestate/item/tel-aviv-area/q22o79hq,105,4.0,0,0.032289,רמת גן,נגבה,השר משה,32.0667568,34.8243809,2026-09-11T06:11:41+00:00,2026-08-03 16:38:09,,,6700,https://www.yad2.co.il/realestate/item/tel-aviv-area/sqja2t40,425,4
2420000,https://www.yad2.co.il/realestate/item/tel-aviv-area/9zw0lerc,80,4.0,25,0.032231,רמת גן,נגבה,פנחס רוטנברג,32.0642156,34.8220244,2026-09-11T06:10:14+00:00,2025-12-01 11:20:13,,,6500,https://www.yad2.co.il/realestate/item/tel-aviv-area/55s3w9vv,531,2
2350000,https://www.yad2.co.il/realestate/item/tel-aviv-area/guxcfz58,59,2.5,40,0.03217,רמת גן,"שכונת חשמונאים, מרכז העיר א",המלך ינאי,32.0831223,34.8099466,2026-09-11T06:07:54+00:00,2026-08-23 09:40:26,,,6300,https://www.yad2.co.il/realestate/item/tel-aviv-area/7yuy11yc,303,3
2500000,https://www.yad2.co.il/realestate/item/tel-aviv-area/2aoifxv2,72,4.0,15,0.03216,תל אביב יפו,"נווה ברבור, כפר שלם מערב",דרך ההגנה 140,32.053361,34.802179,2026-09-10T17:46:59+00:00,2026-08-17 16:31:45,,,6700,https://www.yad2.co.il/realestate/item/tel-aviv-area/9m2kiuic,0,2
2500000,https://www.yad2.co.il/realestate/item/center-and-sharon/w72wsvu9,85,4.0,0,0.03216,פתח תקווה,כפר גנים א,הנשיאים 3,32.0782158,34.8798067,2026-09-10T17:00:48+00:00,2026-08-05 12:24:06,,,6700,https://www.yad2.co.il/realestate/item/center-and-sharon/tbxuw4t5,548,1
2390000,https://www.yad2.co.il/realestate/item/center-and-sharon/56wixp1a,120,4.5,40,0.032134,בני ברק,הר שלום,רבי יהושע 14,32.0856515,34.8282682,2026-09-10T13:59:23+00:00,2026-07-06 14:15:19,,,6400,https://www.yad2.co.il/realestate/item/center-and-sharon/qt7smkmc,516,1
2250000,https://www.yad2.co.il/realestate/item/center-and-sharon/3xv0580z,100,4.0,0,0.032,בני ברק,נחלת שמעון,שלוש השעות,32.0974246,34.8343353,2026-09-10T13:58:20+00:00,2026-08-26 14:01:55,,,6000,https://www.yad2.co.il/realestate/item/center-and-sharon/slzp03zk,450,1
2400000,https://www.yad2.co.il/realestate/item/center-and-sharon/9qp3xd8g,100,4.0,0,0.032,פתח תקווה,תקומה / קרית חזני,זרח ברנט 14,32.0941389,34.894197,2026-09-10T17:00:04+00:00,2026-08-27 14:19:22,,,6400,https://www.yad2.co.il/realestate/item/center-and-sharon/b27emqi3,407,1
2250000,https://www.yad2.co.il/realestate/item/center-and-sharon/hph3ybor,88,3.5,15,0.032,פתח תקווה,,בנימין יהלום,32.0833992,34.8775822,2026-09-10T16:58:39+00:00,2025-02-19 17:38:27,,,6000,https://www.yad2.co.il/realestate/item/center-and-sharon/u6hiefko,512,1
2250000,https://www.yad2.co.il/realestate/item/center-and-sharon/jibukhtu,120,5.0,55,0.032,בני ברק,פרדס כץ,הרב ישראל אבו חצירא,32.094491,34.831298,2026-09-10T13:58:42+00:00,2026-06-04 16:33:43,,,6000,https://www.yad2.co.il/realestate/item/center-and-sharon/l67z2ni4,336,1
2250000,https://www.yad2.co.il/realestate/item/center-and-sharon/jjhgzt5k,100,4.0,25,0.032,בני ברק,פרדס כץ,הרב ברוט 7,32.0939092,34.8342613,2026-09-10T13:58:42+00:00,2025-05-11 14:47:48,,,6000,https://www.yad2.co.il/realestate/item/center-and-sharon/t1flt1s4,199,1
2400000,https://www.yad2.co.il/realestate/item/center-and-sharon/ln6fo2u6,90,4.0,0,0.032,פתח תקווה,מחנה יהודה,מנחם רצון 12,32.0812517,34.8962296,2026-09-10T17:00:04+00:00,2026-08-11 15:20:46,,,6400,https://www.yad2.co.il/realestate/item/center-and-sharon/jbgcnrom,180,1
2250000,https://www.yad2.co.il/realestate/item/center-and-sharon/mrz1oogx,99,4.0,0,0.032,בני ברק,נחלת שמעון,שלוש השעות,32.0974246,34.8343353,2026-09-10T13:58:42+00:00,2026-05-27 15:32:24,,,6000,https://www.yad2.co.il/realestate/item/center-and-sharon/slzp03zk,450,1
2250000,https://www.yad2.co.il/realestate/item/tel-aviv-area/r468k7e9,65,3.0,70,0.032,תל אביב יפו,"נווה עופר, תל כביר",שיק 10,32.0409925,34.7649242,2026-09-10T17:44:43+00:00,2026-09-02 09:14:09,,,6000,https://www.yad2.co.il/realestate/item/tel-aviv-area/c3r3xy6w,65,1
2290000,https://www.yad2.co.il/realestate/item/tel-aviv-area/c81zs7rk,51,2.0,55,0.031965,רמת גן,שכונת הראשונים,דב פרידמן,32.0810724,34.8017807,2026-09-11T06:06:06+00:00,2026-09-07 16:29:30,,,6100,https://www.yad2.co.il/realestate/item/tel-aviv-area/400r3pgj,544,1
2290000,https://www.yad2.co.il/realestate/item/center-and-sharon/fpgudjel,85,3.0,40,0.031965,בני ברק,מרכז העיר,רבי עקיבא,32.0859182,34.8332514,2026-09-10T13:58:42+00:00,2026-06-23 13:22:54,,,6100,https://www.yad2.co.il/realestate/item/center-and-sharon/dxxgn592,388,1
2260000,https://www.yad2.co.il/realestate/item/center-and-sharon/rubpmi3t,80,3.0,25,0.031858,בני ברק,הר שלום,דרך בן גוריון,32.0887816,34.8226774,2026-09-10T13:58:42+00:00,2025-07-16 11:30:09,,,6000,https://www.yad2.co.il/realestate/item/tel-aviv-area/2qhj2dzc,143,3
2450000,https://www.yad2.co.il/realestate/item/tel-aviv-area/2jt3lkq8,70,3.0,70,0.031837,רמת גן,עליות,"הרא""ה 121",32.0763582,34.82515,2026-09-11T06:10:14+00:00,2026-08-30 16:36:28,,,6500,https://www.yad2.co.il/realestate/item/tel-aviv-area/d1kfw6ge,593,5
2450000,https://www.yad2.co.il/realestate/item/center-and-sharon/3tagi3w6,109,4.0,0,0.031837,בני ברק,,"לח""י 39",32.1037931,34.8301377,2026-09-10T13:59:23+00:00,2026-07-08 22:59:59,,,6500,https://www.yad2.co.il/realestate/item/center-and-sharon/92rhlc64,14,7
2450000,https://www.yad2.co.il/realestate/item/tel-aviv-area/5kpm0w48,59,2.5,55,0.031837,תל אביב יפו,יד אליהו,דרך ההגנה 37,32.0568286,34.8037066,2026-09-10T17:46:13+00:00,2026-09-06 18:38:26,,,6500,https://www.yad2.co.il/realestate/item/tel-aviv-area/ggjwziw5,554,1
2450000,https://www.yad2.co.il/realestate/item/tel-aviv-area/96o3y3gy,70,3.0,55,0.031837,תל אביב יפו,שפירא,ישראל מסלנט,32.0505139,34.7814346,2026-09-10T17:46:13+00:00,2025-01-22 22:48:27,,,6500,https://www.yad2.co.il/realestate/item/tel-aviv-area/nrqwlk2z,589,1
2450000,https://www.yad2.co.il/realestate/item/tel-aviv-area/arhtd4cd,80,4.0,55,0.031837,רמת גן,רמת עמידר,"לח""י",32.0654521,34.8347907,2026-09-11T06:10:36+00:00,2026-08-23 15:59:16,,,6500,https://www.yad2.co.il/realestate/item/tel-aviv-area/k5022ij4,464,2
2450000,https://www.yad2.co.il/realestate/item/center-and-sharon/r1v4ht49,100,4.0,0,0.031837,פתח תקווה,אחדות,יוסף שפרינצק 30,32.0737592,34.8927251,2026-09-10T17:00:25+00:00,2026-08-05 07:27:52,,,6500,https://www.yad2.co.il/realestate/item/center-and-sharon/w3jzw8g0,438,1
2450000,https://www.yad2.co.il/realestate/item/tel-aviv-area/tvlub27t,67,2.5,25,0.031837,תל אביב יפו,קרית שלום,די רוסי 20,32.046353,34.782765,2026-09-10T17:46:36+00:00,2026-08-11 09:11:48,,,6500,https://www.yad2.co.il/realestate/item/tel-aviv-area/nrqwlk2z,113,2
2450000,https://www.yad2.co.il/realestate/item/center-and-sharon/x648jeu3,118,4.0,15,0.031832,פתח תקווה,המרכז השקט / מרכז העיר,מיכל לייב כץ 35,32.0748155,34.8862485,2026-09-10T17:00:25+00:00,2026-09-03 23:39:14,,,6499,https://www.yad2.co.il/realestate/item/center-and-sharon/7q5tj1um,303,2
2300000,https://www.yad2.co.il/realestate/item/center-and-sharon/59tm2xl4,70,3.0,25,0.031826,בני ברק,,,32.0873899,34.8324376,2026-09-10T13:58:42+00:00,2026-08-18 17:27:12,,,6100,https://www.yad2.co.il/realestate/item/center-and-sharon/dxxgn592,482,1
2360000,https://www.yad2.co.il/realestate/item/tel-aviv-area/0uzmrws7,100,4.0,15,0.03178,רמת גן,"נווה יהושע, ערמונים",אריה בן אליעזר 56,32.0638552,34.8329584,2026-09-11T06:08:15+00:00,2026-08-04 14:38:03,,,6250,https://www.yad2.co.il/realestate/item/tel-aviv-area/u1movk8l,320,1
2270000,https://www.yad2.co.il/realestate/item/center-and-sharon/o7fnnjtt,80,4.0,0,0.031718,בני ברק,נחלת שמעון,שלוש השעות,32.0974246,34.8343353,2026-09-10T13:58:42+00:00,2026-08-24 16:10:59,,,6000,https://www.yad2.co.il/realestate/item/center-and-sharon/slzp03zk,450,1
2460000,https://www.yad2.co.il/realestate/item/tel-aviv-area/j6b3xiqe,60,2.0,55,0.031707,גבעתיים,שינקין,שיינקין,32.074032,34.8100563,2026-09-10T14:00:29+00:00,2026-07-15 15:56:28,,,6500,https://www.yad2.co.il/realestate/item/tel-aviv-area/8fbxyepd,0,2
2500000,https://www.yad2.co.il/realestate/item/tel-aviv-area/4kf2wdw4,68,2.5,55,0.03168,גבעתיים,שינקין,שיינקין 66,32.0758399,34.8149816,2026-09-10T14:00:29+00:00,2025-01-07 14:30:30,,,6600,https://www.yad2.co.il/realestate/item/tel-aviv-area/8vx3xdxd,531,14
2500000,https://www.yad2.co.il/realestate/item/center-and-sharon/dptm3i3r,95,3.0,55,0.03168,בני ברק,הר שלום,התנאים 13,32.0848964,34.827605,2026-09-10T13:59:43+00:00,2026-09-01 06:35:24,,,6600,https://www.yad2.co.il/realestate/item/tel-aviv-area/5n2zgzoo,582,1
2350000,https://www.yad2.co.il/realestate/item/center-and-sharon/frjnecc3,100,5.0,15,0.03166,פתח תקווה,המרכז השקט / מרכז העיר,ברטנורא 5,32.0821974,34.882517,2026-09-10T16:59:21+00:00,2026-04-30 18:35:08,,,6200,https://www.yad2.co.il/realestate/item/center-and-sharon/k5e0k2ei,328,1
2280000,https://www.yad2.co.il/realestate/item/center-and-sharon/tqbfb0ca,82,3.0,0,0.031579,פתח תקווה,לב המושבה / מרכז העיר,דרך זאב ז'בוטינסקי 10,32.0871038,34.8848259,2026-09-10T16:58:39+00:00,2025-07-03 18:05:39,,,6000,https://www.yad2.co.il/realestate/item/center-and-sharon/2x3jazao,340,1
2470000,https://www.yad2.co.il/realestate/item/center-and-sharon/w5obnwru,114,4.0,0,0.031579,בני ברק,שאר העיר,"לח""י 27",32.1037931,34.8301377,2026-09-10T13:59:43+00:00,2026-08-17 22:44:56,169,,6500,https://www.yad2.co.il/realestate/item/center-and-sharon/92rhlc64,14,6
2480000,https://www.yad2.co.il/realestate/item/center-and-sharon/ft0z5ysn,150,4.0,0,0.031452,פתח תקווה,"שיכון מפ""ם",יצחק יצחקי 2,32.0767476,34.8892982,2026-09-10T17:00:25+00:00,2026-05-28 11:12:16,,,6500,https://www.yad2.co.il/realestate/item/center-and-sharon/plulxft2,543,1
2480000,https://www.yad2.co.il/realestate/item/center-and-sharon/k87hehg3,120,4.0,0,0.031452,בני ברק,שאר העיר,"לח""י",32.1038575,34.8301259,2026-09-10T13:59:43+00:00,2026-01-26 15:48:39,,,6500,https://www.yad2.co.il/realestate/item/center-and-sharon/92rhlc64,15,6
2480000,https://www.yad2.co.il/realestate/item/tel-aviv-area/ww125ulw,55,3.0,55,0.031452,תל אביב יפו,רמת הטייסים,אשרמן 37,32.0584118,34.8092785,2026-09-10T17:46:36+00:00,2026-07-07 13:17:06,,,6500,https://www.yad2.co.il/realestate/item/tel-aviv-area/ggjwziw5,0,1
2290000,https://www.yad2.co.il/realestate/item/center-and-sharon/2cdz5u3c,95,4.0,25,0.031441,פתח תקווה,שיפר,יהושע שטמפפר,32.0949396,34.8924103,2026-09-10T16:58:39+00:00,2026-05-12 19:00:21,,,6000,https://www.yad2.co.il/realestate/item/center-and-sharon/5ejlw859,223,1
2290000,https://www.yad2.co.il/realestate/item/center-and-sharon/9uqgscgc,80,4.0,25,0.031441,בני ברק,"הפועל המזרחי ג', שיכון ג'",רבי יהודה הנשיא,32.0794659,34.8312437,2026-09-10T13:58:42+00:00,2026-08-31 12:19:06,,,6000,https://www.yad2.co.il/realestate/item/center-and-sharon/3e8c75ui,457,1
2290000,https://www.yad2.co.il/realestate/item/tel-aviv-area/hkxgncvd,70,3.5,70,0.031441,רמת גן,אזור הבילויים,,32.0615854,34.8238799,2026-09-11T06:06:28+00:00,2025-10-27 14:42:44,,,6000,https://www.yad2.co.il/realestate/item/tel-aviv-area/geipfv5w,223,1
2290000,https://www.yad2.co.il/realestate/item/center-and-sharon/rcknpfxc,98,4.0,25,0.031441,בני ברק,פרדס כץ,הרב ברוט,32.0939092,34.8342613,2026-09-10T13:58:42+00:00,2026-02-10 14:51:08,,,6000,https://www.yad2.co.il/realestate/item/center-and-sharon/t1flt1s4,199,1
2290000,https://www.yad2.co.il/realestate/item/center-and-sharon/zltaveiz,80,4.0,25,0.031441,בני ברק,"הפועל המזרחי ג', שיכון ג'",רבי יהודה הנשיא 52,32.0791883,34.8310905,2026-09-10T13:58:42+00:00,2026-09-09 16:29:57,,,6000,https://www.yad2.co.il/realestate/item/center-and-sharon/3e8c75ui,456,1
2290000,https://www.yad2.co.il/realestate/item/center-and-sharon/zz6rtuy0,95,4.0,0,0.031441,בני ברק,נחלת שמעון,שלוש השעות 10,32.0974246,34.8343353,2026-09-10T13:58:42+00:00,2026-02-12 01:48:03,,,6000,https://www.yad2.co.il/realestate/item/center-and-sharon/slzp03zk,450,1
2430000,https://www.yad2.co.il/realestate/item/tel-aviv-area/12s63rff,79,3.0,0,0.031358,תל אביב יפו,נווה שאנן,עין הקורא,32.0573451,34.7824421,2026-09-10T17:46:13+00:00,2026-03-17 15:37:24,,,6350,https://www.yad2.co.il/realestate/item/tel-aviv-area/e0ji5kqi,86,2
2450000,https://www.yad2.co.il/realestate/item/tel-aviv-area/1zj01r66,90,3.0,40,0.031347,גבעתיים,חברת חשמל,מצולות ים,32.0631279,34.8061225,2026-09-10T14:00:29+00:00,2026-09-10 11:17:14,,,6400,https://www.yad2.co.il/realestate/item/tel-aviv-area/8u8114ey,494,3
2490000,https://www.yad2.co.il/realestate/item/tel-aviv-area/07e3kdp1,85,4.0,25,0.031325,רמת גן,נגבה,"החי""ל",32.0671698,34.8247459,2026-09-11T06:11:19+00:00,2026-07-22 14:59:19,,,6500,https://www.yad2.co.il/realestate/item/tel-aviv-area/55s3w9vv,307,2
2490000,https://www.yad2.co.il/realestate/item/tel-aviv-area/fgi17q3n,66,3.5,70,0.031325,רמת גן,,עוזיאל,32.0719969,34.8230143,2026-09-11T06:11:41+00:00,2026-08-06 14:41:32,,,6500,https://www.yad2.co.il/realestate/item/tel-aviv-area/55s3w9vv,342,2
2490000,https://www.yad2.co.il/realestate/item/tel-aviv-area/m6wu7uuv,55,3.0,70,0.031325,תל אביב יפו,רמת הטייסים,אשרמן 25,32.0584118,34.8092785,2026-09-10T17:46:36+00:00,2026-04-14 17:22:24,,,6500,https://www.yad2.co.il/realestate/item/tel-aviv-area/ggjwziw5,0,1
2490000,https://www.yad2.co.il/realestate/item/center-and-sharon/nfam44mx,100,4.0,0,0.031325,פתח תקווה,עין גנים,כרמלי,32.089064,34.8934858,2026-09-10T17:00:48+00:00,2026-06-30 23:41:44,,,6500,https://www.yad2.co.il/realestate/item/center-and-sharon/2ge2nhv3,487,2
2490000,https://www.yad2.co.il/realestate/item/tel-aviv-area/nziq6err,70,3.0,70,0.031325,רמת גן,עליות,"הרא""ה",32.0787796,34.825397,2026-09-11T06:11:41+00:00,2026-08-03 16:01:01,,,6500,https://www.yad2.co.il/realestate/item/tel-aviv-area/d1kfw6ge,517,6
2490000,https://www.yad2.co.il/realestate/item/center-and-sharon/pkjao6oq,108,4.0,0,0.031325,פתח תקווה,תקומה / קרית חזני,ויסוקר,32.0907629,34.8958079,2026-09-10T17:00:48+00:00,2026-08-21 00:29:17,,,6500,https://www.yad2.co.il/realestate/item/center-and-sharon/2ge2nhv3,413,2
2490000,https://www.yad2.co.il/realestate/item/tel-aviv-area/vsj5t4kh,70,3.0,70,0.031325,רמת גן,עליות,"הרא""ה",32.0787796,34.825397,2026-09-11T06:12:02+00:00,2026-08-03 15:57:46,,,6500,https://www.yad2.co.il/realestate/item/tel-aviv-area/d1kfw6ge,517,6
2490000,https://www.yad2.co.il/realestate/item/tel-aviv-area/ztiszgi0,64,2.5,25,0.031325,רמת גן,שכונת גפן,,32.0686867,34.8246812,2026-09-11T06:12:02+00:00,2026-08-19 16:56:15,,,6500,https://www.yad2.co.il/realestate/item/tel-aviv-area/p0jrmdkz,0,3
2300000,https://www.yad2.co.il/realestate/item/tel-aviv-area/jo5ywsn7,90,4.0,55,0.031304,רמת גן,שכונת הלל,"הרא""ה 71",32.0835062,34.824386,2026-09-11T06:06:49+00:00,2026-02-16 18:28:29,,,6000,https://www.yad2.co.il/realestate/item/center-and-sharon/3e8c75ui,361,3
2300000,https://www.yad2.co.il/realestate/item/center-and-sharon/u41uzott,85,4.0,0,0.031304,בני ברק,פרדס כץ,"פלמ""ח",32.0940821,34.8395847,2026-09-10T13:59:03+00:00,2026-08-02 21:53:43,,,6000,https://www.yad2.co.il/realestate/item/center-and-sharon/slzp03zk,192,1
2420000,https://www.yad2.co.il/realestate/item/tel-aviv-area/xg2a8544,65,3.0,70,0.03124,תל אביב יפו,יד אליהו,נגבה 32,32.0543827,34.7959971,2026-09-10T17:46:13+00:00,2026-03-15 14:47:02,,,6300,https://www.yad2.co.il/realestate/item/tel-aviv-area/644m4efo,554,1
2500000,https://www.yad2.co.il/realestate/item/center-and-sharon/4hc82h3h,118,4.0,0,0.0312,בני ברק,שאר העיר,"לח""י 22",32.1038411,34.8302792,2026-09-10T13:59:43+00:00,2026-07-26 10:08:00,,,6500,https://www.yad2.co.il/realestate/item/center-and-sharon/92rhlc64,0,6
2500000,https://www.yad2.co.il/realestate/item/center-and-sharon/ahc70inv,104,4.0,0,0.0312,פתח תקווה,עין גנים,"רמב""ם 1",32.0915616,34.8899111,2026-09-10T17:00:48+00:00,2026-08-13 17:41:40,,,6500,https://www.yad2.co.il/realestate/item/center-and-sharon/2ge2nhv3,333,1
2500000,https://www.yad2.co.il/realestate/item/center-and-sharon/jdhrrnts,104,4.0,0,0.0312,פתח תקווה,לב המושבה / מרכז העיר,"רמב""ם 40",32.0915616,34.8899111,2026-09-10T17:00:48+00:00,2026-08-19 18:17:36,,,6500,https://www.yad2.co.il/realestate/item/center-and-sharon/2ge2nhv3,333,1
2500000,https://www.yad2.co.il/realestate/item/center-and-sharon/oyu4zxm0,135,5.0,15,0.0312,פתח תקווה,עין גנים,רחל המשוררת 3,32.0853323,34.8946361,2026-09-10T17:00:48+00:00,2026-08-14 10:53:36,,,6500,https://www.yad2.co.il/realestate/item/center-and-sharon/geomhxin,229,1
2350000,https://www.yad2.co.il/realestate/item/center-and-sharon/s6ko9shz,70,3.0,25,0.031149,בני ברק,"הפועל המזרחי ד', שיכון ד'","רלב""ג",32.0854595,34.8312483,2026-09-10T13:59:03+00:00,2025-12-15 12:47:44,,,6100,https://www.yad2.co.il/realestate/item/center-and-sharon/dxxgn592,582,2
2390000,https://www.yad2.co.il/realestate/item/center-and-sharon/41dnvuun,87,3.0,0,0.03113,פתח תקווה,לב המושבה / מרכז העיר,זאב אורלוב 6,32.0934959,34.8816452,2026-09-10T16:59:42+00:00,2026-09-10 12:20:53,,,6200,https://www.yad2.co.il/realestate/item/center-and-sharon/z8i4k6z0,291,1
2450000,https://www.yad2.co.il/realestate/item/tel-aviv-area/nuppcfmy,60,3.0,0,0.031102,תל אביב יפו,נווה שאנן,פין,32.058348,34.7797947,2026-09-10T17:46:36+00:00,2025-01-13 13:11:51,,,6350,https://www.yad2.co.il/realestate/item/tel-aviv-area/e0ji5kqi,193,3
2465000,https://www.yad2.co.il/realestate/item/tel-aviv-area/owxulth5,70,2.0,55,0.030669,גבעתיים,פועלי הרכבת,,32.0777065,34.8179752,2026-09-10T14:00:29+00:00,2026-08-04 09:43:58,,,6300,https://www.yad2.co.il/realestate/item/tel-aviv-area/t0uss8xy,229,3
2465000,https://www.yad2.co.il/realestate/item/tel-aviv-area/uowgkcmf,70,2.0,55,0.030669,גבעתיים,פועלי הרכבת,כצנלסון,32.0760605,34.8163463,2026-09-10T14:00:29+00:00,2026-08-04 09:40:14,,,6300,https://www.yad2.co.il/realestate/item/tel-aviv-area/t0uss8xy,15,3
2350000,https://www.yad2.co.il/realestate/item/tel-aviv-area/0hem97fu,72,3.0,15,0.030638,תל אביב יפו,"נווה עופר, תל כביר",אוהלי יעקב 6,32.039137,34.766814,2026-09-10T17:45:05+00:00,2026-08-18 13:40:44,,,6000,https://www.yad2.co.il/realestate/item/tel-aviv-area/4c9qoq6s,0,1
2350000,https://www.yad2.co.il/realestate/item/tel-aviv-area/3m8fn8bq,60,3.0,100,0.030638,רמת גן,שכונת הלל,"רד""ק",32.0840141,34.8241112,2026-09-11T06:07:32+00:00,2025-11-30 16:01:24,,,6000,https://www.yad2.co.il/realestate/item/tel-aviv-area/1m6chmgc,80,4
2350000,https://www.yad2.co.il/realestate/item/tel-aviv-area/avrj8ldt,60,2.5,55,0.030638,רמת גן,חרוזים,רחובות הנהר,32.0903014,34.8060131,2026-09-11T06:07:32+00:00,2026-07-06 13:21:26,,,6000,https://www.yad2.co.il/realestate/item/tel-aviv-area/xph80imw,396,1
2350000,https://www.yad2.co.il/realestate/item/tel-aviv-area/rzb6k8fd,65,2.0,55,0.030638,רמת גן,"שכונת בן גוריון, מרכז העיר ג'",יוסף הגלילי,32.0882183,34.8194666,2026-09-11T06:07:54+00:00,2024-03-14 12:40:19,,,6000,https://www.yad2.co.il/realestate/item/tel-aviv-area/bgw5bwno,460,1
2350000,https://www.yad2.co.il/realestate/item/tel-aviv-area/ylampk7i,65,3.0,55,0.030638,תל אביב יפו,"נווה עופר, תל כביר",מנחם ארבר 8,32.0430002,34.7671703,2026-09-10T17:45:29+00:00,2026-06-28 15:53:35,,,6000,https://www.yad2.co.il/realestate/item/tel-aviv-area/c3r3xy6w,373,1
2450000,https://www.yad2.co.il/realestate/item/center-and-sharon/rtdb1w6x,92,4.0,0,0.030612,פתח תקווה,הדר גנים,דרך מנחם בגין 56,32.072419,34.9074883,2026-09-10T17:00:25+00:00,2026-04-10 18:25:41,,,6250,https://www.yad2.co.il/realestate/item/center-and-sharon/vfv7dly4,269,2
2370000,https://www.yad2.co.il/realestate/item/tel-aviv-area/p9g0iwnh,74,3.0,15,0.03038,תל אביב יפו,"נווה עופר, תל כביר",אוהלי יעקב,32.039137,34.766814,2026-09-10T17:45:29+00:00,2025-12-31 12:46:33,,,6000,https://www.yad2.co.il/realestate/item/tel-aviv-area/4c9qoq6s,0,1
2450000,https://www.yad2.co.il/realestate/item/center-and-sharon/4x7jujaj,96,3.0,0,0.030367,פתח תקווה,קרול,יהודה לייב פינסקר 99,32.0971908,34.8814469,2026-09-10T17:00:25+00:00,2026-08-26 21:16:55,,,6200,https://www.yad2.co.il/realestate/item/center-and-sharon/z8i4k6z0,584,1
2490000,https://www.yad2.co.il/realestate/item/center-and-sharon/5dfklkm8,80,4.0,25,0.030361,בני ברק,"הפועל המזרחי ג', שיכון ג'",בן שטח,32.0785628,34.8305138,2026-09-10T13:59:43+00:00,2026-09-03 12:46:10,,,6300,https://www.yad2.co.il/realestate/item/tel-aviv-area/yaun44b7,560,2
2490000,https://www.yad2.co.il/realestate/item/center-and-sharon/anwewzpo,105,4.0,40,0.030361,פתח תקווה,כפר גנים ב,יעקב זרובבל,32.0706324,34.8855056,2026-09-10T17:00:25+00:00,2026-08-19 15:49:00,,,6300,https://www.yad2.co.il/realestate/item/center-and-sharon/hbfaunf3,470,1
2380000,https://www.yad2.co.il/realestate/item/tel-aviv-area/ro8f2lzu,90,3.5,15,0.030252,רמת גן,"שכונת חשמונאים, מרכז העיר א",ארלוזורוב 52,32.0791717,34.8146335,2026-09-11T06:08:15+00:00,2025-03-23 14:07:05,,,6000,https://www.yad2.co.il/realestate/item/tel-aviv-area/pk931cp2,366,1
2380000,https://www.yad2.co.il/realestate/item/tel-aviv-area/ytwg43y9,90,3.5,15,0.030252,רמת גן,"שכונת חשמונאים, מרכז העיר א",ארלוזורוב 52,32.0791717,34.8146335,2026-09-11T06:08:15+00:00,2025-02-03 10:45:04,,,6000,https://www.yad2.co.il/realestate/item/tel-aviv-area/pk931cp2,366,1
2500000,https://www.yad2.co.il/realestate/item/tel-aviv-area/8nehv01y,57,3.0,70,0.03024,רמת גן,עליות,"הרא""ה 131",32.0781862,34.8255016,2026-09-11T06:12:23+00:00,2026-06-15 11:29:48,,,6300,https://www.yad2.co.il/realestate/item/tel-aviv-area/awnxg0z3,539,2
2390000,https://www.yad2.co.il/realestate/item/center-and-sharon/m5tuzr1d,101,3.0,0,0.030126,פתח תקווה,כפר גנים א,מיכל לייב כץ,32.0734728,34.8878286,2026-09-10T17:00:04+00:00,2026-05-28 17:26:21,,,6000,https://www.yad2.co.il/realestate/item/center-and-sharon/sdeiefqj,462,1
2390000,https://www.yad2.co.il/realestate/item/tel-aviv-area/pqfg8x29,154,4.5,25,0.030126,רמת גן,,הגולן,32.0672275,34.8337219,2026-09-11T06:09:31+00:00,2026-08-04 12:49:56,288,,6000,https://www.yad2.co.il/realestate/item/tel-aviv-area/b7bm1npg,101,1
2390000,https://www.yad2.co.il/realestate/item/tel-aviv-area/rijoy3iw,88,4.5,55,0.030126,תל אביב יפו,"התקוה, בית יעקב, נווה צה""ל",דרך משה דיין 33,32.0524776,34.7903462,2026-09-10T17:45:50+00:00,2026-08-17 19:41:41,,,6000,https://www.yad2.co.il/realestate/item/tel-aviv-area/v3ig77cz,273,1
2400000,https://www.yad2.co.il/realestate/item/center-and-sharon/6pokh95i,80,3.5,0,0.03,בני ברק,"הפועל המזרחי ה', שיכון ה'","שח""ל 24",32.0913096,34.8424609,2026-09-10T13:59:23+00:00,2026-08-04 14:39:26,,,6000,https://www.yad2.co.il/realestate/item/center-and-sharon/slzp03zk,599,1
2400000,https://www.yad2.co.il/realestate/item/center-and-sharon/7qt0wens,95,4.0,0,0.03,בני ברק,,"פלמ""ח",32.0940821,34.8395847,2026-09-10T13:59:23+00:00,2026-07-12 01:20:37,,,6000,https://www.yad2.co.il/realestate/item/center-and-sharon/slzp03zk,192,1
2400000,https://www.yad2.co.il/realestate/item/tel-aviv-area/c31jr7g8,66,2.5,40,0.03,רמת גן,רמת השקמה,שלם,32.05337,34.8128447,2026-09-11T06:09:52+00:00,2026-05-12 13:24:32,,,6000,https://www.yad2.co.il/realestate/item/tel-aviv-area/4vh7fpzg,588,1
2400000,https://www.yad2.co.il/realestate/item/tel-aviv-area/jqgdhifm,56,2.5,55,0.03,תל אביב יפו,נווה שרת,רמה,32.1200963,34.8417187,2026-09-10T17:46:13+00:00,2025-10-20 12:36:52,,,6000,https://www.yad2.co.il/realestate/item/tel-aviv-area/995k9lz9,70,1
2400000,https://www.yad2.co.il/realestate/item/tel-aviv-area/yy1gnun6,70,3.0,70,0.03,רמת גן,נחלת גנים,הפודים,32.0922413,34.8189925,2026-09-11T06:09:52+00:00,2026-06-14 10:15:57,,,6000,https://www.yad2.co.il/realestate/item/tel-aviv-area/ptwyc2le,238,1
2490000,https://www.yad2.co.il/realestate/item/center-and-sharon/2wxzsuyx,82,3.0,0,0.02988,פתח תקווה,קרול,יהודה לייב פינסקר 95,32.0967354,34.8815089,2026-09-10T17:00:25+00:00,2026-07-24 12:03:46,,,6200,https://www.yad2.co.il/realestate/item/center-and-sharon/z8i4k6z0,538,1
2470000,https://www.yad2.co.il/realestate/item/tel-aviv-area/zgoggwwt,60,2.0,55,0.029636,רמת גן,שכונת הראשונים,דב פרידמן,32.0810724,34.8017807,2026-09-11T06:10:57+00:00,2026-08-03 18:00:28,,,6100,https://www.yad2.co.il/realestate/item/tel-aviv-area/400r3pgj,544,1
2450000,https://www.yad2.co.il/realestate/item/center-and-sharon/blomenh4,105,4.0,0,0.029388,בני ברק,פרדס כץ,אברבנאל,32.0950979,34.8420268,2026-09-10T13:59:23+00:00,2026-07-22 12:27:27,64,,6000,https://www.yad2.co.il/realestate/item/center-and-sharon/slzp03zk,328,1
2460000,https://www.yad2.co.il/realestate/item/tel-aviv-area/tzh60xej,80,3.0,0,0.029268,תל אביב יפו,"כפיר, נווה כפיר",דרך משה דיין,32.051417,34.8,2026-09-10T17:46:36+00:00,2025-12-16 15:23:35,,,6000,https://www.yad2.co.il/realestate/item/tel-aviv-area/s3s5qz5o,553,1
2490000,https://www.yad2.co.il/realestate/item/center-and-sharon/jfofz4n8,90,4.0,0,0.028916,בני ברק,נחלת שמעון,שלוש השעות 32,32.0974246,34.8343353,2026-09-10T13:59:43+00:00,2026-07-28 08:32:39,,,6000,https://www.yad2.co.il/realestate/item/center-and-sharon/slzp03zk,450,1
2500000,https://www.yad2.co.il/realestate/item/center-and-sharon/l189rr8d,108,4.0,0,0.0288,בני ברק,פרדס כץ,אברבנאל 119,32.0950979,34.8420268,2026-09-10T13:59:43+00:00,2026-08-26 08:47:48,117,,6000,https://www.yad2.co.il/realestate/item/center-and-sharon/slzp03zk,328,1
2500000,https://www.yad2.co.il/realestate/item/tel-aviv-area/w7321yea,60,2.5,55,0.0288,תל אביב יפו,נווה שרת,אלמגור,32.1197791,34.8427152,2026-09-10T17:46:59+00:00,2024-11-28 18:13:40,,,6000,https://www.yad2.co.il/realestate/item/tel-aviv-area/995k9lz9,119,1
